{
	"credit": "Made with Blockbench",
	"parent": "minecraft:carved_pumpkin",
	"texture_size": [32, 32],
	"textures": {
		"0": "block/allay",
		"particle": "block/allay"
	},
	"elements": [
		{
			"from": [5, 15, 6],
			"to": [10, 20, 11],
			"rotation": {"angle": 0, "axis": "y", "origin": [5, 15, 6]},
			"faces": {
				"north": {"uv": [2.5, 2.5, 5, 5], "texture": "#0"},
				"east": {"uv": [0, 2.5, 2.5, 5], "texture": "#0"},
				"south": {"uv": [7.5, 2.5, 10, 5], "texture": "#0"},
				"west": {"uv": [5, 2.5, 7.5, 5], "texture": "#0"},
				"up": {"uv": [2.5, 0, 5, 2.5], "texture": "#0"},
				"down": {"uv": [5, 0, 7.5, 2.5], "texture": "#0"}
			}
		},
		{
			"from": [6, 11, 7.5],
			"to": [9, 15, 9.5],
			"rotation": {"angle": 0, "axis": "y", "origin": [6, 11, 7]},
			"faces": {
				"north": {"uv": [1, 6, 2.5, 8], "texture": "#0"},
				"east": {"uv": [0, 6, 1, 8], "texture": "#0"},
				"south": {"uv": [3.5, 6, 5, 8], "texture": "#0"},
				"west": {"uv": [2.5, 6, 3.5, 8], "texture": "#0"},
				"up": {"uv": [1, 5, 2.5, 6], "texture": "#0"},
				"down": {"uv": [2.5, 8, 4, 9], "texture": "#0"}
			}
		},
		{
			"from": [6, 10, 7.7],
			"to": [9, 15, 9.3],
			"rotation": {"angle": 0, "axis": "y", "origin": [6, 10, 7]},
			"faces": {
				"north": {"uv": [1, 9, 2.5, 11.5], "texture": "#0"},
				"east": {"uv": [0, 9, 1, 11.5], "texture": "#0"},
				"south": {"uv": [3.5, 9, 5, 11.5], "texture": "#0"},
				"west": {"uv": [2.5, 9, 3.5, 11.5], "texture": "#0"},
				"up": {"uv": [3.5, 8, 5, 9], "texture": "#0"},
				"down": {"uv": [3.5, 8, 5, 9], "texture": "#0"}
			}
		},
		{
			"from": [7, 9, 9.5],
			"to": [7.01, 14, 17.5],
			"rotation": {"angle": -45, "axis": "y", "origin": [7, 9, 9.5]},
			"faces": {
				"north": {"uv": [14.5, 10, 16, 12.5], "texture": "#0"},
				"east": {"uv": [8, 11, 12, 13.5], "texture": "#0"},
				"south": {"uv": [14.5, 10, 16, 12.5], "texture": "#0"},
				"west": {"uv": [12, 11, 8, 13.5], "texture": "#0"},
				"up": {"uv": [3.5, 8, 5, 9], "texture": "#0"},
				"down": {"uv": [3.5, 8, 5, 9], "texture": "#0"}
			}
		},
		{
			"from": [8, 9, 9.49],
			"to": [16, 14, 9.5],
			"rotation": {"angle": -45, "axis": "y", "origin": [8, 9, 9.5]},
			"faces": {
				"north": {"uv": [8, 11, 12, 13.5], "texture": "#0"},
				"east": {"uv": [14.5, 10, 16, 12.5], "texture": "#0"},
				"south": {"uv": [12, 11, 8, 13.5], "texture": "#0"},
				"west": {"uv": [14.5, 10, 16, 12.5], "texture": "#0"},
				"up": {"uv": [3.5, 8, 5, 9], "rotation": 270, "texture": "#0"},
				"down": {"uv": [3.5, 8, 5, 9], "rotation": 90, "texture": "#0"}
			}
		},
		{
			"from": [4, 12, 7.5],
			"to": [5, 16, 9.5],
			"rotation": {"angle": -22.5, "axis": "z", "origin": [4, 12, 7]},
			"faces": {
				"north": {"uv": [12.5, 4, 13, 6], "texture": "#0"},
				"east": {"uv": [12.5, 4, 11.5, 6], "texture": "#0"},
				"south": {"uv": [13, 4, 13.5, 6], "texture": "#0"},
				"west": {"uv": [13.5, 4, 14.5, 6], "texture": "#0"},
				"up": {"uv": [12.5, 3, 13.5, 3.5], "texture": "#0"},
				"down": {"uv": [12.5, 3.5, 13.5, 4], "texture": "#0"}
			}
		},
		{
			"from": [10, 12, 7.5],
			"to": [11, 16, 9.5],
			"rotation": {"angle": 22.5, "axis": "z", "origin": [10, 12, 7]},
			"faces": {
				"north": {"uv": [12.5, 4, 13, 6], "texture": "#0"},
				"east": {"uv": [12.5, 4, 11.5, 6], "texture": "#0"},
				"south": {"uv": [13, 4, 13.5, 6], "texture": "#0"},
				"west": {"uv": [13.5, 4, 14.5, 6], "texture": "#0"},
				"up": {"uv": [12.5, 3, 13.5, 3.5], "texture": "#0"},
				"down": {"uv": [12.5, 3.5, 13.5, 4], "texture": "#0"}
			}
		}
	],
	"display": {
		"thirdperson_righthand": {
			"rotation": [68, 0, 0],
			"translation": [-5.5, -4, 9.25],
			"scale": [1.5, 1.5, 1.5]
		},
		"thirdperson_lefthand": {
			"rotation": [70, 0, 0],
			"translation": [0, 10.75, 0]
		},
		"firstperson_righthand": {
			"rotation": [-54, 10, 0],
			"translation": [1.25, 0, 0]
		},
		"firstperson_lefthand": {
			"rotation": [-66, -1, -26],
			"translation": [1.5, 0, 0]
		},
		"gui": {
			"rotation": [14, 151, 4],
			"translation": [-0.75, -5.5, 0]
		},
		"head": {
			"translation": [15, -6.25, 10],
			"scale": [2, 2, 2]
		},
		"fixed": {
			"rotation": [0, 12, 0],
			"translation": [0, -7.5, -11.5],
			"scale": [1.5, 1.5, 1.5]
		}
	},
	"groups": [
		{
			"name": "Allay",
			"origin": [8, 8, 8],
			"color": 0,
			"children": [0, 1, 2, 3, 4, 5, 6]
		}
	]
}