{
	"credit": "Made with Blockbench",
	"textures": {
		"0": "block/slime",
		"particle": "block/slime"
	},
	"elements": [
		{
			"from": [6, 0, 11],
			"to": [10, 5, 13],
			"faces": {
				"north": {"uv": [2, 0, 4, 2.5], "texture": "#0"},
				"east": {"uv": [4, 0, 5, 2.5], "texture": "#0"},
				"south": {"uv": [2, 2.5, 4, 5], "texture": "#0"},
				"west": {"uv": [5, 0, 6, 2.5], "texture": "#0"},
				"up": {"uv": [6, 4.5, 4, 3.5], "texture": "#0"},
				"down": {"uv": [6, 2.5, 4, 3.5], "texture": "#0"}
			}
		},
		{
			"from": [5, 0, 5],
			"to": [7, 2, 7],
			"faces": {
				"north": {"uv": [2, 0, 3, 1], "texture": "#0"},
				"east": {"uv": [5, 0, 6, 1], "texture": "#0"},
				"south": {"uv": [3, 0, 4, 1], "texture": "#0"},
				"west": {"uv": [4, 0, 5, 1], "texture": "#0"},
				"up": {"uv": [3, 2, 2, 1], "texture": "#0"},
				"down": {"uv": [4, 1, 3, 2], "texture": "#0"}
			}
		},
		{
			"from": [6, 7, 8],
			"to": [10, 8, 10],
			"faces": {
				"north": {"uv": [2, 2.5, 4, 3], "texture": "#0"},
				"east": {"uv": [4, 0, 5, 0.5], "texture": "#0"},
				"south": {"uv": [2, 1, 4, 1.5], "texture": "#0"},
				"west": {"uv": [2, 3, 3, 3.5], "texture": "#0"},
				"up": {"uv": [4, 1, 2, 0], "texture": "#0"},
				"down": {"uv": [4, 1.5, 2, 2.5], "texture": "#0"}
			}
		},
		{
			"from": [5, 0, 7],
			"to": [11, 7, 11],
			"faces": {
				"north": {"uv": [2, 0, 5.5, 4.5], "texture": "#0"},
				"east": {"uv": [2, 0, 4, 4.5], "texture": "#0"},
				"south": {"uv": [2, 0, 5.5, 4.5], "texture": "#0"},
				"west": {"uv": [0, 4, 2.25, 8], "texture": "#0"},
				"up": {"uv": [5.25, 6.5, 2.25, 4.5], "texture": "#0"},
				"down": {"uv": [5.25, 6, 2.25, 8], "texture": "#0"}
			}
		},
		{
			"from": [9, 0, 5],
			"to": [11, 2, 7],
			"faces": {
				"north": {"uv": [2, 1, 3, 2], "texture": "#0"},
				"east": {"uv": [2, 0, 3, 1], "texture": "#0"},
				"south": {"uv": [3, 0, 4, 1], "texture": "#0"},
				"west": {"uv": [4, 0, 5, 1], "texture": "#0"},
				"up": {"uv": [6, 1, 5, 0], "texture": "#0"},
				"down": {"uv": [4, 1, 3, 2], "texture": "#0"}
			}
		},
		{
			"from": [10, 4, 6],
			"to": [11, 6, 7],
			"faces": {
				"north": {"uv": [9, 3, 9.5, 3.75], "texture": "#0"},
				"east": {"uv": [9.5, 2.75, 9, 3.75], "texture": "#0"},
				"south": {"uv": [9, 2.75, 9.5, 3.75], "texture": "#0"},
				"west": {"uv": [9, 2.75, 9.5, 3.75], "texture": "#0"},
				"up": {"uv": [9.5, 3.75, 9, 3.25], "texture": "#0"},
				"down": {"uv": [9.5, 3, 9, 3.5], "texture": "#0"}
			}
		},
		{
			"from": [6, 4, 6],
			"to": [10, 6, 7],
			"faces": {
				"north": {"uv": [2.75, 10.25, 4.25, 11], "texture": "#0"},
				"east": {"uv": [2.75, 8.25, 3.25, 10.25], "texture": "#0"},
				"south": {"uv": [2.75, 10.25, 4.25, 11], "texture": "#0"},
				"west": {"uv": [2.75, 8.25, 3.25, 10.25], "texture": "#0"},
				"up": {"uv": [4, 8.5, 2, 8], "texture": "#0"},
				"down": {"uv": [4, 8, 2, 8.5], "texture": "#0"}
			}
		},
		{
			"from": [5, 4, 6],
			"to": [6, 6, 7],
			"faces": {
				"north": {"uv": [8.75, 2, 9.25, 3], "texture": "#0"},
				"east": {"uv": [8.75, 2.25, 9.25, 3.25], "texture": "#0"},
				"south": {"uv": [8.75, 2.25, 9.25, 3.25], "texture": "#0"},
				"west": {"uv": [8.75, 2.5, 9.25, 3.5], "texture": "#0"},
				"up": {"uv": [9.5, 3.5, 9, 3], "texture": "#0"},
				"down": {"uv": [10, 3, 9.5, 3.5], "texture": "#0"}
			}
		},
		{
			"from": [6, 3, 6],
			"to": [10, 4, 7],
			"faces": {
				"north": {"uv": [9.25, 3, 10, 3.5], "texture": "#0"},
				"east": {"uv": [9.25, 3.25, 9.75, 3.75], "texture": "#0"},
				"south": {"uv": [8.75, 3.25, 9.5, 3.5], "texture": "#0"},
				"west": {"uv": [9.25, 3.25, 9.75, 3.75], "texture": "#0"},
				"up": {"uv": [8.75, 3.25, 9.75, 3.5], "texture": "#0"},
				"down": {"uv": [9, 3.25, 10, 3.75], "texture": "#0"}
			}
		},
		{
			"from": [6, 6, 6],
			"to": [10, 7, 7],
			"faces": {
				"north": {"uv": [9, 3, 10, 3.5], "texture": "#0"},
				"east": {"uv": [8.5, 3, 9.5, 3.5], "texture": "#0"},
				"south": {"uv": [8.75, 3, 9.75, 3.5], "texture": "#0"},
				"west": {"uv": [8.75, 3.25, 9.75, 3.75], "texture": "#0"},
				"up": {"uv": [8.75, 3.25, 9.75, 3.75], "texture": "#0"},
				"down": {"uv": [8.75, 3.25, 9.25, 3.5], "texture": "#0"}
			}
		}
	],
	"display": {
		"thirdperson_righthand": {
			"translation": [0, 3.25, -2.75]
		},
		"thirdperson_lefthand": {
			"translation": [0, 3.25, -3]
		},
		"firstperson_righthand": {
			"rotation": [-180, 53.5, -180],
			"translation": [0, 6.25, 0]
		},
		"firstperson_lefthand": {
			"rotation": [-180, 29.25, 180],
			"translation": [0, 7.75, 0]
		},
		"ground": {
			"translation": [0, 4.25, 0]
		},
		"gui": {
			"rotation": [-164.5, 39.5, -180],
			"translation": [-0.25, 5.5, 0],
			"scale": [1.5, 1.5, 1.5]
		},
		"head": {
			"translation": [0, 14.5, -0.75]
		},
		"fixed": {
			"translation": [0, 6.5, -0.75],
			"scale": [1.5, 1.5, 1.5]
		}
	},
	"groups": [
		{
			"name": "group",
			"origin": [8, 8, 8],
			"color": 0,
			"children": [0, 1, 2, 3, 4]
		},
		{
			"name": "group",
			"origin": [0, 0, 0],
			"color": 0,
			"children": [5, 6, 7, 8, 9]
		}
	]
}