{
	"format_version": "1.9.0",
	"credit": "Made with Blockbench",
	"textures": {
		"0": "block/flatnet_lifepreserver",
		"1": "block/flatnet_rope",
		"particle": "block/flatnet_lifepreserver"
	},
	"elements": [
		{
			"from": [0, 2, -2],
			"to": [16, 2, 0],
			"rotation": {"angle": 0, "axis": "y", "origin": [0, 2, -4]},
			"faces": {
				"north": {"uv": [0.032, 0.032, 15.968, 0.032], "texture": "#1"},
				"east": {"uv": [0.032, 0.032, 1.968, 0.032], "texture": "#1"},
				"south": {"uv": [0.032, 0.032, 15.968, 0.032], "texture": "#1"},
				"west": {"uv": [0.032, 0.032, 1.968, 0.032], "texture": "#1"},
				"up": {"uv": [15.968, 1.968, 0.032, 0.032], "texture": "#1"},
				"down": {"uv": [15.968, 2.032, 0.032, 3.968], "texture": "#1"}
			}
		},
		{
			"from": [0, 2, 16],
			"to": [16, 2, 18],
			"rotation": {"angle": 0, "axis": "y", "origin": [0, 2, 20]},
			"faces": {
				"north": {"uv": [15.968, 0.032, 0.032, 0.032], "texture": "#1"},
				"east": {"uv": [1.968, 0.032, 0.032, 0.032], "texture": "#1"},
				"south": {"uv": [15.968, 0.032, 0.032, 0.032], "texture": "#1"},
				"west": {"uv": [1.968, 0.032, 0.032, 0.032], "texture": "#1"},
				"up": {"uv": [15.968, 0.032, 0.032, 1.968], "texture": "#1"},
				"down": {"uv": [15.968, 3.968, 0.032, 2.032], "texture": "#1"}
			}
		},
		{
			"from": [-2, 2, 0],
			"to": [0, 2, 16],
			"rotation": {"angle": 0, "axis": "y", "origin": [-1, 2, 8]},
			"faces": {
				"north": {"uv": [1.968, 0.032, 0.032, 0.032], "texture": "#1"},
				"east": {"uv": [15.968, 0.032, 0.032, 0.032], "texture": "#1"},
				"south": {"uv": [1.968, 0.032, 0.032, 0.032], "texture": "#1"},
				"west": {"uv": [15.968, 0.032, 0.032, 0.032], "texture": "#1"},
				"up": {"uv": [15.968, 0.032, 0.032, 1.968], "rotation": 90, "texture": "#1"},
				"down": {"uv": [15.968, 3.968, 0.032, 2.032], "rotation": 270, "texture": "#1"}
			}
		},
		{
			"from": [16, 2, 0],
			"to": [18, 2, 16],
			"rotation": {"angle": 0, "axis": "y", "origin": [17, 2, 8]},
			"faces": {
				"north": {"uv": [0.032, 0.032, 1.968, 0.032], "texture": "#1"},
				"east": {"uv": [0.032, 0.032, 15.968, 0.032], "texture": "#1"},
				"south": {"uv": [0.032, 0.032, 1.968, 0.032], "texture": "#1"},
				"west": {"uv": [0.032, 0.032, 15.968, 0.032], "texture": "#1"},
				"up": {"uv": [15.968, 1.968, 0.032, 0.032], "rotation": 90, "texture": "#1"},
				"down": {"uv": [15.968, 2.032, 0.032, 3.968], "rotation": 270, "texture": "#1"}
			}
		},
		{
			"from": [0, 0, 0],
			"to": [16, 4, 4],
			"faces": {
				"north": {"uv": [0.016, 0.016, 7.984, 1.984], "texture": "#0"},
				"east": {"uv": [12.016, 6.016, 13.984, 7.984], "texture": "#0"},
				"south": {"uv": [0.016, 2.016, 7.984, 3.984], "texture": "#0"},
				"west": {"uv": [8.016, 12.016, 9.984, 13.984], "texture": "#0"},
				"up": {"uv": [7.984, 5.984, 0.016, 4.016], "texture": "#0"},
				"down": {"uv": [7.984, 6.016, 0.016, 7.984], "texture": "#0"}
			}
		},
		{
			"from": [0, 0, 12],
			"to": [16, 4, 16],
			"rotation": {"angle": 0, "axis": "y", "origin": [0, 0, 16]},
			"faces": {
				"north": {"uv": [7.984, 2.016, 0.016, 3.984], "texture": "#0"},
				"east": {"uv": [13.984, 6.016, 12.016, 7.984], "texture": "#0"},
				"south": {"uv": [7.984, 0.016, 0.016, 1.984], "texture": "#0"},
				"west": {"uv": [9.984, 12.016, 8.016, 13.984], "texture": "#0"},
				"up": {"uv": [7.984, 4.016, 0.016, 5.984], "texture": "#0"},
				"down": {"uv": [7.984, 7.984, 0.016, 6.016], "texture": "#0"}
			}
		},
		{
			"from": [0, 0, 4],
			"to": [4, 4, 12],
			"rotation": {"angle": 0, "axis": "y", "origin": [2, 0, 2]},
			"faces": {
				"north": {"uv": [13.984, 10.016, 12.016, 11.984], "texture": "#0"},
				"east": {"uv": [11.984, 10.016, 8.016, 11.984], "texture": "#0"},
				"south": {"uv": [13.984, 12.016, 12.016, 13.984], "texture": "#0"},
				"west": {"uv": [7.984, 10.016, 4.016, 11.984], "texture": "#0"},
				"up": {"uv": [4.016, 15.984, 5.984, 12.016], "texture": "#0"},
				"down": {"uv": [6.016, 12.016, 7.984, 15.984], "texture": "#0"}
			}
		},
		{
			"from": [12, 0, 4],
			"to": [16, 4, 12],
			"rotation": {"angle": 0, "axis": "y", "origin": [14, 0, 2]},
			"faces": {
				"north": {"uv": [12.016, 10.016, 13.984, 11.984], "texture": "#0"},
				"east": {"uv": [4.016, 10.016, 7.984, 11.984], "texture": "#0"},
				"south": {"uv": [12.016, 12.016, 13.984, 13.984], "texture": "#0"},
				"west": {"uv": [8.016, 10.016, 11.984, 11.984], "texture": "#0"},
				"up": {"uv": [5.984, 15.984, 4.016, 12.016], "texture": "#0"},
				"down": {"uv": [7.984, 12.016, 6.016, 15.984], "texture": "#0"}
			}
		}
	],
	"display": {
		"thirdperson_righthand": {
			"rotation": [-90, 0, 0],
			"translation": [0, 0.25, -3.75],
			"scale": [0.5, 0.5, 0.5]
		},
		"thirdperson_lefthand": {
			"rotation": [-90, 0, 0],
			"translation": [0, 0.25, -3.75],
			"scale": [0.5, 0.5, 0.5]
		},
		"firstperson_righthand": {
			"rotation": [-90, 0, 0],
			"translation": [0, 0.25, -3.75],
			"scale": [0.5, 0.5, 0.5]
		},
		"firstperson_lefthand": {
			"rotation": [-90, 0, 0],
			"translation": [0, 0.25, -3.75],
			"scale": [0.5, 0.5, 0.5]
		},
		"gui": {
			"rotation": [110, 0, 30],
			"translation": [-1.75, -1.25, 0],
			"scale": [0.65, 0.65, 0.65]
		},
		"head": {
			"translation": [0, 14.25, 0]
		},
		"fixed": {
			"rotation": [-90, 0, 0],
			"translation": [0, 0, -13.75],
			"scale": [1.75, 1.75, 1.75]
		}
	},
	"groups": [
		0,
		1,
		2,
		3,
		{
			"name": "tube",
			"origin": [14, 0, 2],
			"color": 0,
			"children": [4, 5, 6, 7]
		}
	]
}