{
	"credit": "Made with Blockbench",
	"parent": "carved_pumpkin",
	"textures": {
		"0": "block/hat_texture",
		"1": "block/lense",
		"particle": "block/hat_texture"
	},
	"elements": [
		{
			"from": [1, 2, 0],
			"to": [5, 4, 0],
			"faces": {
				"north": {"uv": [0, 0, 4, 2], "texture": "#1"},
				"east": {"uv": [0, 0, 0, 3], "texture": "#1"},
				"south": {"uv": [0, 0, 4, 2], "texture": "#1"},
				"west": {"uv": [0, 0, 0, 3], "texture": "#1"},
				"up": {"uv": [0, 0, 4, 0], "texture": "#1"},
				"down": {"uv": [0, 0, 4, 0], "texture": "#1"}
			}
		},
		{
			"from": [7, 2, 0],
			"to": [11, 4, 0],
			"faces": {
				"north": {"uv": [0, 0, 4, 2], "texture": "#1"},
				"east": {"uv": [0, 0, 0, 3], "texture": "#1"},
				"south": {"uv": [0, 3, 4, 5], "texture": "#1"},
				"west": {"uv": [0, 0, 0, 3], "texture": "#1"},
				"up": {"uv": [4, 0, 0, 0], "texture": "#1"},
				"down": {"uv": [4, 0, 0, 0], "texture": "#1"}
			}
		},
		{
			"from": [0, 3, 0],
			"to": [1, 4, 10],
			"faces": {
				"north": {"uv": [0, 0, 1, 1], "texture": "#0"},
				"east": {"uv": [0, 0, 10, 1], "texture": "#0"},
				"south": {"uv": [0, 0, 1, 1], "texture": "#0"},
				"west": {"uv": [0, 0, 10, 1], "texture": "#0"},
				"up": {"uv": [0, 0, 1, 10], "texture": "#0"},
				"down": {"uv": [0, 0, 1, 10], "texture": "#0"}
			}
		},
		{
			"from": [11, 3, 0],
			"to": [12, 4, 10],
			"faces": {
				"north": {"uv": [0, 0, 1, 1], "texture": "#0"},
				"east": {"uv": [0, 0, 10, 1], "texture": "#0"},
				"south": {"uv": [0, 0, 1, 1], "texture": "#0"},
				"west": {"uv": [0, 0, 10, 1], "texture": "#0"},
				"up": {"uv": [0, 0, 1, 10], "texture": "#0"},
				"down": {"uv": [0, 0, 1, 10], "texture": "#0"}
			}
		},
		{
			"from": [1, 4, 0],
			"to": [5, 5, 1],
			"faces": {
				"north": {"uv": [0, 0, 4, 1], "texture": "#0"},
				"east": {"uv": [0, 0, 1, 1], "texture": "#0"},
				"south": {"uv": [0, 0, 4, 1], "texture": "#0"},
				"west": {"uv": [0, 0, 1, 1], "texture": "#0"},
				"up": {"uv": [0, 0, 4, 1], "texture": "#0"},
				"down": {"uv": [0, 0, 4, 1], "texture": "#0"}
			}
		},
		{
			"from": [7, 4, 0],
			"to": [11, 5, 1],
			"faces": {
				"north": {"uv": [0, 0, 4, 1], "texture": "#0"},
				"east": {"uv": [0, 0, 1, 1], "texture": "#0"},
				"south": {"uv": [0, 0, 4, 1], "texture": "#0"},
				"west": {"uv": [0, 0, 1, 1], "texture": "#0"},
				"up": {"uv": [0, 0, 4, 1], "texture": "#0"},
				"down": {"uv": [0, 0, 4, 1], "texture": "#0"}
			}
		},
		{
			"from": [5, 3, 0],
			"to": [7, 4, 1],
			"faces": {
				"north": {"uv": [0, 0, 2, 1], "texture": "#0"},
				"east": {"uv": [0, 0, 1, 1], "texture": "#0"},
				"south": {"uv": [0, 0, 2, 1], "texture": "#0"},
				"west": {"uv": [0, 0, 1, 1], "texture": "#0"},
				"up": {"uv": [0, 0, 2, 1], "texture": "#0"},
				"down": {"uv": [0, 0, 2, 1], "texture": "#0"}
			}
		}
	],
	"display": {
		"thirdperson_righthand": {
			"translation": [-0.75, 3.5, 5.75],
			"scale": [0.75, 0.75, 0.75]
		},
		"thirdperson_lefthand": {
			"translation": [-5.25, 5, 2],
			"scale": [0.75, 0.75, 0.75]
		},
		"firstperson_righthand": {
			"translation": [0, 2.25, 0]
		},
		"firstperson_lefthand": {
			"translation": [0, 2, 0]
		},
		"ground": {
			"translation": [2.5, 2.5, 2.75]
		},
		"gui": {
			"rotation": [-19.95, -40.4, -2.17],
			"translation": [0, 3.5, 0]
		},
		"head": {
			"translation": [2.5, 6.75, 3.25],
			"scale": [1.25, 1.25, 1.25]
		},
		"fixed": {
			"rotation": [-34.56, 19.68, -20],
			"translation": [4.25, 5.25, -2]
		}
	},
	"groups": [
		{
			"name": "Lense",
			"origin": [0, 0, 0],
			"color": 0,
			"children": [0, 1]
		},
		{
			"name": "frame",
			"origin": [8, 8, 8],
			"color": 0,
			"children": [2, 3, 4, 5, 6]
		}
	]
}