{
	"credit": "Made with Blockbench",
	"textures": {
		"0": "block/present",
		"particle": "block/present"
	},
	"elements": [
		{
			"from": [0, 0, 0],
			"to": [16, 16, 16],
			"faces": {
				"north": {"uv": [10.5, 4.8, 14, 8.25], "texture": "#0"},
				"east": {"uv": [14, 8.25, 10.5, 4.75], "texture": "#0"},
				"south": {"uv": [10.5, 4.8, 14, 8.25], "texture": "#0"},
				"west": {"uv": [10.5, 4.8, 14, 8.25], "texture": "#0"},
				"up": {"uv": [7, 0.125, 10.5, 3.375], "texture": "#0"},
				"down": {"uv": [7, 0.125, 10.475, 3.35], "texture": "#0"}
			}
		},
		{
			"from": [-0.5, 13, -0.5],
			"to": [16.5, 17, 16.5],
			"faces": {
				"north": {"uv": [7.1875, 3.75, 10.25, 4.5625], "texture": "#0"},
				"east": {"uv": [7.2125, 3.75, 10.3125, 4.55], "texture": "#0"},
				"south": {"uv": [7.2625, 3.75, 10.3125, 4.55], "texture": "#0"},
				"west": {"uv": [7.25, 3.75, 10.25, 4.575], "texture": "#0"},
				"up": {"uv": [7.3125, 0.25, 10.25, 3.25], "texture": "#0"},
				"down": {"uv": [7.25, 0.25, 10.25, 3.25], "texture": "#0"}
			}
		},
		{
			"from": [8, 16.5, 1],
			"to": [8, 21.5, 15],
			"faces": {
				"north": {"uv": [0, 0, 2, 2], "texture": "#0"},
				"east": {"uv": [11.25, 2.25, 14, 3.5], "texture": "#0"},
				"south": {"uv": [0, 0, 2, 2], "texture": "#0"},
				"west": {"uv": [11.25, 2.25, 14, 3.5], "texture": "#0"},
				"up": {"uv": [0, 0, 2, 2], "texture": "#0"},
				"down": {"uv": [13.5, 0, 15.5, 2], "texture": "#0"}
			}
		},
		{
			"from": [1, 16.25, 8],
			"to": [15, 21.25, 8],
			"rotation": {"angle": 0, "axis": "y", "origin": [8, 18.5, 8]},
			"faces": {
				"north": {"uv": [11.25, 2.25, 14, 3.5], "texture": "#0"},
				"east": {"uv": [0, 0, 2, 2], "texture": "#0"},
				"south": {"uv": [11.25, 2.25, 14, 3.5], "texture": "#0"},
				"west": {"uv": [0, 0.25, 2, 2], "texture": "#0"},
				"up": {"uv": [0, 0, 2, 2], "rotation": 270, "texture": "#0"},
				"down": {"uv": [13.5, 0, 15.5, 2], "rotation": 90, "texture": "#0"}
			}
		}
	],
	"display": {
		"thirdperson_righthand": {
			"translation": [0, 0.75, 0],
			"scale": [0.2, 0.2, 0.2]
		},
		"thirdperson_lefthand": {
			"scale": [0.2, 0.2, 0.2]
		},
		"firstperson_righthand": {
			"scale": [0.3, 0.3, 0.3]
		},
		"firstperson_lefthand": {
			"scale": [0.3, 0.3, 0.3]
		},
		"ground": {
			"scale": [0.5, 0.5, 0.5]
		},
		"gui": {
			"rotation": [25.08, -40.57, 0.27],
			"translation": [0.5, -0.5, 0],
			"scale": [0.6, 0.6, 0.6]
		},
		"head": {
			"translation": [0, -13.25, 0],
			"scale": [4, 4, 4]
		},
		"fixed": {
			"rotation": [-89.75, 0, 0],
			"translation": [0, 0, -31],
			"scale": [4, 4, 4]
		}
	},
	"groups": [
		0,
		1,
		{
			"name": "group",
			"origin": [0, 0, 0],
			"color": 0,
			"children": []
		},
		2,
		3
	]
}