{
	"credit": "Made with Blockbench",
	"texture_size": [32, 32],
	"textures": {
		"0": "block/texture",
		"particle": "block/texture"
	},
	"elements": [
		{
			"from": [3, 8, 1],
			"to": [12, 10, 2],
			"faces": {
				"north": {"uv": [0, 0, 4.5, 1], "texture": "#0"},
				"east": {"uv": [5, 8.5, 5.5, 9.5], "texture": "#0"},
				"south": {"uv": [0, 1, 4.5, 2], "texture": "#0"},
				"west": {"uv": [5.5, 8.5, 6, 9.5], "texture": "#0"},
				"up": {"uv": [9, 1.5, 4.5, 1], "texture": "#0"},
				"down": {"uv": [9, 1.5, 4.5, 2], "texture": "#0"}
			}
		},
		{
			"from": [11, 6, 1],
			"to": [12, 8, 2],
			"faces": {
				"north": {"uv": [6, 8.5, 6.5, 9.5], "texture": "#0"},
				"east": {"uv": [6.5, 8.5, 7, 9.5], "texture": "#0"},
				"south": {"uv": [7, 8.5, 7.5, 9.5], "texture": "#0"},
				"west": {"uv": [7.5, 8.5, 8, 9.5], "texture": "#0"},
				"up": {"uv": [9, 4, 8.5, 3.5], "texture": "#0"},
				"down": {"uv": [9.5, 3.5, 9, 4], "texture": "#0"}
			}
		},
		{
			"from": [3, 6, 1],
			"to": [4, 8, 2],
			"faces": {
				"north": {"uv": [8.5, 8, 9, 9], "texture": "#0"},
				"east": {"uv": [0, 9, 0.5, 10], "texture": "#0"},
				"south": {"uv": [0.5, 9, 1, 10], "texture": "#0"},
				"west": {"uv": [9, 1, 9.5, 2], "texture": "#0"},
				"up": {"uv": [9.5, 4.5, 9, 4], "texture": "#0"},
				"down": {"uv": [9.5, 4.5, 9, 5], "texture": "#0"}
			}
		},
		{
			"from": [5, 7, 1],
			"to": [6, 8, 2],
			"faces": {
				"north": {"uv": [9, 5, 9.5, 5.5], "texture": "#0"},
				"east": {"uv": [9, 5.5, 9.5, 6], "texture": "#0"},
				"south": {"uv": [9, 6, 9.5, 6.5], "texture": "#0"},
				"west": {"uv": [9, 6.5, 9.5, 7], "texture": "#0"},
				"up": {"uv": [9.5, 8.5, 9, 8], "texture": "#0"},
				"down": {"uv": [9, 9, 8.5, 9.5], "texture": "#0"}
			}
		},
		{
			"from": [9, 7, 1],
			"to": [10, 8, 2],
			"faces": {
				"north": {"uv": [9, 8.5, 9.5, 9], "texture": "#0"},
				"east": {"uv": [9, 9, 9.5, 9.5], "texture": "#0"},
				"south": {"uv": [1, 9.5, 1.5, 10], "texture": "#0"},
				"west": {"uv": [9.5, 1, 10, 1.5], "texture": "#0"},
				"up": {"uv": [2, 10, 1.5, 9.5], "texture": "#0"},
				"down": {"uv": [10, 1.5, 9.5, 2], "texture": "#0"}
			}
		},
		{
			"from": [6, 6, 1],
			"to": [9, 8, 2],
			"faces": {
				"north": {"uv": [2, 7, 3.5, 8], "texture": "#0"},
				"east": {"uv": [9, 2, 9.5, 3], "texture": "#0"},
				"south": {"uv": [3.5, 7, 5, 8], "texture": "#0"},
				"west": {"uv": [2.5, 9, 3, 10], "texture": "#0"},
				"up": {"uv": [3.5, 8.5, 2, 8], "texture": "#0"},
				"down": {"uv": [5, 8, 3.5, 8.5], "texture": "#0"}
			}
		},
		{
			"from": [3, 4, 1],
			"to": [12, 6, 2],
			"faces": {
				"north": {"uv": [0, 2, 4.5, 3], "texture": "#0"},
				"east": {"uv": [3, 9, 3.5, 10], "texture": "#0"},
				"south": {"uv": [0, 3, 4.5, 4], "texture": "#0"},
				"west": {"uv": [3.5, 9, 4, 10], "texture": "#0"},
				"up": {"uv": [9, 2.5, 4.5, 2], "texture": "#0"},
				"down": {"uv": [9, 2.5, 4.5, 3], "texture": "#0"}
			}
		},
		{
			"from": [4, 3, 1],
			"to": [11, 4, 2],
			"faces": {
				"north": {"uv": [2, 5.5, 5.5, 6], "texture": "#0"},
				"east": {"uv": [9.5, 2, 10, 2.5], "texture": "#0"},
				"south": {"uv": [5.5, 4, 9, 4.5], "texture": "#0"},
				"west": {"uv": [9.5, 2.5, 10, 3], "texture": "#0"},
				"up": {"uv": [9, 5, 5.5, 4.5], "texture": "#0"},
				"down": {"uv": [9, 5.5, 5.5, 6], "texture": "#0"}
			}
		},
		{
			"from": [5, 2, 1],
			"to": [10, 3, 2],
			"faces": {
				"north": {"uv": [5, 7, 7.5, 7.5], "texture": "#0"},
				"east": {"uv": [9.5, 3.5, 10, 4], "texture": "#0"},
				"south": {"uv": [5, 7.5, 7.5, 8], "texture": "#0"},
				"west": {"uv": [9.5, 4, 10, 4.5], "texture": "#0"},
				"up": {"uv": [10, 7.5, 7.5, 7], "texture": "#0"},
				"down": {"uv": [10, 7.5, 7.5, 8], "texture": "#0"}
			}
		},
		{
			"from": [12, 6, 9],
			"to": [13, 7, 12],
			"faces": {
				"north": {"uv": [9.5, 4.5, 10, 5], "texture": "#0"},
				"east": {"uv": [5, 8, 6.5, 8.5], "texture": "#0"},
				"south": {"uv": [5, 9.5, 5.5, 10], "texture": "#0"},
				"west": {"uv": [6.5, 8, 8, 8.5], "texture": "#0"},
				"up": {"uv": [8.5, 9.5, 8, 8], "texture": "#0"},
				"down": {"uv": [2.5, 8.5, 2, 10], "texture": "#0"}
			}
		},
		{
			"from": [2, 5, 11],
			"to": [13, 6, 12],
			"faces": {
				"north": {"uv": [0, 4, 5.5, 4.5], "texture": "#0"},
				"east": {"uv": [9.5, 5, 10, 5.5], "texture": "#0"},
				"south": {"uv": [0, 4.5, 5.5, 5], "texture": "#0"},
				"west": {"uv": [5.5, 9.5, 6, 10], "texture": "#0"},
				"up": {"uv": [10, 0.5, 4.5, 0], "texture": "#0"},
				"down": {"uv": [10, 0.5, 4.5, 1], "texture": "#0"}
			}
		},
		{
			"from": [2, 6, 9],
			"to": [3, 7, 12],
			"faces": {
				"north": {"uv": [9.5, 5.5, 10, 6], "texture": "#0"},
				"east": {"uv": [2.5, 8.5, 4, 9], "texture": "#0"},
				"south": {"uv": [6, 9.5, 6.5, 10], "texture": "#0"},
				"west": {"uv": [8.5, 3, 10, 3.5], "texture": "#0"},
				"up": {"uv": [4.5, 10, 4, 8.5], "texture": "#0"},
				"down": {"uv": [5, 8.5, 4.5, 10], "texture": "#0"}
			}
		},
		{
			"from": [2, 7, 1],
			"to": [3, 8, 9],
			"faces": {
				"north": {"uv": [9.5, 6, 10, 6.5], "texture": "#0"},
				"east": {"uv": [4.5, 3, 8.5, 3.5], "texture": "#0"},
				"south": {"uv": [6.5, 9.5, 7, 10], "texture": "#0"},
				"west": {"uv": [4.5, 3.5, 8.5, 4], "texture": "#0"},
				"up": {"uv": [0.5, 9, 0, 5], "texture": "#0"},
				"down": {"uv": [1, 5, 0.5, 9], "texture": "#0"}
			}
		},
		{
			"from": [12, 7, 1],
			"to": [13, 8, 9],
			"faces": {
				"north": {"uv": [9.5, 6.5, 10, 7], "texture": "#0"},
				"east": {"uv": [1, 5, 5, 5.5], "texture": "#0"},
				"south": {"uv": [7, 9.5, 7.5, 10], "texture": "#0"},
				"west": {"uv": [5, 5, 9, 5.5], "texture": "#0"},
				"up": {"uv": [1.5, 9.5, 1, 5.5], "texture": "#0"},
				"down": {"uv": [2, 5.5, 1.5, 9.5], "texture": "#0"}
			}
		},
		{
			"from": [4, 10, 1],
			"to": [11, 11, 2],
			"faces": {
				"north": {"uv": [2, 6, 5.5, 6.5], "texture": "#0"},
				"east": {"uv": [7.5, 9.5, 8, 10], "texture": "#0"},
				"south": {"uv": [5.5, 6, 9, 6.5], "texture": "#0"},
				"west": {"uv": [8, 9.5, 8.5, 10], "texture": "#0"},
				"up": {"uv": [5.5, 7, 2, 6.5], "texture": "#0"},
				"down": {"uv": [9, 6.5, 5.5, 7], "texture": "#0"}
			}
		}
	],
	"display": {
		"thirdperson_righthand": {
			"rotation": [90.25, 0, 0],
			"translation": [0.5, -6, 1.75]
		},
		"thirdperson_lefthand": {
			"rotation": [90, 0, 0],
			"translation": [-0.5, -6, 1.75]
		},
		"firstperson_righthand": {
			"rotation": [-28, 0, 0],
			"translation": [0, 1, -0.25]
		},
		"firstperson_lefthand": {
			"rotation": [-29, 0, 0],
			"translation": [0, 1.25, -0.25]
		},
		"ground": {
			"translation": [0, 2.25, 0]
		},
		"gui": {
			"rotation": [179.2, -7.52, -179.59],
			"translation": [-0.75, 1.75, 0],
			"scale": [1.5, 1.5, 1.5]
		},
		"head": {
			"translation": [0.75, 2, 2.25],
			"scale": [1.42, 1.42, 1.42]
		},
		"fixed": {
			"translation": [0.5, 1.75, 9.25],
			"scale": [1.5, 1.5, 1.5]
		}
	},
	"groups": [
		{
			"name": "group",
			"origin": [0, 0, 0],
			"color": 0,
			"children": [0, 1, 2, 3, 4, 5, 6, 7, 8, 9, 10, 11, 12, 13, 14]
		}
	]
}