{
	"format_version": "1.9.0",
	"credit": "Made with Blockbench",
	"texture_size": [64, 64],
	"textures": {
		"0": "block/mushroom_hat",
		"particle": "block/mushroom_hat"
	},
	"elements": [
		{
			"from": [0, 0, 0],
			"to": [16, 4, 16],
			"faces": {
				"north": {"uv": [4.008, 4.008, 7.992, 4.992], "texture": "#0"},
				"east": {"uv": [4.008, 5.008, 7.992, 5.992], "texture": "#0"},
				"south": {"uv": [6.008, 0.008, 9.992, 0.992], "texture": "#0"},
				"west": {"uv": [6.008, 1.008, 9.992, 1.992], "texture": "#0"},
				"up": {"uv": [3.992, 3.992, 0.008, 0.008], "texture": "#0"},
				"down": {"uv": [3.992, 4.008, 0.008, 7.992], "texture": "#0"}
			}
		},
		{
			"from": [4, 4, 4],
			"to": [12, 8, 12],
			"rotation": {"angle": 0, "axis": "y", "origin": [0, 4, 0]},
			"faces": {
				"north": {"uv": [6.008, 2.008, 7.992, 2.992], "texture": "#0"},
				"east": {"uv": [6.008, 3.008, 7.992, 3.992], "texture": "#0"},
				"south": {"uv": [4.008, 6.008, 5.992, 6.992], "texture": "#0"},
				"west": {"uv": [6.008, 6.008, 7.992, 6.992], "texture": "#0"},
				"up": {"uv": [5.992, 1.992, 4.008, 0.008], "texture": "#0"},
				"down": {"uv": [5.992, 2.008, 4.008, 3.992], "texture": "#0"}
			}
		}
	],
	"display": {
		"thirdperson_righthand": {
			"translation": [0, 0, -3.25],
			"scale": [0.55, 0.55, 0.55]
		},
		"thirdperson_lefthand": {
			"translation": [0, 0, -3.25],
			"scale": [0.55, 0.55, 0.55]
		},
		"firstperson_righthand": {
			"translation": [0, 0, -3.25],
			"scale": [0.55, 0.55, 0.55]
		},
		"firstperson_lefthand": {
			"translation": [0, 0, -3.25],
			"scale": [0.55, 0.55, 0.55]
		},
		"ground": {
			"translation": [0, 3.5, 0],
			"scale": [0.65, 0.65, 0.65]
		},
		"gui": {
			"rotation": [35, -35, 0],
			"translation": [0, 1.5, 0],
			"scale": [0.55, 0.55, 0.55]
		},
		"head": {
			"rotation": [15.25, 0, 0],
			"translation": [0, 13.25, 3],
			"scale": [1.56, 1.5, 1.5]
		},
		"fixed": {
			"rotation": [-90, 0, 0],
			"translation": [0, 0, -15],
			"scale": [2, 2, 2]
		}
	}
}