{
	"credit": "Made with Blockbench",
	"parent": "carved_pumpkin",
	"textures": {
		"0": "block/pancake",
		"1": "block/butter",
		"particle": "block/pancake"
	},
	"elements": [
		{
			"from": [6, 0, 5],
			"to": [11, 0.5, 10],
			"faces": {
				"north": {"uv": [5, 7.5, 10, 7.75], "texture": "#0"},
				"east": {"uv": [5, 4, 10, 4.375], "texture": "#0"},
				"south": {"uv": [2.5, 2, 7.5, 2.25], "texture": "#0"},
				"west": {"uv": [5, 3.5, 10, 3.75], "texture": "#0"},
				"up": {"uv": [0, 0, 5, 5], "texture": "#0"},
				"down": {"uv": [5, 0, 10, 5], "texture": "#0"}
			}
		},
		{
			"from": [5.3, 0.5, 4.6],
			"to": [10.3, 1, 9.6],
			"faces": {
				"north": {"uv": [5, 0, 10, 0.25], "texture": "#0"},
				"east": {"uv": [5, 5.5, 10, 5.875], "texture": "#0"},
				"south": {"uv": [1, 2, 6, 2.25], "texture": "#0"},
				"west": {"uv": [0, 5.5, 5, 5.75], "texture": "#0"},
				"up": {"uv": [0, 0, 5, 5], "texture": "#0"},
				"down": {"uv": [0, 0, 2.5, 2.5], "texture": "#0"}
			}
		},
		{
			"from": [5.55, 1, 5.35],
			"to": [10.55, 1.5, 10.35],
			"faces": {
				"north": {"uv": [5, 7.5, 10, 7.75], "texture": "#0"},
				"east": {"uv": [5, 3, 10, 3.375], "texture": "#0"},
				"south": {"uv": [5, 6, 10, 6.25], "texture": "#0"},
				"west": {"uv": [0, 0, 5, 0.25], "texture": "#0"},
				"up": {"uv": [0, 0, 5, 5], "texture": "#0"},
				"down": {"uv": [0, 0, 2.5, 2.5], "texture": "#0"}
			}
		},
		{
			"from": [6.05, 1.5, 5.1],
			"to": [11.05, 2, 10.1],
			"faces": {
				"north": {"uv": [5, 4, 10, 4.25], "texture": "#0"},
				"east": {"uv": [0, 7.5, 5, 7.875], "texture": "#0"},
				"south": {"uv": [2.5, 2, 7.5, 2.25], "texture": "#0"},
				"west": {"uv": [5, 3.5, 10, 3.75], "texture": "#0"},
				"up": {"uv": [0, 0, 5, 5], "texture": "#0"},
				"down": {"uv": [0, 0, 2.5, 2.5], "texture": "#0"}
			}
		},
		{
			"from": [5.3, 2, 4.85],
			"to": [10.3, 2.5, 9.85],
			"faces": {
				"north": {"uv": [5, 0, 10, 0.25], "texture": "#0"},
				"east": {"uv": [5, 4, 10, 4.375], "texture": "#0"},
				"south": {"uv": [1, 2, 6, 2.25], "texture": "#0"},
				"west": {"uv": [0, 0, 5, 0.25], "texture": "#0"},
				"up": {"uv": [0, 0, 5, 5], "texture": "#0"},
				"down": {"uv": [0, 0, 2.5, 2.5], "texture": "#0"}
			}
		},
		{
			"from": [4.8, 4.5, 4.6],
			"to": [9.8, 5, 9.6],
			"faces": {
				"north": {"uv": [5, 4, 10, 4.25], "texture": "#0"},
				"east": {"uv": [5, 5.5, 10, 5.875], "texture": "#0"},
				"south": {"uv": [2.5, 2, 7.5, 2.25], "texture": "#0"},
				"west": {"uv": [5, 3.5, 10, 3.75], "texture": "#0"},
				"up": {"uv": [0, 0, 5, 5], "texture": "#0"},
				"down": {"uv": [0, 0, 2.5, 2.5], "texture": "#0"}
			}
		},
		{
			"from": [5.55, 4, 4.85],
			"to": [10.55, 4.5, 9.85],
			"faces": {
				"north": {"uv": [5, 7.5, 10, 7.75], "texture": "#0"},
				"east": {"uv": [0, 7.5, 5, 7.875], "texture": "#0"},
				"south": {"uv": [3.5, 6, 8.5, 6.25], "texture": "#0"},
				"west": {"uv": [0, 5.5, 5, 5.75], "texture": "#0"},
				"up": {"uv": [0, 0, 5, 5], "texture": "#0"},
				"down": {"uv": [0, 0, 2.5, 2.5], "texture": "#0"}
			}
		},
		{
			"from": [5.05, 3.5, 5.1],
			"to": [10.05, 4, 10.1],
			"faces": {
				"north": {"uv": [5, 4, 10, 4.25], "texture": "#0"},
				"east": {"uv": [5, 4, 10, 4.375], "texture": "#0"},
				"south": {"uv": [3, 2, 8, 2.25], "texture": "#0"},
				"west": {"uv": [0, 0, 5, 0.25], "texture": "#0"},
				"up": {"uv": [0, 0, 5, 5], "texture": "#0"},
				"down": {"uv": [0, 0, 2.5, 2.5], "texture": "#0"}
			}
		},
		{
			"from": [4.8, 3, 4.35],
			"to": [9.8, 3.5, 9.35],
			"faces": {
				"north": {"uv": [5, 0, 10, 0.25], "texture": "#0"},
				"east": {"uv": [0, 7.5, 5, 7.875], "texture": "#0"},
				"south": {"uv": [1, 2, 6, 2.25], "texture": "#0"},
				"west": {"uv": [5, 3.5, 10, 3.75], "texture": "#0"},
				"up": {"uv": [0, 0, 5, 5], "texture": "#0"},
				"down": {"uv": [0, 0, 2.5, 2.5], "texture": "#0"}
			}
		},
		{
			"from": [5.5, 2.5, 4.75],
			"to": [10.5, 3, 9.75],
			"faces": {
				"north": {"uv": [5, 4, 10, 4.25], "texture": "#0"},
				"east": {"uv": [5, 3, 10, 3.375], "texture": "#0"},
				"south": {"uv": [5, 6, 10, 6.25], "texture": "#0"},
				"west": {"uv": [0, 5.5, 5, 5.75], "texture": "#0"},
				"up": {"uv": [0, 0, 5, 5], "texture": "#0"},
				"down": {"uv": [0, 0, 2.5, 2.5], "texture": "#0"}
			}
		},
		{
			"from": [5.3, 7, 4.85],
			"to": [10.3, 7.5, 9.85],
			"faces": {
				"north": {"uv": [4.5, 5, 10, 5.5], "texture": "#0"},
				"east": {"uv": [4.5, 0.5, 10, 1], "texture": "#0"},
				"south": {"uv": [0, 4, 5.5, 4.5], "texture": "#0"},
				"west": {"uv": [4.5, 1.5, 10, 2], "texture": "#0"},
				"up": {"uv": [5, 5, 0, 0], "texture": "#0"},
				"down": {"uv": [2.5, 2.5, 0, 5], "texture": "#0"}
			}
		},
		{
			"from": [6.05, 6.5, 5.1],
			"to": [11.05, 7, 10.1],
			"faces": {
				"north": {"uv": [4.5, 2, 10, 2.5], "texture": "#0"},
				"east": {"uv": [0, 7.5, 5, 8], "texture": "#0"},
				"south": {"uv": [4.5, 2.5, 10, 3], "texture": "#0"},
				"west": {"uv": [4.5, 3, 10, 3.5], "texture": "#0"},
				"up": {"uv": [7.5, 5, 2.5, 0], "texture": "#0"},
				"down": {"uv": [5, 2.5, 2.5, 5], "texture": "#0"}
			}
		},
		{
			"from": [5.55, 6, 5.35],
			"to": [10.55, 6.5, 10.35],
			"faces": {
				"north": {"uv": [4.5, 3.5, 10, 4], "texture": "#0"},
				"east": {"uv": [4.5, 4, 10, 4.5], "texture": "#0"},
				"south": {"uv": [2, 6, 7.5, 6.5], "texture": "#0"},
				"west": {"uv": [2, 7.5, 7.5, 8], "texture": "#0"},
				"up": {"uv": [10, 8, 5, 3], "texture": "#0"},
				"down": {"uv": [7.5, 0, 5, 2.5], "texture": "#0"}
			}
		},
		{
			"from": [5.3, 5.5, 4.6],
			"to": [10.3, 6, 9.6],
			"faces": {
				"north": {"uv": [4.5, 5, 10, 5.5], "texture": "#0"},
				"east": {"uv": [4.5, 5.5, 10, 6], "texture": "#0"},
				"south": {"uv": [4.5, 6, 10, 6.5], "texture": "#0"},
				"west": {"uv": [4.5, 6.5, 10, 7], "texture": "#0"},
				"up": {"uv": [5, 8.5, 0, 3.5], "texture": "#0"},
				"down": {"uv": [7.5, 2.5, 5, 5], "texture": "#0"}
			}
		},
		{
			"from": [6, 5, 5],
			"to": [11, 5.5, 10],
			"faces": {
				"north": {"uv": [4.5, 7, 10, 7.5], "texture": "#0"},
				"east": {"uv": [4.5, 7.5, 10, 8], "texture": "#0"},
				"south": {"uv": [0, 8, 5, 8.5], "texture": "#0"},
				"west": {"uv": [2, 8, 7.5, 8.5], "texture": "#0"},
				"up": {"uv": [5, 5, 0, 0], "texture": "#0"},
				"down": {"uv": [10, 0, 5.5, 4], "texture": "#0"}
			}
		},
		{
			"from": [7, 7, 7],
			"to": [8, 8, 8],
			"faces": {
				"north": {"uv": [0, 0, 3, 3], "texture": "#1"},
				"east": {"uv": [0, 0, 3, 3], "texture": "#1"},
				"south": {"uv": [0, 0, 3, 3], "texture": "#1"},
				"west": {"uv": [0, 0, 3, 3], "texture": "#1"},
				"up": {"uv": [3, 3, 0, 0], "texture": "#1"},
				"down": {"uv": [3, 0, 0, 3], "texture": "#1"}
			}
		}
	],
	"display": {
		"thirdperson_righthand": {
			"translation": [0, 4.75, 0]
		},
		"thirdperson_lefthand": {
			"translation": [0, 3.25, 0]
		},
		"firstperson_righthand": {
			"translation": [0, 2.25, 0]
		},
		"firstperson_lefthand": {
			"translation": [0, 2.25, 0]
		},
		"ground": {
			"translation": [0, 4.5, 0]
		},
		"gui": {
			"rotation": [17.75, 22.75, 0],
			"translation": [0.75, 7.25, 0],
			"scale": [2, 2, 2]
		},
		"head": {
			"translation": [0, 21.75, -1.5],
			"scale": [-2, 2, -2]
		},
		"fixed": {
			"rotation": [-88.5, 0, 0],
			"translation": [0, 2.5, -12],
			"scale": [1.5, 1.5, 1.5]
		}
	}
}