{
	"credit": "Made with Blockbench",
	"parent": "carved_pumpkin",
	"textures": {
		"1": "block/prideaxo",
		"2": "block/lense",
		"3": "block/hat_texture"
	},
	"elements": [
		{
			"from": [0.5, 10.25, 5],
			"to": [1.5, 11.25, 6],
			"faces": {
				"north": {"uv": [1.25, 4, 1.5, 4.25], "texture": "#1"},
				"east": {"uv": [1.25, 4, 1.5, 4.25], "texture": "#1"},
				"south": {"uv": [1.25, 4, 1.5, 4.25], "texture": "#1"},
				"west": {"uv": [1.25, 4, 1.5, 4.25], "texture": "#1"},
				"up": {"uv": [1.25, 4, 1.5, 4.25], "texture": "#1"},
				"down": {"uv": [1.25, 4, 1.5, 4.25], "texture": "#1"}
			}
		},
		{
			"from": [0.5, 9.25, 4],
			"to": [1.5, 12.25, 5],
			"faces": {
				"north": {"uv": [1.5, 3.75, 1.75, 4.5], "texture": "#1"},
				"east": {"uv": [1.5, 3.75, 1.75, 4.5], "texture": "#1"},
				"south": {"uv": [1.75, 3.75, 1.5, 4.5], "texture": "#1"},
				"west": {"uv": [1.5, 3.75, 1.75, 4.5], "texture": "#1"},
				"up": {"uv": [1.5, 3.5, 1.75, 3.75], "texture": "#1"},
				"down": {"uv": [1.5, 4.25, 1.75, 4.5], "texture": "#1"}
			}
		},
		{
			"from": [1, 12, 4.25],
			"to": [4, 13, 5.25],
			"faces": {
				"north": {"uv": [6.5, 3.75, 5.75, 4], "texture": "#1"},
				"east": {"uv": [0, 0, 1, 1], "texture": "#1"},
				"south": {"uv": [5.75, 3.75, 6.5, 4], "texture": "#1"},
				"west": {"uv": [1.5, 3.5, 1.75, 3.75], "texture": "#1"},
				"up": {"uv": [5.75, 3.75, 6.5, 4], "texture": "#1"},
				"down": {"uv": [5.75, 3.75, 6.5, 4], "texture": "#1"}
			}
		},
		{
			"from": [0.5, 10.25, 3],
			"to": [1.5, 11.25, 4],
			"faces": {
				"north": {"uv": [1.75, 4, 2, 4.25], "texture": "#1"},
				"east": {"uv": [1.75, 4, 2, 4.25], "texture": "#1"},
				"south": {"uv": [1.75, 4, 2, 4.25], "texture": "#1"},
				"west": {"uv": [1.75, 4, 2, 4.25], "texture": "#1"},
				"up": {"uv": [1.75, 4, 2, 4.25], "texture": "#1"},
				"down": {"uv": [1.75, 4, 2, 4.25], "texture": "#1"}
			}
		},
		{
			"from": [1, 12, 10.25],
			"to": [4, 13, 11.25],
			"faces": {
				"north": {"uv": [6.5, 3.75, 5.75, 4], "texture": "#1"},
				"east": {"uv": [0, 0, 1, 1], "texture": "#1"},
				"south": {"uv": [5.75, 3.75, 6.5, 4], "texture": "#1"},
				"west": {"uv": [1.5, 3.5, 1.75, 3.75], "texture": "#1"},
				"up": {"uv": [5.75, 3.75, 6.5, 4], "texture": "#1"},
				"down": {"uv": [5.75, 3.75, 6.5, 4], "texture": "#1"}
			}
		},
		{
			"from": [0.5, 9.25, 10],
			"to": [1.5, 12.25, 11],
			"faces": {
				"north": {"uv": [1.5, 3.75, 1.75, 4.5], "texture": "#1"},
				"east": {"uv": [1.5, 3.75, 1.75, 4.5], "texture": "#1"},
				"south": {"uv": [1.75, 3.75, 1.5, 4.5], "texture": "#1"},
				"west": {"uv": [1.5, 3.75, 1.75, 4.5], "texture": "#1"},
				"up": {"uv": [1.5, 3.5, 1.75, 3.75], "texture": "#1"},
				"down": {"uv": [1.5, 4.25, 1.75, 4.5], "texture": "#1"}
			}
		},
		{
			"from": [0.5, 10.25, 11],
			"to": [1.5, 11.25, 12],
			"faces": {
				"north": {"uv": [1.25, 4, 1.5, 4.25], "texture": "#1"},
				"east": {"uv": [1.25, 4, 1.5, 4.25], "texture": "#1"},
				"south": {"uv": [1.25, 4, 1.5, 4.25], "texture": "#1"},
				"west": {"uv": [1.25, 4, 1.5, 4.25], "texture": "#1"},
				"up": {"uv": [1.25, 4, 1.5, 4.25], "texture": "#1"},
				"down": {"uv": [1.25, 4, 1.5, 4.25], "texture": "#1"}
			}
		},
		{
			"from": [0.5, 10.25, 9],
			"to": [1.5, 11.25, 10],
			"faces": {
				"north": {"uv": [1.75, 4, 2, 4.25], "texture": "#1"},
				"east": {"uv": [1.75, 4, 2, 4.25], "texture": "#1"},
				"south": {"uv": [1.75, 4, 2, 4.25], "texture": "#1"},
				"west": {"uv": [1.75, 4, 2, 4.25], "texture": "#1"},
				"up": {"uv": [1.75, 4, 2, 4.25], "texture": "#1"},
				"down": {"uv": [1.75, 4, 2, 4.25], "texture": "#1"}
			}
		},
		{
			"from": [12, 12, 4.25],
			"to": [15, 13, 5.25],
			"rotation": {"angle": 0, "axis": "y", "origin": [16, 19.75, 10.5]},
			"faces": {
				"north": {"uv": [5.75, 3.75, 6.5, 4], "texture": "#1"},
				"east": {"uv": [5.75, 3.75, 6, 4], "texture": "#1"},
				"south": {"uv": [6.5, 3.75, 5.75, 4], "texture": "#1"},
				"west": {"uv": [6.25, 3.75, 6.5, 4], "texture": "#1"},
				"up": {"uv": [5.75, 3.75, 6.5, 4], "rotation": 180, "texture": "#1"},
				"down": {"uv": [5.75, 3.75, 6.5, 4], "rotation": 180, "texture": "#1"}
			}
		},
		{
			"from": [14.5, 9.25, 4],
			"to": [15.5, 12.25, 5],
			"rotation": {"angle": 0, "axis": "y", "origin": [16, 19.75, 10.5]},
			"faces": {
				"north": {"uv": [1.5, 3.75, 1.75, 4.5], "texture": "#1"},
				"east": {"uv": [1.5, 3.75, 1.75, 4.5], "texture": "#1"},
				"south": {"uv": [1.5, 3.75, 1.75, 4.5], "texture": "#1"},
				"west": {"uv": [1.5, 3.75, 1.75, 4.5], "texture": "#1"},
				"up": {"uv": [1.5, 3.75, 1.75, 4], "rotation": 180, "texture": "#1"},
				"down": {"uv": [1.5, 4.25, 1.75, 4.5], "rotation": 180, "texture": "#1"}
			}
		},
		{
			"from": [14.5, 10.25, 3],
			"to": [15.5, 11.25, 4],
			"rotation": {"angle": 0, "axis": "y", "origin": [16, 19.75, 10.5]},
			"faces": {
				"north": {"uv": [1.75, 4, 2, 4.25], "texture": "#1"},
				"east": {"uv": [1.75, 4, 2, 4.25], "texture": "#1"},
				"south": {"uv": [1.75, 4, 2, 4.25], "texture": "#1"},
				"west": {"uv": [1.75, 4, 2, 4.25], "texture": "#1"},
				"up": {"uv": [1.75, 4, 2, 4.25], "rotation": 180, "texture": "#1"},
				"down": {"uv": [1.75, 4, 2, 4.25], "rotation": 180, "texture": "#1"}
			}
		},
		{
			"from": [14.5, 10.25, 5],
			"to": [15.5, 11.25, 6],
			"rotation": {"angle": 0, "axis": "y", "origin": [16, 19.75, 10.5]},
			"faces": {
				"north": {"uv": [1.25, 4, 1.5, 4.25], "texture": "#1"},
				"east": {"uv": [1.25, 4, 1.5, 4.25], "texture": "#1"},
				"south": {"uv": [1.25, 4, 1.5, 4.25], "texture": "#1"},
				"west": {"uv": [1.25, 4, 1.5, 4.25], "texture": "#1"},
				"up": {"uv": [1.25, 4, 1.5, 4.25], "rotation": 180, "texture": "#1"},
				"down": {"uv": [1.25, 4, 1.5, 4.25], "rotation": 180, "texture": "#1"}
			}
		},
		{
			"from": [12, 12, 10.25],
			"to": [15, 13, 11.25],
			"rotation": {"angle": 0, "axis": "y", "origin": [16, 19.75, 10.5]},
			"faces": {
				"north": {"uv": [5.75, 3.75, 6.5, 4], "texture": "#1"},
				"east": {"uv": [5.75, 3.75, 6, 4], "texture": "#1"},
				"south": {"uv": [6.5, 3.75, 5.75, 4], "texture": "#1"},
				"west": {"uv": [6.25, 3.75, 6.5, 4], "texture": "#1"},
				"up": {"uv": [5.75, 3.75, 6.5, 4], "rotation": 180, "texture": "#1"},
				"down": {"uv": [5.75, 3.75, 6.5, 4], "rotation": 180, "texture": "#1"}
			}
		},
		{
			"from": [14.5, 9.25, 10],
			"to": [15.5, 12.25, 11],
			"rotation": {"angle": 0, "axis": "y", "origin": [16, 19.75, 10.5]},
			"faces": {
				"north": {"uv": [1.5, 3.75, 1.75, 4.5], "texture": "#1"},
				"east": {"uv": [1.5, 3.75, 1.75, 4.5], "texture": "#1"},
				"south": {"uv": [1.5, 3.75, 1.75, 4.5], "texture": "#1"},
				"west": {"uv": [1.5, 3.75, 1.75, 4.5], "texture": "#1"},
				"up": {"uv": [1.5, 3.75, 1.75, 4], "rotation": 180, "texture": "#1"},
				"down": {"uv": [1.5, 4.25, 1.75, 4.5], "rotation": 180, "texture": "#1"}
			}
		},
		{
			"from": [14.5, 10.25, 9],
			"to": [15.5, 11.25, 10],
			"rotation": {"angle": 0, "axis": "y", "origin": [16, 19.75, 10.5]},
			"faces": {
				"north": {"uv": [1.75, 4, 2, 4.25], "texture": "#1"},
				"east": {"uv": [1.75, 4, 2, 4.25], "texture": "#1"},
				"south": {"uv": [1.75, 4, 2, 4.25], "texture": "#1"},
				"west": {"uv": [1.75, 4, 2, 4.25], "texture": "#1"},
				"up": {"uv": [1.75, 4, 2, 4.25], "rotation": 180, "texture": "#1"},
				"down": {"uv": [1.75, 4, 2, 4.25], "rotation": 180, "texture": "#1"}
			}
		},
		{
			"from": [14.5, 10.25, 11],
			"to": [15.5, 11.25, 12],
			"rotation": {"angle": 0, "axis": "y", "origin": [16, 19.75, 10.5]},
			"faces": {
				"north": {"uv": [1.25, 4, 1.5, 4.25], "texture": "#1"},
				"east": {"uv": [1.25, 4, 1.5, 4.25], "texture": "#1"},
				"south": {"uv": [1.25, 4, 1.5, 4.25], "texture": "#1"},
				"west": {"uv": [1.25, 4, 1.5, 4.25], "texture": "#1"},
				"up": {"uv": [1.25, 4, 1.5, 4.25], "rotation": 180, "texture": "#1"},
				"down": {"uv": [1.25, 4, 1.5, 4.25], "rotation": 180, "texture": "#1"}
			}
		},
		{
			"from": [4, 11.75, 3.25],
			"to": [12, 13.75, 12.25],
			"faces": {
				"north": {"uv": [2.5, 5.25, 4.5, 6.25], "texture": "#1"},
				"east": {"uv": [0, 5.25, 2.25, 6.25], "texture": "#1"},
				"south": {"uv": [6.75, 5.25, 9, 6.25], "texture": "#1"},
				"west": {"uv": [4.5, 5.25, 6.75, 6.25], "texture": "#1"},
				"up": {"uv": [2.5, 3, 4.5, 5.25], "texture": "#1"},
				"down": {"uv": [4.5, 2.5, 6.5, 5.25], "texture": "#1"}
			}
		},
		{
			"from": [8, 12.15, 0.25],
			"to": [8, 15.15, 12.25],
			"faces": {
				"north": {"uv": [0, 0, 0, 3], "texture": "#1"},
				"east": {"uv": [2.75, 6.5, 0.5, 7.75], "texture": "#1"},
				"south": {"uv": [0, 0, 0, 3], "texture": "#1"},
				"west": {"uv": [0.5, 6.5, 2.75, 7.75], "texture": "#1"},
				"up": {"uv": [0, 0, 0, 12], "texture": "#1"},
				"down": {"uv": [0, 0, 0, 12], "texture": "#1"}
			}
		},
		{
			"from": [8, 12.65, -2.75],
			"to": [8, 14.65, 0.25],
			"faces": {
				"north": {"uv": [0, 0, 0, 2], "texture": "#1"},
				"east": {"uv": [0.75, 8.25, 1.5, 9], "texture": "#1"},
				"south": {"uv": [0, 0, 0, 2], "texture": "#1"},
				"west": {"uv": [1.5, 8.25, 0.75, 9], "texture": "#1"},
				"up": {"uv": [0, 0, 0, 3], "texture": "#1"},
				"down": {"uv": [0, 0, 0, 3], "texture": "#1"}
			}
		},
		{
			"from": [3, 10, 12.25],
			"to": [13, 15, 15.25],
			"faces": {
				"north": {"uv": [4.5, 1.5, 6.5, 2.5], "texture": "#1"},
				"east": {"uv": [3.25, 1.5, 4.5, 2.75], "texture": "#1"},
				"south": {"uv": [1.25, 1.5, 3.25, 2.75], "texture": "#1"},
				"west": {"uv": [0, 1.5, 1.25, 2.75], "texture": "#1"},
				"up": {"uv": [1.25, 0.25, 3.25, 1.5], "texture": "#1"},
				"down": {"uv": [3.25, 0.25, 5.25, 1.5], "texture": "#1"}
			}
		},
		{
			"from": [4, 15, 13],
			"to": [6, 16, 13],
			"faces": {
				"north": {"uv": [1.5, 9.75, 1, 10], "texture": "#1"},
				"east": {"uv": [0, 0, 0, 1], "texture": "#1"},
				"south": {"uv": [1, 9.75, 1.5, 10], "texture": "#1"},
				"west": {"uv": [0, 0, 0, 1], "texture": "#1"},
				"up": {"uv": [0, 0, 2, 0], "texture": "#1"},
				"down": {"uv": [0, 0, 2, 0], "texture": "#1"}
			}
		},
		{
			"from": [3, 16, 13],
			"to": [5, 17, 13],
			"faces": {
				"north": {"uv": [1.25, 9.5, 0.75, 9.75], "texture": "#1"},
				"east": {"uv": [0, 0, 0, 1], "texture": "#1"},
				"south": {"uv": [0.75, 9.5, 1.25, 9.75], "texture": "#1"},
				"west": {"uv": [0, 0, 0, 1], "texture": "#1"},
				"up": {"uv": [0, 0, 2, 0], "texture": "#1"},
				"down": {"uv": [0, 0, 2, 0], "texture": "#1"}
			}
		},
		{
			"from": [3, 17, 13],
			"to": [4, 18, 13],
			"faces": {
				"north": {"uv": [0.75, 9.25, 1, 9.5], "texture": "#1"},
				"east": {"uv": [0, 0, 0, 1], "texture": "#1"},
				"south": {"uv": [0.75, 9.25, 1, 9.5], "texture": "#1"},
				"west": {"uv": [0, 0, 0, 1], "texture": "#1"},
				"up": {"uv": [0, 0, 1, 0], "texture": "#1"},
				"down": {"uv": [0, 0, 1, 0], "texture": "#1"}
			}
		},
		{
			"from": [1, 10.75, 14.5],
			"to": [3, 11.75, 14.5],
			"faces": {
				"north": {"uv": [0.75, 11.5, 0.25, 11.75], "texture": "#1"},
				"east": {"uv": [0, 0, 0, 1], "texture": "#1"},
				"south": {"uv": [0.25, 11.5, 0.75, 11.75], "texture": "#1"},
				"west": {"uv": [0, 0, 0, 1], "texture": "#1"},
				"up": {"uv": [0, 0, 2, 0], "texture": "#1"},
				"down": {"uv": [0, 0, 2, 0], "texture": "#1"}
			}
		},
		{
			"from": [0, 11.75, 14.5],
			"to": [2, 12.75, 14.5],
			"faces": {
				"north": {"uv": [0.5, 11.25, 0, 11.5], "texture": "#1"},
				"east": {"uv": [0, 0, 0, 1], "texture": "#1"},
				"south": {"uv": [0, 11.25, 0.5, 11.5], "texture": "#1"},
				"west": {"uv": [0, 0, 0, 1], "texture": "#1"},
				"up": {"uv": [0, 0, 2, 0], "texture": "#1"},
				"down": {"uv": [0, 0, 2, 0], "texture": "#1"}
			}
		},
		{
			"from": [0, 12.75, 14.5],
			"to": [1, 13.75, 14.5],
			"faces": {
				"north": {"uv": [0, 11, 0.25, 11.25], "texture": "#1"},
				"east": {"uv": [0, 0, 0, 1], "texture": "#1"},
				"south": {"uv": [0, 11, 0.25, 11.25], "texture": "#1"},
				"west": {"uv": [0, 0, 0, 1], "texture": "#1"},
				"up": {"uv": [0, 0, 1, 0], "texture": "#1"},
				"down": {"uv": [0, 0, 1, 0], "texture": "#1"}
			}
		},
		{
			"from": [15, 12.75, 14.5],
			"to": [16, 13.75, 14.5],
			"faces": {
				"north": {"uv": [3.25, 11, 3.5, 11.25], "texture": "#1"},
				"east": {"uv": [0, 0, 0, 1], "texture": "#1"},
				"south": {"uv": [3.25, 11, 3.5, 11.25], "texture": "#1"},
				"west": {"uv": [0, 0, 0, 1], "texture": "#1"},
				"up": {"uv": [0, 0, 1, 0], "texture": "#1"},
				"down": {"uv": [0, 0, 1, 0], "texture": "#1"}
			}
		},
		{
			"from": [14, 11.75, 14.5],
			"to": [16, 12.75, 14.5],
			"faces": {
				"north": {"uv": [3.5, 11.25, 3, 11.5], "texture": "#1"},
				"east": {"uv": [0, 0, 0, 1], "texture": "#1"},
				"south": {"uv": [3, 11.25, 3.5, 11.5], "texture": "#1"},
				"west": {"uv": [0, 0, 0, 1], "texture": "#1"},
				"up": {"uv": [0, 0, 2, 0], "texture": "#1"},
				"down": {"uv": [0, 0, 2, 0], "texture": "#1"}
			}
		},
		{
			"from": [13, 10.75, 14.5],
			"to": [15, 11.75, 14.5],
			"faces": {
				"north": {"uv": [3.25, 11.5, 2.75, 11.75], "texture": "#1"},
				"east": {"uv": [0, 0, 0, 1], "texture": "#1"},
				"south": {"uv": [2.75, 11.5, 3.25, 11.75], "texture": "#1"},
				"west": {"uv": [0, 0, 0, 1], "texture": "#1"},
				"up": {"uv": [0, 0, 2, 0], "texture": "#1"},
				"down": {"uv": [0, 0, 2, 0], "texture": "#1"}
			}
		},
		{
			"from": [12, 17, 13],
			"to": [13, 18, 13],
			"faces": {
				"north": {"uv": [2.5, 9.25, 2.75, 9.5], "texture": "#1"},
				"east": {"uv": [0, 0, 0, 1], "texture": "#1"},
				"south": {"uv": [2.5, 9.25, 2.75, 9.5], "texture": "#1"},
				"west": {"uv": [0, 0, 0, 1], "texture": "#1"},
				"up": {"uv": [0, 0, 1, 0], "texture": "#1"},
				"down": {"uv": [0, 0, 1, 0], "texture": "#1"}
			}
		},
		{
			"from": [0, 15.75, 13.75],
			"to": [1, 16.75, 13.75],
			"faces": {
				"north": {"uv": [0, 10, 0.25, 10.25], "texture": "#1"},
				"east": {"uv": [0, 0, 0, 1], "texture": "#1"},
				"south": {"uv": [0, 10, 0.25, 10.25], "texture": "#1"},
				"west": {"uv": [0, 0, 0, 1], "texture": "#1"},
				"up": {"uv": [0, 0, 1, 0], "texture": "#1"},
				"down": {"uv": [0, 0, 1, 0], "texture": "#1"}
			}
		},
		{
			"from": [2, 12.75, 13.75],
			"to": [3, 13.75, 13.75],
			"faces": {
				"north": {"uv": [0.5, 10.75, 0.75, 11], "texture": "#1"},
				"east": {"uv": [0, 0, 0, 1], "texture": "#1"},
				"south": {"uv": [0.5, 10.75, 0.75, 11], "texture": "#1"},
				"west": {"uv": [0, 0, 0, 1], "texture": "#1"},
				"up": {"uv": [0, 0, 1, 0], "texture": "#1"},
				"down": {"uv": [0, 0, 1, 0], "texture": "#1"}
			}
		},
		{
			"from": [0, 14.75, 13.75],
			"to": [2, 15.75, 13.75],
			"faces": {
				"north": {"uv": [0.5, 10.25, 0, 10.5], "texture": "#1"},
				"east": {"uv": [0, 0, 0, 1], "texture": "#1"},
				"south": {"uv": [0, 10.25, 0.5, 10.5], "texture": "#1"},
				"west": {"uv": [0, 0, 0, 1], "texture": "#1"},
				"up": {"uv": [0, 0, 2, 0], "texture": "#1"},
				"down": {"uv": [0, 0, 2, 0], "texture": "#1"}
			}
		},
		{
			"from": [1, 13.75, 13.75],
			"to": [3, 14.75, 13.75],
			"faces": {
				"north": {"uv": [0.75, 10.5, 0.25, 10.75], "texture": "#1"},
				"east": {"uv": [0, 0, 0, 1], "texture": "#1"},
				"south": {"uv": [0.25, 10.5, 0.75, 10.75], "texture": "#1"},
				"west": {"uv": [0, 0, 0, 1], "texture": "#1"},
				"up": {"uv": [0, 0, 2, 0], "texture": "#1"},
				"down": {"uv": [0, 0, 2, 0], "texture": "#1"}
			}
		},
		{
			"from": [13, 13.75, 13.75],
			"to": [15, 14.75, 13.75],
			"faces": {
				"north": {"uv": [3.25, 10.5, 2.75, 10.75], "texture": "#1"},
				"east": {"uv": [0, 0, 0, 1], "texture": "#1"},
				"south": {"uv": [2.75, 10.5, 3.25, 10.75], "texture": "#1"},
				"west": {"uv": [0, 0, 0, 1], "texture": "#1"},
				"up": {"uv": [0, 0, 2, 0], "texture": "#1"},
				"down": {"uv": [0, 0, 2, 0], "texture": "#1"}
			}
		},
		{
			"from": [14, 14.75, 13.75],
			"to": [16, 15.75, 13.75],
			"faces": {
				"north": {"uv": [3.5, 10.25, 3, 10.5], "texture": "#1"},
				"east": {"uv": [0, 0, 0, 1], "texture": "#1"},
				"south": {"uv": [3, 10.25, 3.5, 10.5], "texture": "#1"},
				"west": {"uv": [0, 0, 0, 1], "texture": "#1"},
				"up": {"uv": [0, 0, 2, 0], "texture": "#1"},
				"down": {"uv": [0, 0, 2, 0], "texture": "#1"}
			}
		},
		{
			"from": [15, 15.75, 13.75],
			"to": [16, 16.75, 13.75],
			"faces": {
				"north": {"uv": [3.25, 10, 3.5, 10.25], "texture": "#1"},
				"east": {"uv": [0, 0, 0, 1], "texture": "#1"},
				"south": {"uv": [3.25, 10, 3.5, 10.25], "texture": "#1"},
				"west": {"uv": [0, 0, 0, 1], "texture": "#1"},
				"up": {"uv": [0, 0, 1, 0], "texture": "#1"},
				"down": {"uv": [0, 0, 1, 0], "texture": "#1"}
			}
		},
		{
			"from": [13, 12.75, 13.75],
			"to": [14, 13.75, 13.75],
			"faces": {
				"north": {"uv": [2.75, 10.75, 3, 11], "texture": "#1"},
				"east": {"uv": [0, 0, 0, 1], "texture": "#1"},
				"south": {"uv": [2.75, 10.75, 3, 11], "texture": "#1"},
				"west": {"uv": [0, 0, 0, 1], "texture": "#1"},
				"up": {"uv": [0, 0, 1, 0], "texture": "#1"},
				"down": {"uv": [0, 0, 1, 0], "texture": "#1"}
			}
		},
		{
			"from": [11, 16, 13],
			"to": [13, 17, 13],
			"faces": {
				"north": {"uv": [2.75, 9.5, 2.25, 9.75], "texture": "#1"},
				"east": {"uv": [0, 0, 0, 1], "texture": "#1"},
				"south": {"uv": [2.25, 9.5, 2.75, 9.75], "texture": "#1"},
				"west": {"uv": [0, 0, 0, 1], "texture": "#1"},
				"up": {"uv": [0, 0, 2, 0], "texture": "#1"},
				"down": {"uv": [0, 0, 2, 0], "texture": "#1"}
			}
		},
		{
			"from": [10, 15, 13],
			"to": [12, 16, 13],
			"faces": {
				"north": {"uv": [2.5, 9.75, 2, 10], "texture": "#1"},
				"east": {"uv": [0, 0, 0, 1], "texture": "#1"},
				"south": {"uv": [2, 9.75, 2.5, 10], "texture": "#1"},
				"west": {"uv": [0, 0, 0, 1], "texture": "#1"},
				"up": {"uv": [0, 0, 2, 0], "texture": "#1"},
				"down": {"uv": [0, 0, 2, 0], "texture": "#1"}
			}
		},
		{
			"from": [2, 11.75, 15.475],
			"to": [5, 13.25, 15.475],
			"faces": {
				"north": {"uv": [0, 0, 3, 1.5], "texture": "#2"},
				"east": {"uv": [0, 0, 0, 1.5], "texture": "#2"},
				"south": {"uv": [0, 0, 3, 1.5], "texture": "#2"},
				"west": {"uv": [0, 0, 0, 1.5], "texture": "#2"},
				"up": {"uv": [0, 0, 3, 0], "texture": "#2"},
				"down": {"uv": [0, 0, 3, 0], "texture": "#2"}
			}
		},
		{
			"from": [11, 11.75, 15.475],
			"to": [14, 13.25, 15.475],
			"faces": {
				"north": {"uv": [0, 0, 3, 1.5], "texture": "#2"},
				"east": {"uv": [0, 0, 0, 1.5], "texture": "#2"},
				"south": {"uv": [0, 0, 3, 1.5], "texture": "#2"},
				"west": {"uv": [0, 0, 0, 1.5], "texture": "#2"},
				"up": {"uv": [0, 0, 3, 0], "texture": "#2"},
				"down": {"uv": [0, 0, 3, 0], "texture": "#2"}
			}
		},
		{
			"from": [5, 12.75, 15.475],
			"to": [11, 13.25, 15.475],
			"faces": {
				"north": {"uv": [1, 0, 2, 0.5], "texture": "#3"},
				"east": {"uv": [0, 0, 0, 0.5], "texture": "#3"},
				"south": {"uv": [3, 1, 4, 1.5], "texture": "#3"},
				"west": {"uv": [0, 0, 0, 0.5], "texture": "#3"},
				"up": {"uv": [0, 0, 3, 1], "texture": "#3"},
				"down": {"uv": [0, 0, 3, 1], "texture": "#3"}
			}
		},
		{
			"from": [14, 12.75, 12.475],
			"to": [14, 13.25, 15.475],
			"rotation": {"angle": 0, "axis": "y", "origin": [14.25, 13, 13.975]},
			"faces": {
				"north": {"uv": [0, 0, 0, 0.5], "texture": "#3"},
				"east": {"uv": [3, 1, 4, 1.5], "texture": "#3"},
				"south": {"uv": [0, 0, 0, 0.5], "texture": "#3"},
				"west": {"uv": [1, 0, 2, 0.5], "texture": "#3"},
				"up": {"uv": [0, 0, 3, 1], "rotation": 270, "texture": "#3"},
				"down": {"uv": [0, 0, 3, 1], "rotation": 90, "texture": "#3"}
			}
		},
		{
			"from": [2, 12.75, 12.475],
			"to": [2, 13.25, 15.475],
			"rotation": {"angle": 0, "axis": "y", "origin": [14.25, 13, 13.975]},
			"faces": {
				"north": {"uv": [0, 0, 0, 0.5], "texture": "#3"},
				"east": {"uv": [3, 1, 4, 1.5], "texture": "#3"},
				"south": {"uv": [0, 0, 0, 0.5], "texture": "#3"},
				"west": {"uv": [1, 0, 2, 0.5], "texture": "#3"},
				"up": {"uv": [0, 0, 3, 1], "rotation": 270, "texture": "#3"},
				"down": {"uv": [0, 0, 3, 1], "rotation": 90, "texture": "#3"}
			}
		},
		{
			"from": [8, 12.9, -5],
			"to": [8, 14.4, -2.75],
			"faces": {
				"north": {"uv": [0, 0, 0, 1], "texture": "#1"},
				"east": {"uv": [7, 8.75, 5.75, 9.5], "texture": "#1"},
				"south": {"uv": [0, 0, 0, 1], "texture": "#1"},
				"west": {"uv": [5.8125, 8.8125, 6.8125, 9.4375], "texture": "#1"},
				"up": {"uv": [0, 0, 0, 3], "texture": "#1"},
				"down": {"uv": [0, 0, 0, 3], "texture": "#1"}
			}
		}
	],
	"display": {
		"thirdperson_righthand": {
			"translation": [0, -1.25, 0],
			"scale": [0.5, 0.5, 0.5]
		},
		"thirdperson_lefthand": {
			"translation": [0, -1, 0],
			"scale": [0.5, 0.5, 0.5]
		},
		"firstperson_righthand": {
			"rotation": [3, -25, 0],
			"translation": [0, 1.25, 0],
			"scale": [0.5, 0.5, 0.5]
		},
		"firstperson_lefthand": {
			"rotation": [12, -54, 6],
			"translation": [0, 1.5, 0],
			"scale": [0.5, 0.5, 0.5]
		},
		"ground": {
			"translation": [0, -5.25, 0]
		},
		"gui": {
			"rotation": [15.75, 35, -1],
			"translation": [0, -3.75, 0]
		},
		"head": {
			"rotation": [0, -180, 0],
			"translation": [0, 2.5, -1.75],
			"scale": [0.98, 0.98, 0.98]
		},
		"fixed": {
			"rotation": [-92.5, 0, 0],
			"translation": [0, 0, 2.5]
		}
	},
	"groups": [
		{
			"name": "group",
			"origin": [0, 0, 0],
			"color": 0,
			"children": [0, 1, 2, 3, 4, 5, 6, 7, 8, 9, 10, 11, 12, 13, 14, 15, 16]
		},
		{
			"name": "group",
			"origin": [8, 8, 8],
			"color": 0,
			"children": [17, 18]
		},
		{
			"name": "group",
			"origin": [0, 0, 0],
			"color": 0,
			"children": [19, 20, 21, 22, 23, 24, 25, 26, 27, 28, 29, 30, 31, 32, 33, 34, 35, 36, 37, 38, 39]
		},
		{
			"name": "group",
			"origin": [8, 8, 8],
			"color": 0,
			"children": [40, 41, 42, 43, 44]
		},
		45
	]
}