{
	"format_version": "1.9.0",
	"credit": "Made with Blockbench",
	"texture_size": [64, 64],
	"textures": {
		"0": "block/sandcastle",
		"particle": "block/sandcastle"
	},
	"elements": [
		{
			"from": [1, 0, 1],
			"to": [4, 8, 4],
			"rotation": {"angle": 0, "axis": "y", "origin": [8, 10.75, 8]},
			"faces": {
				"north": {"uv": [9.015, 7.765, 9.735, 9.735], "texture": "#0"},
				"east": {"uv": [8.265, 7.765, 8.985, 9.735], "texture": "#0"},
				"south": {"uv": [9.015, 0.015, 9.735, 1.985], "texture": "#0"},
				"west": {"uv": [9.015, 2.015, 9.735, 3.985], "texture": "#0"},
				"up": {"uv": [8.735, 11.485, 8.015, 10.765], "rotation": 90, "texture": "#0"},
				"down": {"uv": [11.485, 8.015, 10.765, 8.735], "rotation": 270, "texture": "#0"}
			}
		},
		{
			"from": [12, 0, 1],
			"to": [15, 8, 4],
			"rotation": {"angle": 0, "axis": "y", "origin": [8, 10.75, 8]},
			"faces": {
				"north": {"uv": [9.015, 2.015, 9.735, 3.985], "texture": "#0"},
				"east": {"uv": [9.015, 7.765, 9.735, 9.735], "texture": "#0"},
				"south": {"uv": [8.265, 7.765, 8.985, 9.735], "texture": "#0"},
				"west": {"uv": [9.015, 0.015, 9.735, 1.985], "texture": "#0"},
				"up": {"uv": [8.735, 11.485, 8.015, 10.765], "rotation": 180, "texture": "#0"},
				"down": {"uv": [11.485, 8.015, 10.765, 8.735], "rotation": 180, "texture": "#0"}
			}
		},
		{
			"from": [12, 0, 12],
			"to": [15, 8, 15],
			"rotation": {"angle": 0, "axis": "y", "origin": [8, 10.75, 8]},
			"faces": {
				"north": {"uv": [9.015, 0.015, 9.735, 1.985], "texture": "#0"},
				"east": {"uv": [9.015, 2.015, 9.735, 3.985], "texture": "#0"},
				"south": {"uv": [9.015, 7.765, 9.735, 9.735], "texture": "#0"},
				"west": {"uv": [8.265, 7.765, 8.985, 9.735], "texture": "#0"},
				"up": {"uv": [8.735, 11.485, 8.015, 10.765], "rotation": 270, "texture": "#0"},
				"down": {"uv": [11.485, 8.015, 10.765, 8.735], "rotation": 90, "texture": "#0"}
			}
		},
		{
			"from": [1, 0, 12],
			"to": [4, 8, 15],
			"rotation": {"angle": 0, "axis": "y", "origin": [8, 10.75, 8]},
			"faces": {
				"north": {"uv": [8.265, 7.765, 8.985, 9.735], "texture": "#0"},
				"east": {"uv": [9.015, 0.015, 9.735, 1.985], "texture": "#0"},
				"south": {"uv": [9.015, 2.015, 9.735, 3.985], "texture": "#0"},
				"west": {"uv": [9.015, 7.765, 9.735, 9.735], "texture": "#0"},
				"up": {"uv": [8.735, 11.485, 8.015, 10.765], "texture": "#0"},
				"down": {"uv": [11.485, 8.015, 10.765, 8.735], "texture": "#0"}
			}
		},
		{
			"name": "castle",
			"from": [3, 0, 3],
			"to": [13, 7, 13],
			"rotation": {"angle": 0, "axis": "y", "origin": [8, 10.75, 8]},
			"faces": {
				"north": {"uv": [6.515, 3.515, 8.985, 5.235], "texture": "#0"},
				"east": {"uv": [4.015, 5.015, 6.485, 6.735], "texture": "#0"},
				"south": {"uv": [4.015, 5.015, 6.485, 6.735], "texture": "#0"},
				"west": {"uv": [4.015, 5.015, 6.485, 6.735], "texture": "#0"},
				"up": {"uv": [6.485, 2.485, 4.015, 0.015], "rotation": 90, "texture": "#0"},
				"down": {"uv": [6.485, 2.515, 4.015, 4.985], "rotation": 270, "texture": "#0"}
			}
		},
		{
			"name": "top tower",
			"from": [6, 7, 6],
			"to": [10, 12, 10],
			"rotation": {"angle": 0, "axis": "y", "origin": [8, 10.75, 8]},
			"faces": {
				"north": {"uv": [9.765, 2.515, 10.735, 3.735], "texture": "#0"},
				"east": {"uv": [9.265, 6.015, 10.235, 7.235], "texture": "#0"},
				"south": {"uv": [9.765, 0.015, 10.735, 1.235], "texture": "#0"},
				"west": {"uv": [9.765, 1.265, 10.735, 2.485], "texture": "#0"},
				"up": {"uv": [10.735, 8.985, 9.765, 8.015], "rotation": 90, "texture": "#0"},
				"down": {"uv": [9.235, 9.765, 8.265, 10.735], "rotation": 270, "texture": "#0"}
			}
		},
		{
			"name": "top tower top",
			"from": [5, 12, 5],
			"to": [11, 12, 11],
			"rotation": {"angle": 0, "axis": "y", "origin": [8, 10.75, 8]},
			"faces": {
				"north": {"uv": [10.015, 4.515, 11.485, 4.985], "texture": "#0"},
				"east": {"uv": [9.765, 9.015, 11.235, 9.485], "texture": "#0"},
				"south": {"uv": [9.265, 9.765, 10.735, 10.235], "texture": "#0"},
				"west": {"uv": [10.015, 4.015, 11.485, 4.485], "texture": "#0"},
				"up": {"uv": [7.985, 6.735, 6.515, 5.265], "rotation": 90, "texture": "#0"},
				"down": {"uv": [5.485, 6.765, 4.015, 8.235], "rotation": 270, "texture": "#0"}
			}
		},
		{
			"name": "top tower top",
			"from": [11, 12, 5],
			"to": [11, 14, 11],
			"rotation": {"angle": 0, "axis": "y", "origin": [8, 10.75, 8]},
			"faces": {
				"north": {"uv": [10.015, 4.515, 11.485, 4.985], "texture": "#0"},
				"east": {"uv": [9.765, 9.015, 11.235, 9.485], "texture": "#0"},
				"south": {"uv": [9.265, 9.765, 10.735, 10.235], "texture": "#0"},
				"west": {"uv": [10.015, 4.015, 11.485, 4.485], "texture": "#0"},
				"up": {"uv": [7.985, 6.735, 6.515, 5.265], "rotation": 90, "texture": "#0"},
				"down": {"uv": [5.485, 6.765, 4.015, 8.235], "rotation": 270, "texture": "#0"}
			}
		},
		{
			"name": "top tower top",
			"from": [5, 12, 5],
			"to": [5, 14, 11],
			"rotation": {"angle": 0, "axis": "y", "origin": [8, 10.75, 8]},
			"faces": {
				"north": {"uv": [10.015, 4.515, 11.485, 4.985], "texture": "#0"},
				"east": {"uv": [9.765, 9.015, 11.235, 9.485], "texture": "#0"},
				"south": {"uv": [9.265, 9.765, 10.735, 10.235], "texture": "#0"},
				"west": {"uv": [10.015, 4.015, 11.485, 4.485], "texture": "#0"},
				"up": {"uv": [7.985, 6.735, 6.515, 5.265], "rotation": 90, "texture": "#0"},
				"down": {"uv": [5.485, 6.765, 4.015, 8.235], "rotation": 270, "texture": "#0"}
			}
		},
		{
			"name": "top tower top",
			"from": [5, 12, 11],
			"to": [11, 14, 11],
			"rotation": {"angle": 0, "axis": "y", "origin": [8, 10.75, 8]},
			"faces": {
				"north": {"uv": [10.015, 4.515, 11.485, 4.985], "texture": "#0"},
				"east": {"uv": [9.765, 9.015, 11.235, 9.485], "texture": "#0"},
				"south": {"uv": [9.265, 9.765, 10.735, 10.235], "texture": "#0"},
				"west": {"uv": [10.015, 4.015, 11.485, 4.485], "texture": "#0"},
				"up": {"uv": [7.985, 6.735, 6.515, 5.265], "rotation": 90, "texture": "#0"},
				"down": {"uv": [5.485, 6.765, 4.015, 8.235], "rotation": 270, "texture": "#0"}
			}
		},
		{
			"name": "top tower top",
			"from": [5, 12, 5],
			"to": [11, 14, 5],
			"rotation": {"angle": 0, "axis": "y", "origin": [8, 10.75, 8]},
			"faces": {
				"north": {"uv": [10.015, 4.515, 11.485, 4.985], "texture": "#0"},
				"east": {"uv": [9.765, 9.015, 11.235, 9.485], "texture": "#0"},
				"south": {"uv": [9.265, 9.765, 10.735, 10.235], "texture": "#0"},
				"west": {"uv": [10.015, 4.015, 11.485, 4.485], "texture": "#0"},
				"up": {"uv": [7.985, 6.735, 6.515, 5.265], "rotation": 90, "texture": "#0"},
				"down": {"uv": [5.485, 6.765, 4.015, 8.235], "rotation": 270, "texture": "#0"}
			}
		},
		{
			"from": [0, 8, 0],
			"to": [5, 8, 5],
			"rotation": {"angle": 0, "axis": "y", "origin": [8, 10.75, 8]},
			"faces": {
				"north": {"uv": [6.765, 10.515, 7.985, 10.985], "texture": "#0"},
				"east": {"uv": [10.265, 6.015, 11.485, 6.485], "texture": "#0"},
				"south": {"uv": [10.265, 6.515, 11.485, 6.985], "texture": "#0"},
				"west": {"uv": [9.265, 10.265, 10.485, 10.735], "texture": "#0"},
				"up": {"uv": [1.235, 9.235, 0.015, 8.015], "rotation": 90, "texture": "#0"},
				"down": {"uv": [2.485, 8.015, 1.265, 9.235], "rotation": 270, "texture": "#0"}
			}
		},
		{
			"from": [0, 8, 5],
			"to": [5, 10, 5],
			"rotation": {"angle": 0, "axis": "y", "origin": [8, 10.75, 8]},
			"faces": {
				"north": {"uv": [6.765, 10.515, 7.985, 10.985], "texture": "#0"},
				"east": {"uv": [10.265, 6.015, 11.485, 6.485], "texture": "#0"},
				"south": {"uv": [10.265, 6.515, 11.485, 6.985], "texture": "#0"},
				"west": {"uv": [9.265, 10.265, 10.485, 10.735], "texture": "#0"},
				"up": {"uv": [1.235, 9.235, 0.015, 8.015], "rotation": 90, "texture": "#0"},
				"down": {"uv": [2.485, 8.015, 1.265, 9.235], "rotation": 270, "texture": "#0"}
			}
		},
		{
			"from": [0, 8, 0],
			"to": [5, 10, 0],
			"rotation": {"angle": 0, "axis": "y", "origin": [8, 10.75, 8]},
			"faces": {
				"north": {"uv": [6.765, 10.515, 7.985, 10.985], "texture": "#0"},
				"east": {"uv": [10.265, 6.015, 11.485, 6.485], "texture": "#0"},
				"south": {"uv": [10.265, 6.515, 11.485, 6.985], "texture": "#0"},
				"west": {"uv": [9.265, 10.265, 10.485, 10.735], "texture": "#0"},
				"up": {"uv": [1.235, 9.235, 0.015, 8.015], "rotation": 90, "texture": "#0"},
				"down": {"uv": [2.485, 8.015, 1.265, 9.235], "rotation": 270, "texture": "#0"}
			}
		},
		{
			"from": [5, 8, 0],
			"to": [5, 10, 5],
			"rotation": {"angle": 0, "axis": "y", "origin": [8, 10.75, 8]},
			"faces": {
				"north": {"uv": [6.765, 10.515, 7.985, 10.985], "texture": "#0"},
				"east": {"uv": [10.265, 6.015, 11.485, 6.485], "texture": "#0"},
				"south": {"uv": [10.265, 6.515, 11.485, 6.985], "texture": "#0"},
				"west": {"uv": [9.265, 10.265, 10.485, 10.735], "texture": "#0"},
				"up": {"uv": [1.235, 9.235, 0.015, 8.015], "rotation": 90, "texture": "#0"},
				"down": {"uv": [2.485, 8.015, 1.265, 9.235], "rotation": 270, "texture": "#0"}
			}
		},
		{
			"from": [0, 8, 0],
			"to": [0, 10, 5],
			"rotation": {"angle": 0, "axis": "y", "origin": [8, 10.75, 8]},
			"faces": {
				"north": {"uv": [6.765, 10.515, 7.985, 10.985], "texture": "#0"},
				"east": {"uv": [10.265, 6.015, 11.485, 6.485], "texture": "#0"},
				"south": {"uv": [10.265, 6.515, 11.485, 6.985], "texture": "#0"},
				"west": {"uv": [9.265, 10.265, 10.485, 10.735], "texture": "#0"},
				"up": {"uv": [1.235, 9.235, 0.015, 8.015], "rotation": 90, "texture": "#0"},
				"down": {"uv": [2.485, 8.015, 1.265, 9.235], "rotation": 270, "texture": "#0"}
			}
		},
		{
			"from": [11, 8, 0],
			"to": [16, 8, 5],
			"rotation": {"angle": 0, "axis": "y", "origin": [8, 10.75, 8]},
			"faces": {
				"north": {"uv": [6.765, 10.515, 7.985, 10.985], "texture": "#0"},
				"east": {"uv": [10.265, 6.015, 11.485, 6.485], "texture": "#0"},
				"south": {"uv": [10.265, 6.515, 11.485, 6.985], "texture": "#0"},
				"west": {"uv": [9.265, 10.265, 10.485, 10.735], "texture": "#0"},
				"up": {"uv": [1.235, 9.235, 0.015, 8.015], "rotation": 90, "texture": "#0"},
				"down": {"uv": [2.485, 8.015, 1.265, 9.235], "rotation": 270, "texture": "#0"}
			}
		},
		{
			"from": [11, 8, 5],
			"to": [16, 10, 5],
			"rotation": {"angle": 0, "axis": "y", "origin": [8, 10.75, 8]},
			"faces": {
				"north": {"uv": [6.765, 10.515, 7.985, 10.985], "texture": "#0"},
				"east": {"uv": [10.265, 6.015, 11.485, 6.485], "texture": "#0"},
				"south": {"uv": [10.265, 6.515, 11.485, 6.985], "texture": "#0"},
				"west": {"uv": [9.265, 10.265, 10.485, 10.735], "texture": "#0"},
				"up": {"uv": [1.235, 9.235, 0.015, 8.015], "rotation": 90, "texture": "#0"},
				"down": {"uv": [2.485, 8.015, 1.265, 9.235], "rotation": 270, "texture": "#0"}
			}
		},
		{
			"from": [11, 8, 0],
			"to": [16, 10, 0],
			"rotation": {"angle": 0, "axis": "y", "origin": [8, 10.75, 8]},
			"faces": {
				"north": {"uv": [6.765, 10.515, 7.985, 10.985], "texture": "#0"},
				"east": {"uv": [10.265, 6.015, 11.485, 6.485], "texture": "#0"},
				"south": {"uv": [10.265, 6.515, 11.485, 6.985], "texture": "#0"},
				"west": {"uv": [9.265, 10.265, 10.485, 10.735], "texture": "#0"},
				"up": {"uv": [1.235, 9.235, 0.015, 8.015], "rotation": 90, "texture": "#0"},
				"down": {"uv": [2.485, 8.015, 1.265, 9.235], "rotation": 270, "texture": "#0"}
			}
		},
		{
			"from": [16, 8, 0],
			"to": [16, 10, 5],
			"rotation": {"angle": 0, "axis": "y", "origin": [8, 10.75, 8]},
			"faces": {
				"north": {"uv": [6.765, 10.515, 7.985, 10.985], "texture": "#0"},
				"east": {"uv": [10.265, 6.015, 11.485, 6.485], "texture": "#0"},
				"south": {"uv": [10.265, 6.515, 11.485, 6.985], "texture": "#0"},
				"west": {"uv": [9.265, 10.265, 10.485, 10.735], "texture": "#0"},
				"up": {"uv": [1.235, 9.235, 0.015, 8.015], "rotation": 90, "texture": "#0"},
				"down": {"uv": [2.485, 8.015, 1.265, 9.235], "rotation": 270, "texture": "#0"}
			}
		},
		{
			"from": [11, 8, 0],
			"to": [11, 10, 5],
			"rotation": {"angle": 0, "axis": "y", "origin": [8, 10.75, 8]},
			"faces": {
				"north": {"uv": [6.765, 10.515, 7.985, 10.985], "texture": "#0"},
				"east": {"uv": [10.265, 6.015, 11.485, 6.485], "texture": "#0"},
				"south": {"uv": [10.265, 6.515, 11.485, 6.985], "texture": "#0"},
				"west": {"uv": [9.265, 10.265, 10.485, 10.735], "texture": "#0"},
				"up": {"uv": [1.235, 9.235, 0.015, 8.015], "rotation": 90, "texture": "#0"},
				"down": {"uv": [2.485, 8.015, 1.265, 9.235], "rotation": 270, "texture": "#0"}
			}
		},
		{
			"from": [0, 8, 11],
			"to": [5, 8, 16],
			"rotation": {"angle": 0, "axis": "y", "origin": [8, 10.75, 8]},
			"faces": {
				"north": {"uv": [6.765, 10.515, 7.985, 10.985], "texture": "#0"},
				"east": {"uv": [10.265, 6.015, 11.485, 6.485], "texture": "#0"},
				"south": {"uv": [10.265, 6.515, 11.485, 6.985], "texture": "#0"},
				"west": {"uv": [9.265, 10.265, 10.485, 10.735], "texture": "#0"},
				"up": {"uv": [1.235, 9.235, 0.015, 8.015], "rotation": 90, "texture": "#0"},
				"down": {"uv": [2.485, 8.015, 1.265, 9.235], "rotation": 270, "texture": "#0"}
			}
		},
		{
			"from": [0, 8, 16],
			"to": [5, 10, 16],
			"rotation": {"angle": 0, "axis": "y", "origin": [8, 10.75, 8]},
			"faces": {
				"north": {"uv": [6.765, 10.515, 7.985, 10.985], "texture": "#0"},
				"east": {"uv": [10.265, 6.015, 11.485, 6.485], "texture": "#0"},
				"south": {"uv": [10.265, 6.515, 11.485, 6.985], "texture": "#0"},
				"west": {"uv": [9.265, 10.265, 10.485, 10.735], "texture": "#0"},
				"up": {"uv": [1.235, 9.235, 0.015, 8.015], "rotation": 90, "texture": "#0"},
				"down": {"uv": [2.485, 8.015, 1.265, 9.235], "rotation": 270, "texture": "#0"}
			}
		},
		{
			"from": [0, 8, 11],
			"to": [5, 10, 11],
			"rotation": {"angle": 0, "axis": "y", "origin": [8, 10.75, 8]},
			"faces": {
				"north": {"uv": [6.765, 10.515, 7.985, 10.985], "texture": "#0"},
				"east": {"uv": [10.265, 6.015, 11.485, 6.485], "texture": "#0"},
				"south": {"uv": [10.265, 6.515, 11.485, 6.985], "texture": "#0"},
				"west": {"uv": [9.265, 10.265, 10.485, 10.735], "texture": "#0"},
				"up": {"uv": [1.235, 9.235, 0.015, 8.015], "rotation": 90, "texture": "#0"},
				"down": {"uv": [2.485, 8.015, 1.265, 9.235], "rotation": 270, "texture": "#0"}
			}
		},
		{
			"from": [5, 8, 11],
			"to": [5, 10, 16],
			"rotation": {"angle": 0, "axis": "y", "origin": [8, 10.75, 8]},
			"faces": {
				"north": {"uv": [6.765, 10.515, 7.985, 10.985], "texture": "#0"},
				"east": {"uv": [10.265, 6.015, 11.485, 6.485], "texture": "#0"},
				"south": {"uv": [10.265, 6.515, 11.485, 6.985], "texture": "#0"},
				"west": {"uv": [9.265, 10.265, 10.485, 10.735], "texture": "#0"},
				"up": {"uv": [1.235, 9.235, 0.015, 8.015], "rotation": 90, "texture": "#0"},
				"down": {"uv": [2.485, 8.015, 1.265, 9.235], "rotation": 270, "texture": "#0"}
			}
		},
		{
			"from": [0, 8, 11],
			"to": [0, 10, 16],
			"rotation": {"angle": 0, "axis": "y", "origin": [8, 10.75, 8]},
			"faces": {
				"north": {"uv": [6.765, 10.515, 7.985, 10.985], "texture": "#0"},
				"east": {"uv": [10.265, 6.015, 11.485, 6.485], "texture": "#0"},
				"south": {"uv": [10.265, 6.515, 11.485, 6.985], "texture": "#0"},
				"west": {"uv": [9.265, 10.265, 10.485, 10.735], "texture": "#0"},
				"up": {"uv": [1.235, 9.235, 0.015, 8.015], "rotation": 90, "texture": "#0"},
				"down": {"uv": [2.485, 8.015, 1.265, 9.235], "rotation": 270, "texture": "#0"}
			}
		},
		{
			"from": [11, 8, 11],
			"to": [16, 8, 16],
			"rotation": {"angle": 0, "axis": "y", "origin": [8, 10.75, 8]},
			"faces": {
				"north": {"uv": [6.765, 10.515, 7.985, 10.985], "texture": "#0"},
				"east": {"uv": [10.265, 6.015, 11.485, 6.485], "texture": "#0"},
				"south": {"uv": [10.265, 6.515, 11.485, 6.985], "texture": "#0"},
				"west": {"uv": [9.265, 10.265, 10.485, 10.735], "texture": "#0"},
				"up": {"uv": [1.235, 9.235, 0.015, 8.015], "rotation": 90, "texture": "#0"},
				"down": {"uv": [2.485, 8.015, 1.265, 9.235], "rotation": 270, "texture": "#0"}
			}
		},
		{
			"from": [11, 8, 16],
			"to": [16, 10, 16],
			"rotation": {"angle": 0, "axis": "y", "origin": [8, 10.75, 8]},
			"faces": {
				"north": {"uv": [6.765, 10.515, 7.985, 10.985], "texture": "#0"},
				"east": {"uv": [10.265, 6.015, 11.485, 6.485], "texture": "#0"},
				"south": {"uv": [10.265, 6.515, 11.485, 6.985], "texture": "#0"},
				"west": {"uv": [9.265, 10.265, 10.485, 10.735], "texture": "#0"},
				"up": {"uv": [1.235, 9.235, 0.015, 8.015], "rotation": 90, "texture": "#0"},
				"down": {"uv": [2.485, 8.015, 1.265, 9.235], "rotation": 270, "texture": "#0"}
			}
		},
		{
			"from": [11, 8, 11],
			"to": [16, 10, 11],
			"rotation": {"angle": 0, "axis": "y", "origin": [8, 10.75, 8]},
			"faces": {
				"north": {"uv": [6.765, 10.515, 7.985, 10.985], "texture": "#0"},
				"east": {"uv": [10.265, 6.015, 11.485, 6.485], "texture": "#0"},
				"south": {"uv": [10.265, 6.515, 11.485, 6.985], "texture": "#0"},
				"west": {"uv": [9.265, 10.265, 10.485, 10.735], "texture": "#0"},
				"up": {"uv": [1.235, 9.235, 0.015, 8.015], "rotation": 90, "texture": "#0"},
				"down": {"uv": [2.485, 8.015, 1.265, 9.235], "rotation": 270, "texture": "#0"}
			}
		},
		{
			"from": [16, 8, 11],
			"to": [16, 10, 16],
			"rotation": {"angle": 0, "axis": "y", "origin": [8, 10.75, 8]},
			"faces": {
				"north": {"uv": [6.765, 10.515, 7.985, 10.985], "texture": "#0"},
				"east": {"uv": [10.265, 6.015, 11.485, 6.485], "texture": "#0"},
				"south": {"uv": [10.265, 6.515, 11.485, 6.985], "texture": "#0"},
				"west": {"uv": [9.265, 10.265, 10.485, 10.735], "texture": "#0"},
				"up": {"uv": [1.235, 9.235, 0.015, 8.015], "rotation": 90, "texture": "#0"},
				"down": {"uv": [2.485, 8.015, 1.265, 9.235], "rotation": 270, "texture": "#0"}
			}
		},
		{
			"from": [11, 8, 11],
			"to": [11, 10, 16],
			"rotation": {"angle": 0, "axis": "y", "origin": [8, 10.75, 8]},
			"faces": {
				"north": {"uv": [6.765, 10.515, 7.985, 10.985], "texture": "#0"},
				"east": {"uv": [10.265, 6.015, 11.485, 6.485], "texture": "#0"},
				"south": {"uv": [10.265, 6.515, 11.485, 6.985], "texture": "#0"},
				"west": {"uv": [9.265, 10.265, 10.485, 10.735], "texture": "#0"},
				"up": {"uv": [1.235, 9.235, 0.015, 8.015], "rotation": 90, "texture": "#0"},
				"down": {"uv": [2.485, 8.015, 1.265, 9.235], "rotation": 270, "texture": "#0"}
			}
		},
		{
			"from": [11, 8, 11],
			"to": [16, 8, 16],
			"rotation": {"angle": 0, "axis": "y", "origin": [8, 10.75, 8]},
			"faces": {
				"north": {"uv": [6.765, 10.515, 7.985, 10.985], "texture": "#0"},
				"east": {"uv": [10.265, 6.015, 11.485, 6.485], "texture": "#0"},
				"south": {"uv": [10.265, 6.515, 11.485, 6.985], "texture": "#0"},
				"west": {"uv": [9.265, 10.265, 10.485, 10.735], "texture": "#0"},
				"up": {"uv": [1.235, 9.235, 0.015, 8.015], "rotation": 90, "texture": "#0"},
				"down": {"uv": [2.485, 8.015, 1.265, 9.235], "rotation": 270, "texture": "#0"}
			}
		},
		{
			"from": [11, 8, 16],
			"to": [16, 10, 16],
			"rotation": {"angle": 0, "axis": "y", "origin": [8, 10.75, 8]},
			"faces": {
				"north": {"uv": [6.765, 10.515, 7.985, 10.985], "texture": "#0"},
				"east": {"uv": [10.265, 6.015, 11.485, 6.485], "texture": "#0"},
				"south": {"uv": [10.265, 6.515, 11.485, 6.985], "texture": "#0"},
				"west": {"uv": [9.265, 10.265, 10.485, 10.735], "texture": "#0"},
				"up": {"uv": [1.235, 9.235, 0.015, 8.015], "rotation": 90, "texture": "#0"},
				"down": {"uv": [2.485, 8.015, 1.265, 9.235], "rotation": 270, "texture": "#0"}
			}
		},
		{
			"from": [11, 8, 11],
			"to": [16, 10, 11],
			"rotation": {"angle": 0, "axis": "y", "origin": [8, 10.75, 8]},
			"faces": {
				"north": {"uv": [6.765, 10.515, 7.985, 10.985], "texture": "#0"},
				"east": {"uv": [10.265, 6.015, 11.485, 6.485], "texture": "#0"},
				"south": {"uv": [10.265, 6.515, 11.485, 6.985], "texture": "#0"},
				"west": {"uv": [9.265, 10.265, 10.485, 10.735], "texture": "#0"},
				"up": {"uv": [1.235, 9.235, 0.015, 8.015], "rotation": 90, "texture": "#0"},
				"down": {"uv": [2.485, 8.015, 1.265, 9.235], "rotation": 270, "texture": "#0"}
			}
		},
		{
			"from": [16, 8, 11],
			"to": [16, 10, 16],
			"rotation": {"angle": 0, "axis": "y", "origin": [8, 10.75, 8]},
			"faces": {
				"north": {"uv": [6.765, 10.515, 7.985, 10.985], "texture": "#0"},
				"east": {"uv": [10.265, 6.015, 11.485, 6.485], "texture": "#0"},
				"south": {"uv": [10.265, 6.515, 11.485, 6.985], "texture": "#0"},
				"west": {"uv": [9.265, 10.265, 10.485, 10.735], "texture": "#0"},
				"up": {"uv": [1.235, 9.235, 0.015, 8.015], "rotation": 90, "texture": "#0"},
				"down": {"uv": [2.485, 8.015, 1.265, 9.235], "rotation": 270, "texture": "#0"}
			}
		},
		{
			"from": [11, 8, 11],
			"to": [11, 10, 16],
			"rotation": {"angle": 0, "axis": "y", "origin": [8, 10.75, 8]},
			"faces": {
				"north": {"uv": [6.765, 10.515, 7.985, 10.985], "texture": "#0"},
				"east": {"uv": [10.265, 6.015, 11.485, 6.485], "texture": "#0"},
				"south": {"uv": [10.265, 6.515, 11.485, 6.985], "texture": "#0"},
				"west": {"uv": [9.265, 10.265, 10.485, 10.735], "texture": "#0"},
				"up": {"uv": [1.235, 9.235, 0.015, 8.015], "rotation": 90, "texture": "#0"},
				"down": {"uv": [2.485, 8.015, 1.265, 9.235], "rotation": 270, "texture": "#0"}
			}
		},
		{
			"name": "pole",
			"from": [7.5, 12, 8],
			"to": [8.5, 17, 8],
			"rotation": {"angle": -22.5, "axis": "y", "origin": [8, 10.75, 8]},
			"faces": {
				"north": {"uv": [9.015, 4.015, 9.235, 4.985], "texture": "#0"},
				"east": {"uv": [0.015, 0.015, 0.015, 0.985], "texture": "#0"},
				"south": {"uv": [5.265, 8.265, 5.485, 9.235], "texture": "#0"},
				"west": {"uv": [0.015, 0.015, 0.015, 0.985], "texture": "#0"},
				"up": {"uv": [0.015, 0.235, 0.015, 0.015], "rotation": 90, "texture": "#0"},
				"down": {"uv": [0.015, 0.015, 0.015, 0.235], "rotation": 270, "texture": "#0"}
			}
		},
		{
			"name": "flag",
			"from": [4.5, 17, 8],
			"to": [8.5, 19, 8],
			"rotation": {"angle": -22.5, "axis": "y", "origin": [8, 10.75, 8]},
			"faces": {
				"north": {"uv": [11.015, 10.765, 11.985, 11.235], "texture": "#0"},
				"east": {"uv": [0.015, 0.015, 0.015, 0.485], "texture": "#0"},
				"south": {"uv": [11.985, 10.765, 11.015, 11.235], "texture": "#0"},
				"west": {"uv": [0.015, 0.015, 0.015, 0.485], "texture": "#0"},
				"up": {"uv": [0.015, 0.735, 0.015, 0.015], "rotation": 90, "texture": "#0"},
				"down": {"uv": [0.015, 0.015, 0.015, 0.735], "rotation": 270, "texture": "#0"}
			}
		}
	],
	"display": {
		"thirdperson_righthand": {
			"translation": [0, 0, -1.75],
			"scale": [0.5, 0.5, 0.5]
		},
		"thirdperson_lefthand": {
			"translation": [0, 0, -1.75],
			"scale": [0.5, 0.5, 0.5]
		},
		"firstperson_righthand": {
			"translation": [0, 0, -1.75],
			"scale": [0.5, 0.5, 0.5]
		},
		"firstperson_lefthand": {
			"translation": [0, 0, -1.75],
			"scale": [0.5, 0.5, 0.5]
		},
		"ground": {
			"translation": [0, 4, 0],
			"scale": [0.75, 0.75, 0.75]
		},
		"gui": {
			"rotation": [35, 145, 0],
			"translation": [0, 1, 0],
			"scale": [0.65, 0.65, 0.65]
		},
		"head": {
			"translation": [0, 14.25, 0]
		},
		"fixed": {
			"rotation": [-90, 0, 0],
			"translation": [0, 0, -14.75],
			"scale": [2, 2, 2]
		}
	},
	"groups": [
		{
			"name": "tall tower",
			"origin": [12, 1, 1],
			"color": 0,
			"children": [0, 1, 2, 3]
		},
		4,
		5,
		6,
		7,
		8,
		9,
		10,
		{
			"name": "tall tower top",
			"origin": [11, 9, 0],
			"color": 0,
			"children": [
				11,
				12,
				13,
				14,
				15,
				{
					"name": "tall tower top",
					"origin": [11, 9, 0],
					"color": 0,
					"children": [16, 17, 18, 19, 20]
				},
				{
					"name": "tall tower top",
					"origin": [11, 9, 0],
					"color": 0,
					"children": [
						21,
						22,
						23,
						24,
						25,
						{
							"name": "tall tower top",
							"origin": [11, 9, 0],
							"color": 0,
							"children": [26, 27, 28, 29, 30]
						}
					]
				},
				{
					"name": "tall tower top",
					"origin": [11, 9, 0],
					"color": 0,
					"children": [31, 32, 33, 34, 35]
				}
			]
		},
		{
			"name": "flag",
			"origin": [7.80866, 19.5, 8.46194],
			"color": 0,
			"children": [36, 37]
		}
	]
}