{
	"credit": "Made by BestInfinity",
	"parent": "minecraft:carved_pumpkin",
	"texture_size": [32, 32],
	"textures": {
		"0": "block/shulker",
		"particle": "block/shulker"
	},
	"elements": [
		{
			"from": [22, 12, 1],
			"to": [22, 14, 4],
			"faces": {
				"north": {"uv": [0, 0, 0, 1], "texture": "#0"},
				"east": {"uv": [10, 7.5, 11.5, 8.5], "texture": "#0"},
				"south": {"uv": [0, 0, 0, 1], "texture": "#0"},
				"west": {"uv": [10, 8.5, 11.5, 9.5], "texture": "#0"},
				"up": {"uv": [0, 1.5, 0, 0], "texture": "#0"},
				"down": {"uv": [0, 0, 0, 1.5], "texture": "#0"}
			}
		},
		{
			"from": [17, 12, 1],
			"to": [17, 14, 4],
			"faces": {
				"north": {"uv": [0, 0, 0, 1], "texture": "#0"},
				"east": {"uv": [10, 9.5, 11.5, 10.5], "texture": "#0"},
				"south": {"uv": [0, 0, 0, 1], "texture": "#0"},
				"west": {"uv": [3, 10.5, 4.5, 11.5], "texture": "#0"},
				"up": {"uv": [0, 1.5, 0, 0], "texture": "#0"},
				"down": {"uv": [0, 0, 0, 1.5], "texture": "#0"}
			}
		},
		{
			"from": [18, 12, 5],
			"to": [21, 14, 5],
			"faces": {
				"north": {"uv": [4.5, 10.5, 6, 11.5], "texture": "#0"},
				"east": {"uv": [0, 0, 0, 1], "texture": "#0"},
				"south": {"uv": [6, 10.5, 7.5, 11.5], "texture": "#0"},
				"west": {"uv": [0, 0, 0, 1], "texture": "#0"},
				"up": {"uv": [1.5, 0, 0, 0], "texture": "#0"},
				"down": {"uv": [1.5, 0, 0, 0], "texture": "#0"}
			}
		},
		{
			"from": [17, 10, 0],
			"to": [22, 12, 5],
			"faces": {
				"north": {"uv": [5, 5, 7.5, 6], "texture": "#0"},
				"east": {"uv": [5, 6, 7.5, 7], "texture": "#0"},
				"south": {"uv": [5, 7, 7.5, 8], "texture": "#0"},
				"west": {"uv": [0, 7.5, 2.5, 8.5], "texture": "#0"},
				"up": {"uv": [2.5, 2.5, 0, 0], "texture": "#0"},
				"down": {"uv": [2.5, 2.5, 0, 5], "texture": "#0"}
			}
		},
		{
			"from": [18, 12, 0],
			"to": [21, 14, 0],
			"faces": {
				"north": {"uv": [7.5, 10.5, 9, 11.5], "texture": "#0"},
				"east": {"uv": [0, 0, 0, 1], "texture": "#0"},
				"south": {"uv": [9, 10.5, 10.5, 11.5], "texture": "#0"},
				"west": {"uv": [0, 0, 0, 1], "texture": "#0"},
				"up": {"uv": [1.5, 0, 0, 0], "texture": "#0"},
				"down": {"uv": [1.5, 0, 0, 0], "texture": "#0"}
			}
		},
		{
			"from": [18, 13, 1],
			"to": [21, 16, 4],
			"faces": {
				"north": {"uv": [12.5, 6, 15, 8.5], "texture": "#0"},
				"east": {"uv": [13, 0, 15.5, 2.5], "texture": "#0"},
				"south": {"uv": [13, 0, 15.5, 2.5], "texture": "#0"},
				"west": {"uv": [13, 0, 15.5, 2.5], "texture": "#0"},
				"up": {"uv": [9.5, 15, 7, 12.5], "texture": "#0"},
				"down": {"uv": [9.5, 12.5, 7, 15], "texture": "#0"}
			}
		},
		{
			"from": [17, 18, 0],
			"to": [22, 20, 5],
			"faces": {
				"north": {"uv": [7.5, 0, 10, 1], "texture": "#0"},
				"east": {"uv": [7.5, 1, 10, 2], "texture": "#0"},
				"south": {"uv": [7.5, 2, 10, 3], "texture": "#0"},
				"west": {"uv": [2.5, 7.5, 5, 8.5], "texture": "#0"},
				"up": {"uv": [5, 2.5, 2.5, 0], "texture": "#0"},
				"down": {"uv": [5, 2.5, 2.5, 5], "texture": "#0"}
			}
		},
		{
			"from": [17, 16, 0],
			"to": [17, 18, 1],
			"faces": {
				"north": {"uv": [0, 0, 0, 1], "texture": "#0"},
				"east": {"uv": [11.5, 4, 12, 5], "texture": "#0"},
				"south": {"uv": [0, 0, 0, 1], "texture": "#0"},
				"west": {"uv": [4.5, 11.5, 5, 12.5], "texture": "#0"},
				"up": {"uv": [0, 0.5, 0, 0], "texture": "#0"},
				"down": {"uv": [0, 0, 0, 0.5], "texture": "#0"}
			}
		},
		{
			"from": [22, 16, 0],
			"to": [22, 18, 1],
			"faces": {
				"north": {"uv": [0, 0, 0, 1], "texture": "#0"},
				"east": {"uv": [5, 11.5, 5.5, 12.5], "texture": "#0"},
				"south": {"uv": [0, 0, 0, 1], "texture": "#0"},
				"west": {"uv": [11.5, 5, 12, 6], "texture": "#0"},
				"up": {"uv": [0, 0.5, 0, 0], "texture": "#0"},
				"down": {"uv": [0, 0, 0, 0.5], "texture": "#0"}
			}
		},
		{
			"from": [22, 16, 4],
			"to": [22, 18, 5],
			"faces": {
				"north": {"uv": [0, 0, 0, 1], "texture": "#0"},
				"east": {"uv": [5.5, 11.5, 6, 12.5], "texture": "#0"},
				"south": {"uv": [0, 0, 0, 1], "texture": "#0"},
				"west": {"uv": [6, 11.5, 6.5, 12.5], "texture": "#0"},
				"up": {"uv": [0, 0.5, 0, 0], "texture": "#0"},
				"down": {"uv": [0, 0, 0, 0.5], "texture": "#0"}
			}
		},
		{
			"from": [17, 16, 4],
			"to": [17, 18, 5],
			"faces": {
				"north": {"uv": [0, 0, 0, 1], "texture": "#0"},
				"east": {"uv": [11.5, 6, 12, 7], "texture": "#0"},
				"south": {"uv": [0, 0, 0, 1], "texture": "#0"},
				"west": {"uv": [6.5, 11.5, 7, 12.5], "texture": "#0"},
				"up": {"uv": [0, 0.5, 0, 0], "texture": "#0"},
				"down": {"uv": [0, 0, 0, 0.5], "texture": "#0"}
			}
		},
		{
			"from": [17, 16, 0],
			"to": [18, 18, 0],
			"faces": {
				"north": {"uv": [7, 11.5, 7.5, 12.5], "texture": "#0"},
				"east": {"uv": [0, 0, 0, 1], "texture": "#0"},
				"south": {"uv": [11.5, 7, 12, 8], "texture": "#0"},
				"west": {"uv": [0, 0, 0, 1], "texture": "#0"},
				"up": {"uv": [0.5, 0, 0, 0], "texture": "#0"},
				"down": {"uv": [0.5, 0, 0, 0], "texture": "#0"}
			}
		},
		{
			"from": [21, 16, 5],
			"to": [22, 18, 5],
			"faces": {
				"north": {"uv": [7.5, 11.5, 8, 12.5], "texture": "#0"},
				"east": {"uv": [0, 0, 0, 1], "texture": "#0"},
				"south": {"uv": [8, 11.5, 8.5, 12.5], "texture": "#0"},
				"west": {"uv": [0, 0, 0, 1], "texture": "#0"},
				"up": {"uv": [0.5, 0, 0, 0], "texture": "#0"},
				"down": {"uv": [0.5, 0, 0, 0], "texture": "#0"}
			}
		},
		{
			"from": [17, 16, 5],
			"to": [18, 18, 5],
			"faces": {
				"north": {"uv": [11.5, 8, 12, 9], "texture": "#0"},
				"east": {"uv": [0, 0, 0, 1], "texture": "#0"},
				"south": {"uv": [8.5, 11.5, 9, 12.5], "texture": "#0"},
				"west": {"uv": [0, 0, 0, 1], "texture": "#0"},
				"up": {"uv": [0.5, 0, 0, 0], "texture": "#0"},
				"down": {"uv": [0.5, 0, 0, 0], "texture": "#0"}
			}
		},
		{
			"from": [21, 16, 0],
			"to": [22, 18, 0],
			"faces": {
				"north": {"uv": [9, 11.5, 9.5, 12.5], "texture": "#0"},
				"east": {"uv": [0, 0, 0, 1], "texture": "#0"},
				"south": {"uv": [11.5, 9, 12, 10], "texture": "#0"},
				"west": {"uv": [0, 0, 0, 1], "texture": "#0"},
				"up": {"uv": [0.5, 0, 0, 0], "texture": "#0"},
				"down": {"uv": [0.5, 0, 0, 0], "texture": "#0"}
			}
		},
		{
			"from": [17, 16, 0],
			"to": [18, 16, 1],
			"faces": {
				"north": {"uv": [0, 0, 0.5, 0], "texture": "#0"},
				"east": {"uv": [0, 0, 0.5, 0], "texture": "#0"},
				"south": {"uv": [0, 0, 0.5, 0], "texture": "#0"},
				"west": {"uv": [0, 0, 0.5, 0], "texture": "#0"},
				"up": {"uv": [4.5, 9, 4, 8.5], "texture": "#0"},
				"down": {"uv": [5, 8.5, 4.5, 9], "texture": "#0"}
			}
		},
		{
			"from": [17, 16, 4],
			"to": [18, 16, 5],
			"faces": {
				"north": {"uv": [0, 0, 0.5, 0], "texture": "#0"},
				"east": {"uv": [0, 0, 0.5, 0], "texture": "#0"},
				"south": {"uv": [0, 0, 0.5, 0], "texture": "#0"},
				"west": {"uv": [0, 0, 0.5, 0], "texture": "#0"},
				"up": {"uv": [2, 10, 1.5, 9.5], "texture": "#0"},
				"down": {"uv": [2.5, 9.5, 2, 10], "texture": "#0"}
			}
		},
		{
			"from": [21, 16, 0],
			"to": [22, 16, 1],
			"faces": {
				"north": {"uv": [0, 0, 0.5, 0], "texture": "#0"},
				"east": {"uv": [0, 0, 0.5, 0], "texture": "#0"},
				"south": {"uv": [0, 0, 0.5, 0], "texture": "#0"},
				"west": {"uv": [0, 0, 0.5, 0], "texture": "#0"},
				"up": {"uv": [3.5, 10.5, 3, 10], "texture": "#0"},
				"down": {"uv": [4, 10, 3.5, 10.5], "texture": "#0"}
			}
		},
		{
			"from": [21, 16, 4],
			"to": [22, 16, 5],
			"faces": {
				"north": {"uv": [0, 0, 0.5, 0], "texture": "#0"},
				"east": {"uv": [0, 0, 0.5, 0], "texture": "#0"},
				"south": {"uv": [0, 0, 0.5, 0], "texture": "#0"},
				"west": {"uv": [0, 0, 0.5, 0], "texture": "#0"},
				"up": {"uv": [12, 10.5, 11.5, 10], "texture": "#0"},
				"down": {"uv": [12.5, 12, 12, 12.5], "texture": "#0"}
			}
		},
		{
			"from": [-1, 12, 0],
			"to": [2, 14, 0],
			"faces": {
				"north": {"uv": [10.5, 10.5, 12, 11.5], "texture": "#0"},
				"east": {"uv": [0, 0, 0, 1], "texture": "#0"},
				"south": {"uv": [0, 11, 1.5, 12], "texture": "#0"},
				"west": {"uv": [0, 0, 0, 1], "texture": "#0"},
				"up": {"uv": [1.5, 0, 0, 0], "texture": "#0"},
				"down": {"uv": [1.5, 0, 0, 0], "texture": "#0"}
			}
		},
		{
			"from": [-1, 12, 5],
			"to": [2, 14, 5],
			"faces": {
				"north": {"uv": [11.5, 0, 13, 1], "texture": "#0"},
				"east": {"uv": [0, 0, 0, 1], "texture": "#0"},
				"south": {"uv": [11.5, 1, 13, 2], "texture": "#0"},
				"west": {"uv": [0, 0, 0, 1], "texture": "#0"},
				"up": {"uv": [1.5, 0, 0, 0], "texture": "#0"},
				"down": {"uv": [1.5, 0, 0, 0], "texture": "#0"}
			}
		},
		{
			"from": [-2, 12, 1],
			"to": [-2, 14, 4],
			"faces": {
				"north": {"uv": [0, 0, 0, 1], "texture": "#0"},
				"east": {"uv": [1.5, 11.5, 3, 12.5], "texture": "#0"},
				"south": {"uv": [0, 0, 0, 1], "texture": "#0"},
				"west": {"uv": [11.5, 2, 13, 3], "texture": "#0"},
				"up": {"uv": [0, 1.5, 0, 0], "texture": "#0"},
				"down": {"uv": [0, 0, 0, 1.5], "texture": "#0"}
			}
		},
		{
			"from": [3, 12, 1],
			"to": [3, 14, 4],
			"faces": {
				"north": {"uv": [0, 0, 0, 1], "texture": "#0"},
				"east": {"uv": [3, 11.5, 4.5, 12.5], "texture": "#0"},
				"south": {"uv": [0, 0, 0, 1], "texture": "#0"},
				"west": {"uv": [11.5, 3, 13, 4], "texture": "#0"},
				"up": {"uv": [0, 1.5, 0, 0], "texture": "#0"},
				"down": {"uv": [0, 0, 0, 1.5], "texture": "#0"}
			}
		},
		{
			"from": [-1, 12, 1],
			"to": [2, 15, 4],
			"faces": {
				"north": {"uv": [12.5, 6, 15, 8.5], "texture": "#0"},
				"east": {"uv": [13, 0, 15.5, 2.5], "texture": "#0"},
				"south": {"uv": [13, 0, 15.5, 2.5], "texture": "#0"},
				"west": {"uv": [13, 0, 15.5, 2.5], "texture": "#0"},
				"up": {"uv": [9.5, 15, 7, 12.5], "texture": "#0"},
				"down": {"uv": [9.5, 12.5, 7, 15], "texture": "#0"}
			}
		},
		{
			"from": [2, 13, 4],
			"to": [3, 13, 5],
			"faces": {
				"north": {"uv": [0, 0, 0.5, 0], "texture": "#0"},
				"east": {"uv": [0, 0, 0.5, 0], "texture": "#0"},
				"south": {"uv": [0, 0, 0.5, 0], "texture": "#0"},
				"west": {"uv": [0, 0, 0.5, 0], "texture": "#0"},
				"up": {"uv": [12, 10.5, 11.5, 10], "texture": "#0"},
				"down": {"uv": [12.5, 12, 12, 12.5], "texture": "#0"}
			}
		},
		{
			"from": [2, 13, 0],
			"to": [3, 15, 0],
			"faces": {
				"north": {"uv": [9, 11.5, 9.5, 12.5], "texture": "#0"},
				"east": {"uv": [0, 0, 0, 1], "texture": "#0"},
				"south": {"uv": [11.5, 9, 12, 10], "texture": "#0"},
				"west": {"uv": [0, 0, 0, 1], "texture": "#0"},
				"up": {"uv": [0.5, 0, 0, 0], "texture": "#0"},
				"down": {"uv": [0.5, 0, 0, 0], "texture": "#0"}
			}
		},
		{
			"from": [-2, 13, 0],
			"to": [-1, 13, 1],
			"faces": {
				"north": {"uv": [0, 0, 0.5, 0], "texture": "#0"},
				"east": {"uv": [0, 0, 0.5, 0], "texture": "#0"},
				"south": {"uv": [0, 0, 0.5, 0], "texture": "#0"},
				"west": {"uv": [0, 0, 0.5, 0], "texture": "#0"},
				"up": {"uv": [4.5, 9, 4, 8.5], "texture": "#0"},
				"down": {"uv": [5, 8.5, 4.5, 9], "texture": "#0"}
			}
		},
		{
			"from": [-2, 13, 4],
			"to": [-1, 13, 5],
			"faces": {
				"north": {"uv": [0, 0, 0.5, 0], "texture": "#0"},
				"east": {"uv": [0, 0, 0.5, 0], "texture": "#0"},
				"south": {"uv": [0, 0, 0.5, 0], "texture": "#0"},
				"west": {"uv": [0, 0, 0.5, 0], "texture": "#0"},
				"up": {"uv": [2, 10, 1.5, 9.5], "texture": "#0"},
				"down": {"uv": [2.5, 9.5, 2, 10], "texture": "#0"}
			}
		},
		{
			"from": [2, 13, 0],
			"to": [3, 13, 1],
			"faces": {
				"north": {"uv": [0, 0, 0.5, 0], "texture": "#0"},
				"east": {"uv": [0, 0, 0.5, 0], "texture": "#0"},
				"south": {"uv": [0, 0, 0.5, 0], "texture": "#0"},
				"west": {"uv": [0, 0, 0.5, 0], "texture": "#0"},
				"up": {"uv": [3.5, 10.5, 3, 10], "texture": "#0"},
				"down": {"uv": [4, 10, 3.5, 10.5], "texture": "#0"}
			}
		},
		{
			"from": [-2, 13, 5],
			"to": [-1, 15, 5],
			"faces": {
				"north": {"uv": [11.5, 8, 12, 9], "texture": "#0"},
				"east": {"uv": [0, 0, 0, 1], "texture": "#0"},
				"south": {"uv": [8.5, 11.5, 9, 12.5], "texture": "#0"},
				"west": {"uv": [0, 0, 0, 1], "texture": "#0"},
				"up": {"uv": [0.5, 0, 0, 0], "texture": "#0"},
				"down": {"uv": [0.5, 0, 0, 0], "texture": "#0"}
			}
		},
		{
			"from": [2, 13, 5],
			"to": [3, 15, 5],
			"faces": {
				"north": {"uv": [7.5, 11.5, 8, 12.5], "texture": "#0"},
				"east": {"uv": [0, 0, 0, 1], "texture": "#0"},
				"south": {"uv": [8, 11.5, 8.5, 12.5], "texture": "#0"},
				"west": {"uv": [0, 0, 0, 1], "texture": "#0"},
				"up": {"uv": [0.5, 0, 0, 0], "texture": "#0"},
				"down": {"uv": [0.5, 0, 0, 0], "texture": "#0"}
			}
		},
		{
			"from": [-2, 13, 0],
			"to": [-1, 15, 0],
			"faces": {
				"north": {"uv": [7, 11.5, 7.5, 12.5], "texture": "#0"},
				"east": {"uv": [0, 0, 0, 1], "texture": "#0"},
				"south": {"uv": [11.5, 7, 12, 8], "texture": "#0"},
				"west": {"uv": [0, 0, 0, 1], "texture": "#0"},
				"up": {"uv": [0.5, 0, 0, 0], "texture": "#0"},
				"down": {"uv": [0.5, 0, 0, 0], "texture": "#0"}
			}
		},
		{
			"from": [-2, 13, 4],
			"to": [-2, 15, 5],
			"faces": {
				"north": {"uv": [0, 0, 0, 1], "texture": "#0"},
				"east": {"uv": [11.5, 6, 12, 7], "texture": "#0"},
				"south": {"uv": [0, 0, 0, 1], "texture": "#0"},
				"west": {"uv": [6.5, 11.5, 7, 12.5], "texture": "#0"},
				"up": {"uv": [0, 0.5, 0, 0], "texture": "#0"},
				"down": {"uv": [0, 0, 0, 0.5], "texture": "#0"}
			}
		},
		{
			"from": [3, 13, 4],
			"to": [3, 15, 5],
			"faces": {
				"north": {"uv": [0, 0, 0, 1], "texture": "#0"},
				"east": {"uv": [5.5, 11.5, 6, 12.5], "texture": "#0"},
				"south": {"uv": [0, 0, 0, 1], "texture": "#0"},
				"west": {"uv": [6, 11.5, 6.5, 12.5], "texture": "#0"},
				"up": {"uv": [0, 0.5, 0, 0], "texture": "#0"},
				"down": {"uv": [0, 0, 0, 0.5], "texture": "#0"}
			}
		},
		{
			"from": [3, 13, 0],
			"to": [3, 15, 1],
			"faces": {
				"north": {"uv": [0, 0, 0, 1], "texture": "#0"},
				"east": {"uv": [5, 11.5, 5.5, 12.5], "texture": "#0"},
				"south": {"uv": [0, 0, 0, 1], "texture": "#0"},
				"west": {"uv": [11.5, 5, 12, 6], "texture": "#0"},
				"up": {"uv": [0, 0.5, 0, 0], "texture": "#0"},
				"down": {"uv": [0, 0, 0, 0.5], "texture": "#0"}
			}
		},
		{
			"from": [-2, 13, 0],
			"to": [-2, 15, 1],
			"faces": {
				"north": {"uv": [0, 0, 0, 1], "texture": "#0"},
				"east": {"uv": [11.5, 4, 12, 5], "texture": "#0"},
				"south": {"uv": [0, 0, 0, 1], "texture": "#0"},
				"west": {"uv": [4.5, 11.5, 5, 12.5], "texture": "#0"},
				"up": {"uv": [0, 0.5, 0, 0], "texture": "#0"},
				"down": {"uv": [0, 0, 0, 0.5], "texture": "#0"}
			}
		},
		{
			"from": [-2, 15, 0],
			"to": [3, 17, 5],
			"faces": {
				"north": {"uv": [7.5, 0, 10, 1], "texture": "#0"},
				"east": {"uv": [7.5, 1, 10, 2], "texture": "#0"},
				"south": {"uv": [7.5, 2, 10, 3], "texture": "#0"},
				"west": {"uv": [2.5, 7.5, 5, 8.5], "texture": "#0"},
				"up": {"uv": [5, 2.5, 2.5, 0], "texture": "#0"},
				"down": {"uv": [5, 2.5, 2.5, 5], "texture": "#0"}
			}
		},
		{
			"from": [-2, 10, 0],
			"to": [3, 12, 5],
			"faces": {
				"north": {"uv": [5, 5, 7.5, 6], "texture": "#0"},
				"east": {"uv": [5, 6, 7.5, 7], "texture": "#0"},
				"south": {"uv": [5, 7, 7.5, 8], "texture": "#0"},
				"west": {"uv": [0, 7.5, 2.5, 8.5], "texture": "#0"},
				"up": {"uv": [2.5, 2.5, 0, 0], "texture": "#0"},
				"down": {"uv": [2.5, 2.5, 0, 5], "texture": "#0"}
			}
		}
	],
	"display": {
		"thirdperson_righthand": {
			"rotation": [50, 0, 0],
			"translation": [-7, -3.5, -0.75],
			"scale": [0.51, 0.5, 0.5]
		},
		"thirdperson_lefthand": {
			"translation": [-5, 1.5, 3.25],
			"scale": [0.5, 0.5, 0.5]
		},
		"firstperson_righthand": {
			"rotation": [0, -180, 0],
			"translation": [-3.75, 0, 0],
			"scale": [0.5, 0.5, 0.5]
		},
		"firstperson_lefthand": {
			"rotation": [0, -180, 0],
			"translation": [-5.75, 0, 0],
			"scale": [0.5, 0.5, 0.5]
		},
		"ground": {
			"translation": [0, -4, 0],
			"scale": [0.5, 0.5, 0.5]
		},
		"gui": {
			"translation": [-1.25, -1.5, 0],
			"scale": [0.53, 0.55, 0.55]
		},
		"head": {
			"rotation": [23, 0, 0],
			"translation": [-1.75, -10.5, 5.5]
		},
		"fixed": {
			"translation": [-6, 0, -3.75]
		}
	},
	"groups": [
		{
			"name": "Body",
			"origin": [8, 8, 8],
			"color": 0,
			"children": [0, 1, 2, 3, 4, 5, 6, 7, 8, 9, 10, 11, 12, 13, 14, 15, 16, 17, 18]
		},
		{
			"name": "Body 2",
			"origin": [8, 8, 8],
			"color": 0,
			"children": [19, 20, 21, 22, 23, 24, 25, 26, 27, 28, 29, 30, 31, 32, 33, 34, 35, 36, 37]
		}
	]
}