{
	"credit": "Made with Blockbench",
	"texture_size": [32, 32],
	"textures": {
		"0": "block/pumpkinhead",
		"1": "block/backpack",
		"particle": "block/pumpkinhead"
	},
	"elements": [
		{
			"from": [1.5, 1, 1.5],
			"to": [14.5, 12, 11.5],
			"rotation": {"angle": 0, "axis": "y", "origin": [0.5, 1, 13.5]},
			"faces": {
				"north": {"uv": [9.5, 0, 16, 5.5], "texture": "#0"},
				"east": {"uv": [16, 5.5, 11, 11], "texture": "#0"},
				"south": {"uv": [9.5, 0, 16, 5.5], "texture": "#0"},
				"west": {"uv": [11, 5.5, 16, 11], "texture": "#0"},
				"up": {"uv": [9.5, 11, 16, 16], "texture": "#0"},
				"down": {"uv": [0, 9.5, 6.5, 14.5], "texture": "#0"}
			}
		},
		{
			"from": [3.75, 2, -0.5],
			"to": [12.25, 8, 1.5],
			"rotation": {"angle": 0, "axis": "y", "origin": [3.5, 2, -0.5]},
			"faces": {
				"north": {"uv": [0, 0, 4, 3], "texture": "#1"},
				"east": {"uv": [4.5, 1, 5, 4], "texture": "#1"},
				"south": {"uv": [0, 3, 4.5, 6], "texture": "#1"},
				"west": {"uv": [4.5, 4, 5, 7], "texture": "#1"},
				"up": {"uv": [9, 0.5, 5, 0], "texture": "#1"},
				"down": {"uv": [9, 0.5, 4.5, 1], "texture": "#1"}
			}
		},
		{
			"from": [14.5, 3, 3.75],
			"to": [16.5, 8, 9.75],
			"rotation": {"angle": 0, "axis": "y", "origin": [14.5, 3, 2.75]},
			"faces": {
				"north": {"uv": [3, 0, 4, 2.5], "texture": "#1"},
				"east": {"uv": [0.5, 0, 3.5, 2.5], "texture": "#1"},
				"south": {"uv": [0, 0, 1, 2.5], "texture": "#1"},
				"west": {"uv": [0, 0, 3, 2.5], "texture": "#1"},
				"up": {"uv": [0.5, 0.5, 3, 0], "rotation": 90, "texture": "#1"},
				"down": {"uv": [0.5, 2.5, 3, 3], "texture": "#1"}
			}
		},
		{
			"from": [-0.5, 3, 3.75],
			"to": [1.5, 8, 9.75],
			"rotation": {"angle": 0, "axis": "y", "origin": [1.5, 3, 2.75]},
			"faces": {
				"north": {"uv": [4, 0, 3, 2.5], "texture": "#1"},
				"east": {"uv": [3, 0, 0, 2.5], "texture": "#1"},
				"south": {"uv": [1, 0, 0, 2.5], "texture": "#1"},
				"west": {"uv": [3.5, 0, 0.5, 2.5], "texture": "#1"},
				"up": {"uv": [0.5, 0, 3, 0.5], "rotation": 90, "texture": "#1"},
				"down": {"uv": [3, 2.5, 0.5, 3], "texture": "#1"}
			}
		},
		{
			"from": [1.5, 12, 8],
			"to": [14.5, 18, 11.5],
			"rotation": {"angle": 0, "axis": "y", "origin": [1.5, 12, 9.5]},
			"faces": {
				"north": {"uv": [0, 7, 6.5, 10], "texture": "#1"},
				"east": {"uv": [6.5, 7, 8.25, 10], "texture": "#1"},
				"south": {"uv": [0, 12, 6.5, 15], "texture": "#1"},
				"west": {"uv": [8.25, 7, 6.5, 10], "texture": "#1"},
				"up": {"uv": [0, 10, 6.5, 11.75], "texture": "#1"},
				"down": {"uv": [0, 0, 6.5, 1.75], "texture": "#1"}
			}
		},
		{
			"from": [13.5, 7, 11.5],
			"to": [15.5, 17.5, 18.5],
			"rotation": {"angle": 0, "axis": "y", "origin": [13.5, 2, 10.5]},
			"faces": {
				"north": {"uv": [12.5, 7.5, 13.5, 0], "texture": "#1"},
				"east": {"uv": [9, 0, 12.5, 7.5], "texture": "#1"},
				"south": {"uv": [13.5, 7.5, 12.5, 0], "texture": "#1"},
				"west": {"uv": [9, 0, 12.5, 7.5], "texture": "#1"},
				"up": {"uv": [5.5, 0, 6.5, 0.5], "texture": "#1"},
				"down": {"uv": [9, 7, 12.5, 7.5], "texture": "#1"}
			}
		},
		{
			"from": [0.5, 7, 11.5],
			"to": [2.5, 17.5, 18.5],
			"rotation": {"angle": 0, "axis": "y", "origin": [2.5, 2, 10.5]},
			"faces": {
				"north": {"uv": [13.5, 7.5, 12.5, 0], "texture": "#1"},
				"east": {"uv": [12.5, 0, 9, 7.5], "texture": "#1"},
				"south": {"uv": [12.5, 7.5, 13.5, 0], "texture": "#1"},
				"west": {"uv": [12.5, 0, 9, 7.5], "texture": "#1"},
				"up": {"uv": [6.5, 0, 5.5, 0.5], "texture": "#1"},
				"down": {"uv": [12.5, 7, 9, 7.5], "texture": "#1"}
			}
		},
		{
			"from": [10.9, 11.5, -1],
			"to": [11.9, 12.5, 5],
			"rotation": {"angle": -45, "axis": "x", "origin": [11.4, 12, 1]},
			"faces": {
				"north": {"uv": [9, 0, 9.5, 0.5], "rotation": 180, "texture": "#0"},
				"east": {"uv": [9.5, 0, 9, 3], "rotation": 270, "texture": "#0"},
				"south": {"uv": [9, 0, 9.5, 0.5], "rotation": 180, "texture": "#0"},
				"west": {"uv": [9, 0, 9.5, 3], "rotation": 90, "texture": "#0"},
				"up": {"uv": [9, 0, 9.5, 3], "rotation": 180, "texture": "#0"},
				"down": {"uv": [9, 3, 9.5, 0], "rotation": 180, "texture": "#0"}
			}
		},
		{
			"from": [4.1, 11.5, -1],
			"to": [5.1, 12.5, 5],
			"rotation": {"angle": -45, "axis": "x", "origin": [4.6, 12, 1]},
			"faces": {
				"north": {"uv": [9.5, 0, 9, 0.5], "rotation": 180, "texture": "#0"},
				"east": {"uv": [9, 3, 9.5, 0], "rotation": 90, "texture": "#0"},
				"south": {"uv": [9.5, 0, 9, 0.5], "rotation": 180, "texture": "#0"},
				"west": {"uv": [9.5, 3, 9, 0], "rotation": 270, "texture": "#0"},
				"up": {"uv": [9.5, 0, 9, 3], "rotation": 180, "texture": "#0"},
				"down": {"uv": [9.5, 3, 9, 0], "rotation": 180, "texture": "#0"}
			}
		},
		{
			"name": "body",
			"from": [4.5, 11.95, 2.85],
			"to": [11.5, 16.7, 8.55],
			"rotation": {"angle": 0, "axis": "y", "origin": [4.5, 7.7, 3.1]},
			"faces": {
				"north": {"uv": [0, 7, 3.5, 9.375], "texture": "#0"},
				"east": {"uv": [0, 4, 2.75, 6.375], "texture": "#0"},
				"south": {"uv": [0, 4, 3.5, 6.375], "texture": "#0"},
				"west": {"uv": [0, 4, 2.75, 6.375], "texture": "#0"},
				"up": {"uv": [0, 4, 3.5, 6.75], "texture": "#0"},
				"down": {"uv": [0, 4, 3.5, 6.75], "texture": "#0"}
			}
		},
		{
			"name": "head",
			"from": [4, 14.75, -0.25],
			"to": [12, 22.75, 7.75],
			"rotation": {"angle": -22.5, "axis": "x", "origin": [8.25, 18.25, 3.625]},
			"faces": {
				"north": {"uv": [4.5, 0, 9, 4], "texture": "#0"},
				"east": {"uv": [3.5, 4, 7.5, 7.5], "texture": "#0"},
				"south": {"uv": [3.5, 4, 7.5, 7.5], "texture": "#0"},
				"west": {"uv": [7.5, 4, 3.5, 7.5], "texture": "#0"},
				"up": {"uv": [4.5, 4, 0, 0], "texture": "#0"},
				"down": {"uv": [4.5, 0, 0, 4], "texture": "#0"}
			}
		}
	],
	"display": {
		"thirdperson_righthand": {
			"scale": [0.5, 0.5, 0.5]
		},
		"thirdperson_lefthand": {
			"scale": [0.5, 0.5, 0.5]
		},
		"firstperson_righthand": {
			"scale": [0.5, 0.5, 0.5]
		},
		"firstperson_lefthand": {
			"scale": [0.5, 0.5, 0.5]
		},
		"ground": {
			"scale": [0.5, 0.5, 0.5]
		},
		"gui": {
			"rotation": [-161.75, 36.75, 180],
			"translation": [0, -1.75, 0],
			"scale": [0.5, 0.5, 0.5]
		},
		"head": {
			"rotation": [180, 0, 180],
			"translation": [0, -15.75, 7.5]
		},
		"fixed": {
			"rotation": [-90, 0, 0],
			"translation": [0, 0.5, -6]
		}
	},
	"groups": [
		0,
		1,
		2,
		3,
		4,
		5,
		6,
		{
			"name": "arms",
			"origin": [10.9, 12, 0.5],
			"color": 0,
			"children": [7, 8]
		},
		9,
		10
	]
}