{
	"credit": "Made with Blockbench",
	"parent": "minecraft:carved_pumpkin",
	"textures": {
		"0": "block/snow_golem",
		"1": "block/black_concrete",
		"particle": "block/snow_golem"
	},
	"elements": [
		{
			"from": [5, 8, 6],
			"to": [11, 14, 12],
			"rotation": {"angle": 0, "axis": "y", "origin": [5, 8, 6]},
			"faces": {
				"north": {"uv": [2.5, 6.5, 5, 9], "texture": "#0"},
				"east": {"uv": [4, 0, 6, 2], "texture": "#0"},
				"south": {"uv": [4, 2, 6, 4], "texture": "#0"},
				"west": {"uv": [6, 2, 8, 4], "texture": "#0"},
				"up": {"uv": [4, 0, 6, 2], "texture": "#0"},
				"down": {"uv": [8.75, 12, 12, 15], "texture": "#0"}
			}
		},
		{
			"from": [11, 11, 9],
			"to": [18, 12, 10],
			"rotation": {"angle": 22.5, "axis": "z", "origin": [11, 11, 9]},
			"faces": {
				"north": {"uv": [8.5, 0, 10.5, 0.5], "texture": "#0"},
				"east": {"uv": [14.5, 0.5, 15, 1], "texture": "#0"},
				"south": {"uv": [8.5, 0, 10.5, 0.5], "texture": "#0"},
				"west": {"uv": [8.5, 0, 10.5, 0.5], "texture": "#0"},
				"up": {"uv": [8.5, 0, 10.5, 0.5], "texture": "#0"},
				"down": {"uv": [8.5, 0, 10.5, 0.5], "texture": "#0"}
			}
		},
		{
			"from": [-2, 10, 9],
			"to": [5, 11, 10],
			"rotation": {"angle": 22.5, "axis": "z", "origin": [5, 11, 9]},
			"faces": {
				"north": {"uv": [8.5, 0, 10.5, 0.5], "rotation": 180, "texture": "#0"},
				"east": {"uv": [8.5, 0, 10.5, 0.5], "rotation": 180, "texture": "#0"},
				"south": {"uv": [8.5, 0, 10.5, 0.5], "rotation": 180, "texture": "#0"},
				"west": {"uv": [14.5, 0.5, 15, 1], "rotation": 180, "texture": "#0"},
				"up": {"uv": [8.5, 0, 10.5, 0.5], "rotation": 180, "texture": "#0"},
				"down": {"uv": [8.5, 0, 10.5, 0.5], "rotation": 180, "texture": "#0"}
			}
		},
		{
			"from": [4, 0, 5],
			"to": [12, 8, 13],
			"rotation": {"angle": 0, "axis": "y", "origin": [4, 0, 5]},
			"faces": {
				"north": {"uv": [2.75, 12, 6.25, 15], "texture": "#0"},
				"east": {"uv": [4, 0, 6, 2], "texture": "#0"},
				"south": {"uv": [4, 2, 6, 4], "texture": "#0"},
				"west": {"uv": [6, 2, 8, 4], "texture": "#0"},
				"up": {"uv": [4, 0, 6, 2], "texture": "#0"},
				"down": {"uv": [8.75, 12, 12, 15], "texture": "#0"}
			}
		},
		{
			"from": [6, 14, 7],
			"to": [10, 18, 11],
			"rotation": {"angle": 0, "axis": "y", "origin": [6, 14, 0]},
			"faces": {
				"north": {"uv": [2, 2, 4, 4], "texture": "#0"},
				"east": {"uv": [4, 0, 6, 2], "texture": "#0"},
				"south": {"uv": [4, 2, 6, 4], "texture": "#0"},
				"west": {"uv": [6, 2, 8, 4], "texture": "#0"},
				"up": {"uv": [4, 0, 6, 2], "texture": "#0"},
				"down": {"uv": [8.75, 12, 12, 15], "texture": "#0"}
			}
		},
		{
			"from": [5, 18, 6],
			"to": [11, 19, 12],
			"rotation": {"angle": 0, "axis": "y", "origin": [5, 18, 6]},
			"faces": {
				"north": {"uv": [2, 2, 4, 4], "texture": "#1"},
				"east": {"uv": [4, 0, 6, 2], "texture": "#1"},
				"south": {"uv": [4, 2, 6, 4], "texture": "#1"},
				"west": {"uv": [6, 2, 8, 4], "texture": "#1"},
				"up": {"uv": [4, 0, 6, 2], "texture": "#1"},
				"down": {"uv": [8.75, 12, 12, 15], "texture": "#1"}
			}
		},
		{
			"from": [6, 19, 7],
			"to": [10, 25, 11],
			"rotation": {"angle": 0, "axis": "y", "origin": [6, 19, 7]},
			"faces": {
				"north": {"uv": [2, 2, 4, 4], "texture": "#1"},
				"east": {"uv": [4, 0, 6, 2], "texture": "#1"},
				"south": {"uv": [4, 2, 6, 4], "texture": "#1"},
				"west": {"uv": [6, 2, 8, 4], "texture": "#1"},
				"up": {"uv": [4, 0, 6, 2], "texture": "#1"},
				"down": {"uv": [8.75, 12, 12, 15], "texture": "#1"}
			}
		}
	],
	"display": {
		"thirdperson_righthand": {
			"translation": [0, 3.75, 1.5],
			"scale": [0.5, 0.5, 0.5]
		},
		"thirdperson_lefthand": {
			"translation": [0, 3.75, 1.5],
			"scale": [0.5, 0.5, 0.5]
		},
		"firstperson_righthand": {
			"translation": [0, 3.75, 1.5],
			"scale": [0.5, 0.5, 0.5]
		},
		"firstperson_lefthand": {
			"translation": [0, 3.75, 1.5],
			"scale": [0.5, 0.5, 0.5]
		},
		"ground": {
			"translation": [0, -1.5, 1.5],
			"scale": [0.5, 0.5, 0.5]
		},
		"gui": {
			"rotation": [-163.55, 18.45, -179.46],
			"translation": [0, -2.5, 0],
			"scale": [0.6, 0.6, 0.6]
		},
		"head": {
			"translation": [0, 14.25, -0.75]
		},
		"fixed": {
			"translation": [0, -1.75, -3.25]
		}
	},
	"groups": [
		{
			"name": "group",
			"origin": [8, 8, 8],
			"color": 0,
			"children": [0, 1, 2, 3, 4, 5, 6]
		}
	]
}