{
	"credit": "Made with Blockbench",
	"texture_size": [64, 64],
	"textures": {
		"1": "block/unicorntexture",
		"particle": "block/texture"
	},
	"elements": [
		{
			"from": [7, 0, 6],
			"to": [12, 5, 13],
			"rotation": {"angle": 0, "axis": "y", "origin": [9.5, 2.97067, 7.25925]},
			"faces": {
				"north": {"uv": [0, 2.5, 1.25, 3.75], "texture": "#1"},
				"east": {"uv": [5.75, 9.5, 7.5, 10.75], "texture": "#1"},
				"south": {"uv": [3, 0, 4.25, 1.25], "texture": "#1"},
				"west": {"uv": [0, 1.25, 1.75, 2.5], "texture": "#1"},
				"up": {"uv": [3, 1.75, 1.75, 0], "texture": "#1"},
				"down": {"uv": [3, 1.75, 1.75, 3.5], "texture": "#1"}
			}
		},
		{
			"from": [6.65, 0.5508, 5.77388],
			"to": [8.85, 2.5508, 8.52388],
			"rotation": {"angle": 22.5, "axis": "x", "origin": [9.5, 2.97067, 7.25925]},
			"faces": {
				"north": {"uv": [7.25, 6, 7.75, 6.5], "texture": "#1"},
				"east": {"uv": [6.25, 2.75, 7, 3.25], "texture": "#1"},
				"south": {"uv": [7, 7.25, 7.5, 7.75], "texture": "#1"},
				"west": {"uv": [3.25, 6.25, 4, 6.75], "texture": "#1"},
				"up": {"uv": [4.5, 7, 4, 6.25], "texture": "#1"},
				"down": {"uv": [6.75, 6, 6.25, 6.75], "texture": "#1"}
			}
		},
		{
			"from": [10.15, 0, 5],
			"to": [12.35, 2, 8.25],
			"rotation": {"angle": 0, "axis": "y", "origin": [9.5, 2.97067, 7.25925]},
			"faces": {
				"north": {"uv": [0, 7.5, 0.5, 8], "texture": "#1"},
				"east": {"uv": [6.25, 3.25, 7, 3.75], "texture": "#1"},
				"south": {"uv": [7.5, 0, 8, 0.5], "texture": "#1"},
				"west": {"uv": [0, 6.5, 0.75, 7], "texture": "#1"},
				"up": {"uv": [8, 10.25, 7.5, 9.5], "texture": "#1"},
				"down": {"uv": [4.5, 9.75, 4, 10.5], "texture": "#1"}
			}
		},
		{
			"from": [6.75, 2.35921, 2.93529],
			"to": [8.75, 3.60921, 5.93529],
			"rotation": {"angle": -22.5, "axis": "x", "origin": [9.5, 2.97067, 7.25925]},
			"faces": {
				"north": {"uv": [4.25, 1, 4.75, 1.25], "texture": "#1"},
				"east": {"uv": [5.75, 10.75, 6.5, 11], "texture": "#1"},
				"south": {"uv": [4.75, 4, 5.25, 4.25], "texture": "#1"},
				"west": {"uv": [3.75, 7, 4.5, 7.25], "texture": "#1"},
				"up": {"uv": [2.25, 7.25, 1.75, 6.5], "texture": "#1"},
				"down": {"uv": [2.75, 6.5, 2.25, 7.25], "texture": "#1"}
			}
		},
		{
			"from": [10.25, 0.19396, 2.21142],
			"to": [12.25, 1.69396, 5.21142],
			"rotation": {"angle": 0, "axis": "x", "origin": [9.5, 2.97067, 7.25925]},
			"faces": {
				"north": {"uv": [0.5, 7.5, 1, 8], "texture": "#1"},
				"east": {"uv": [6.5, 3.75, 7.25, 4.25], "texture": "#1"},
				"south": {"uv": [7.5, 0.5, 8, 1], "texture": "#1"},
				"west": {"uv": [6.5, 4.25, 7.25, 4.75], "texture": "#1"},
				"up": {"uv": [5, 7.25, 4.5, 6.5], "texture": "#1"},
				"down": {"uv": [5.5, 6.5, 5, 7.25], "texture": "#1"}
			}
		},
		{
			"from": [6.85, 0, 2],
			"to": [8.65, 1.75, 4],
			"rotation": {"angle": 0, "axis": "y", "origin": [9.5, 2.97067, 7.25925]},
			"faces": {
				"north": {"uv": [1, 7.5, 1.5, 8], "texture": "#1"},
				"east": {"uv": [7.5, 1, 8, 1.5], "texture": "#1"},
				"south": {"uv": [1.5, 7.5, 2, 8], "texture": "#1"},
				"west": {"uv": [7.5, 1.5, 8, 2], "texture": "#1"},
				"up": {"uv": [2.5, 8, 2, 7.5], "texture": "#1"},
				"down": {"uv": [3.75, 7.5, 3.25, 8], "texture": "#1"}
			}
		},
		{
			"from": [6.2, 0, 8.5],
			"to": [8, 1.75, 10.5],
			"rotation": {"angle": 0, "axis": "y", "origin": [9.5, 2.97067, 7.25925]},
			"faces": {
				"north": {"uv": [3.75, 7.5, 4.25, 8], "texture": "#1"},
				"east": {"uv": [4.25, 7.5, 4.75, 8], "texture": "#1"},
				"south": {"uv": [7.5, 7.25, 8, 7.75], "texture": "#1"},
				"west": {"uv": [7.75, 5.75, 8.25, 6.25], "texture": "#1"},
				"up": {"uv": [8.25, 6.75, 7.75, 6.25], "texture": "#1"},
				"down": {"uv": [7.5, 7.75, 7, 8.25], "texture": "#1"}
			}
		},
		{
			"from": [11, 0, 8.5],
			"to": [12.9, 1.75, 10.5],
			"rotation": {"angle": 0, "axis": "y", "origin": [9.5, 2.97067, 7.25925]},
			"faces": {
				"north": {"uv": [7.5, 7.75, 8, 8.25], "texture": "#1"},
				"east": {"uv": [0, 8, 0.5, 8.5], "texture": "#1"},
				"south": {"uv": [8, 0, 8.5, 0.5], "texture": "#1"},
				"west": {"uv": [0.5, 8, 1, 8.5], "texture": "#1"},
				"up": {"uv": [8.5, 1, 8, 0.5], "texture": "#1"},
				"down": {"uv": [1.5, 8, 1, 8.5], "texture": "#1"}
			}
		},
		{
			"from": [10.35, 0, 0.75],
			"to": [12.15, 1.5, 2.75],
			"rotation": {"angle": 0, "axis": "y", "origin": [9.5, 2.97067, 7.25925]},
			"faces": {
				"north": {"uv": [8, 1, 8.5, 1.5], "texture": "#1"},
				"east": {"uv": [1.5, 8, 2, 8.5], "texture": "#1"},
				"south": {"uv": [8, 1.5, 8.5, 2], "texture": "#1"},
				"west": {"uv": [2, 8, 2.5, 8.5], "texture": "#1"},
				"up": {"uv": [8.5, 2.5, 8, 2], "texture": "#1"},
				"down": {"uv": [3.75, 8, 3.25, 8.5], "texture": "#1"}
			}
		},
		{
			"from": [6, 2.50541, 11.08671],
			"to": [9, 6.50541, 14.08671],
			"rotation": {"angle": 22.5, "axis": "x", "origin": [9.5, 2.97067, 7.25925]},
			"faces": {
				"north": {"uv": [3.75, 4.25, 4.5, 5.25], "texture": "#1"},
				"east": {"uv": [4.5, 4.25, 5.25, 5.25], "texture": "#1"},
				"south": {"uv": [0, 4.75, 0.75, 5.75], "texture": "#1"},
				"west": {"uv": [4.75, 1, 5.5, 2], "texture": "#1"},
				"up": {"uv": [6, 6, 5.25, 5.25], "texture": "#1"},
				"down": {"uv": [6.25, 0.75, 5.5, 1.5], "texture": "#1"}
			}
		},
		{
			"from": [10, 2.50541, 11.08671],
			"to": [12.9, 6.50541, 14.08671],
			"rotation": {"angle": 22.5, "axis": "x", "origin": [9.5, 2.97067, 7.25925]},
			"faces": {
				"north": {"uv": [4.75, 2, 5.5, 3], "texture": "#1"},
				"east": {"uv": [4.75, 3, 5.5, 4], "texture": "#1"},
				"south": {"uv": [0.75, 5, 1.5, 6], "texture": "#1"},
				"west": {"uv": [1.5, 5, 2.25, 6], "texture": "#1"},
				"up": {"uv": [2, 10.75, 1.25, 10], "texture": "#1"},
				"down": {"uv": [6.25, 2.25, 5.5, 3], "texture": "#1"}
			}
		},
		{
			"from": [6.1, 0, 10],
			"to": [7, 2, 13],
			"rotation": {"angle": 0, "axis": "y", "origin": [9.5, 2.97067, 7.25925]},
			"faces": {
				"north": {"uv": [9, 2.25, 9.25, 2.75], "texture": "#1"},
				"east": {"uv": [6.5, 4.75, 7.25, 5.25], "texture": "#1"},
				"south": {"uv": [9.25, 0.25, 9.5, 0.75], "texture": "#1"},
				"west": {"uv": [5.5, 6.5, 6.25, 7], "texture": "#1"},
				"up": {"uv": [3, 4.25, 2.75, 3.5], "texture": "#1"},
				"down": {"uv": [2, 8.75, 1.75, 9.5], "texture": "#1"}
			}
		},
		{
			"from": [12, 0, 10],
			"to": [13, 2, 13],
			"rotation": {"angle": 0, "axis": "y", "origin": [9.5, 2.97067, 7.25925]},
			"faces": {
				"north": {"uv": [9.25, 0.75, 9.5, 1.25], "texture": "#1"},
				"east": {"uv": [6.75, 0, 7.5, 0.5], "texture": "#1"},
				"south": {"uv": [9.25, 1.5, 9.5, 2], "texture": "#1"},
				"west": {"uv": [6.75, 0.5, 7.5, 1], "texture": "#1"},
				"up": {"uv": [2.25, 9.5, 2, 8.75], "texture": "#1"},
				"down": {"uv": [2.5, 8.75, 2.25, 9.5], "texture": "#1"}
			}
		},
		{
			"from": [8, 2.32742, 5.87245],
			"to": [11, 8.32742, 8.87245],
			"rotation": {"angle": -22.5, "axis": "x", "origin": [9.5, 2.97067, 7.25925]},
			"faces": {
				"north": {"uv": [3, 1.25, 3.75, 2.75], "texture": "#1"},
				"east": {"uv": [3, 2.75, 3.75, 4.25], "texture": "#1"},
				"south": {"uv": [1.25, 3.5, 2, 5], "texture": "#1"},
				"west": {"uv": [2, 3.5, 2.75, 5], "texture": "#1"},
				"up": {"uv": [6.25, 3.75, 5.5, 3], "texture": "#1"},
				"down": {"uv": [0.75, 5.75, 0, 6.5], "texture": "#1"}
			}
		},
		{
			"from": [7.5, 6.5, 3],
			"to": [11.5, 10, 7],
			"rotation": {"angle": 0, "axis": "x", "origin": [9.5, 8.3125, 3.5625]},
			"faces": {
				"north": {"uv": [0, 3.75, 1, 4.75], "texture": "#1"},
				"east": {"uv": [3.75, 1.25, 4.75, 2.25], "texture": "#1"},
				"south": {"uv": [3.75, 2.25, 4.75, 3.25], "texture": "#1"},
				"west": {"uv": [3.75, 3.25, 4.75, 4.25], "texture": "#1"},
				"up": {"uv": [5.25, 1, 4.25, 0], "texture": "#1"},
				"down": {"uv": [3.75, 4.25, 2.75, 5.25], "texture": "#1"}
			}
		},
		{
			"from": [8, 7, 0.25],
			"to": [11, 10, 4],
			"rotation": {"angle": 0, "axis": "x", "origin": [9.5, 8.3125, 3.5625]},
			"faces": {
				"north": {"uv": [5.75, 3.75, 6.5, 4.5], "texture": "#1"},
				"east": {"uv": [5.25, 0, 6.25, 0.75], "texture": "#1"},
				"south": {"uv": [5.75, 4.5, 6.5, 5.25], "texture": "#1"},
				"west": {"uv": [2.25, 5.25, 3.25, 6], "texture": "#1"},
				"up": {"uv": [4, 6.25, 3.25, 5.25], "texture": "#1"},
				"down": {"uv": [4.75, 5.25, 4, 6.25], "texture": "#1"}
			}
		},
		{
			"from": [9.25, 9.75, 2],
			"to": [9.75, 14.75, 3.25],
			"rotation": {"angle": -22.5, "axis": "x", "origin": [9.5, 12.25, 3.625]},
			"faces": {
				"north": {"uv": [1, 3.75, 1.25, 5], "texture": "#1"},
				"east": {"uv": [2.75, 7, 3, 8.25], "texture": "#1"},
				"south": {"uv": [3, 7, 3.25, 8.25], "texture": "#1"},
				"west": {"uv": [2.5, 7.25, 2.75, 8.5], "texture": "#1"},
				"up": {"uv": [5.75, 4, 5.5, 3.75], "texture": "#1"},
				"down": {"uv": [4.75, 6.25, 4.5, 6.5], "texture": "#1"}
			}
		},
		{
			"from": [7.5, 10, 5.75],
			"to": [8, 12, 7],
			"faces": {
				"north": {"uv": [8.75, 3.25, 9, 4], "texture": "#1"},
				"east": {"uv": [8.75, 4, 9, 4.75], "texture": "#1"},
				"south": {"uv": [4.75, 8.75, 5, 9.5], "texture": "#1"},
				"west": {"uv": [5, 8.75, 5.25, 9.5], "texture": "#1"},
				"up": {"uv": [4, 7, 3.75, 6.75], "texture": "#1"},
				"down": {"uv": [9.25, 1, 9, 1.25], "texture": "#1"}
			}
		},
		{
			"from": [11, 10, 5.75],
			"to": [11.5, 12, 7],
			"faces": {
				"north": {"uv": [5.25, 8.75, 5.5, 9.5], "texture": "#1"},
				"east": {"uv": [5.5, 8.75, 5.75, 9.5], "texture": "#1"},
				"south": {"uv": [8.75, 8.25, 9, 9], "texture": "#1"},
				"west": {"uv": [9, 0.25, 9.25, 1], "texture": "#1"},
				"up": {"uv": [9.5, 4.5, 9.25, 4.25], "texture": "#1"},
				"down": {"uv": [4.75, 9.25, 4.5, 9.5], "texture": "#1"}
			}
		},
		{
			"from": [9, 10, 4],
			"to": [10, 11, 5],
			"faces": {
				"north": {"uv": [9.25, 4.5, 9.5, 4.75], "texture": "#1"},
				"east": {"uv": [9.25, 5, 9.5, 5.25], "texture": "#1"},
				"south": {"uv": [9.25, 5.5, 9.5, 5.75], "texture": "#1"},
				"west": {"uv": [9.25, 5.75, 9.5, 6], "texture": "#1"},
				"up": {"uv": [9.5, 6.25, 9.25, 6], "texture": "#1"},
				"down": {"uv": [9.5, 6.25, 9.25, 6.5], "texture": "#1"}
			}
		},
		{
			"from": [7.35, 8.5, 4.5],
			"to": [11.65, 9.75, 5.75],
			"faces": {
				"north": {"uv": [7.75, 6.75, 8.75, 7], "texture": "#1"},
				"east": {"uv": [9.25, 6.5, 9.5, 6.75], "texture": "#1"},
				"south": {"uv": [8, 2.5, 9, 2.75], "texture": "#1"},
				"west": {"uv": [9.25, 6.75, 9.5, 7], "texture": "#1"},
				"up": {"uv": [4.75, 8.25, 3.75, 8], "texture": "#1"},
				"down": {"uv": [9, 7.25, 8, 7.5], "texture": "#1"}
			}
		},
		{
			"from": [9.1, 9, 5],
			"to": [9.9, 11.75, 6],
			"rotation": {"angle": 22.5, "axis": "x", "origin": [9.5, 11, 5.5]},
			"faces": {
				"north": {"uv": [9, 1.5, 9.25, 2.25], "texture": "#1"},
				"east": {"uv": [9, 3.25, 9.25, 4], "texture": "#1"},
				"south": {"uv": [9, 4, 9.25, 4.75], "texture": "#1"},
				"west": {"uv": [9, 8.25, 9.25, 9], "texture": "#1"},
				"up": {"uv": [7.25, 9.5, 7, 9.25], "texture": "#1"},
				"down": {"uv": [9.5, 7, 9.25, 7.25], "texture": "#1"}
			}
		},
		{
			"from": [9.25, 9, 5.25],
			"to": [9.5, 12.5, 6.25],
			"rotation": {"angle": 22.5, "axis": "x", "origin": [9.5, 11, 5.5]},
			"faces": {
				"north": {"uv": [4.75, 7.5, 5, 8.5], "texture": "#1"},
				"east": {"uv": [8, 7.5, 8.25, 8.5], "texture": "#1"},
				"south": {"uv": [2.75, 8.25, 3, 9.25], "texture": "#1"},
				"west": {"uv": [3, 8.25, 3.25, 9.25], "texture": "#1"},
				"up": {"uv": [7.5, 9.5, 7.25, 9.25], "texture": "#1"},
				"down": {"uv": [7.75, 9.25, 7.5, 9.5], "texture": "#1"}
			}
		},
		{
			"from": [9, 10.25, 5],
			"to": [10, 11.75, 8],
			"rotation": {"angle": -45, "axis": "x", "origin": [9.5, 10, 7]},
			"faces": {
				"north": {"uv": [9.25, 2, 9.5, 2.5], "texture": "#1"},
				"east": {"uv": [6.75, 1, 7.5, 1.5], "texture": "#1"},
				"south": {"uv": [2.75, 9.25, 3, 9.75], "texture": "#1"},
				"west": {"uv": [6.75, 1.5, 7.5, 2], "texture": "#1"},
				"up": {"uv": [9, 9.75, 8.75, 9], "texture": "#1"},
				"down": {"uv": [9.25, 9, 9, 9.75], "texture": "#1"}
			}
		},
		{
			"from": [9.25, 10, 5],
			"to": [9.75, 11.75, 8.5],
			"rotation": {"angle": -45, "axis": "x", "origin": [9.5, 10, 7]},
			"faces": {
				"north": {"uv": [3, 9.25, 3.25, 9.75], "texture": "#1"},
				"east": {"uv": [0.75, 6, 1.75, 6.5], "texture": "#1"},
				"south": {"uv": [9.25, 3.25, 9.5, 3.75], "texture": "#1"},
				"west": {"uv": [1.75, 6, 2.75, 6.5], "texture": "#1"},
				"up": {"uv": [4, 9.25, 3.75, 8.25], "texture": "#1"},
				"down": {"uv": [4.25, 8.25, 4, 9.25], "texture": "#1"}
			}
		},
		{
			"from": [9.2, 9.68934, 4.85355],
			"to": [9.8, 10.98934, 8.85355],
			"rotation": {"angle": 0, "axis": "x", "origin": [9.5, 8.93934, 7.35355]},
			"faces": {
				"north": {"uv": [9.25, 7.5, 9.5, 7.75], "texture": "#1"},
				"east": {"uv": [8.25, 5.75, 9.25, 6], "texture": "#1"},
				"south": {"uv": [7.75, 9.25, 8, 9.5], "texture": "#1"},
				"west": {"uv": [8.25, 6, 9.25, 6.25], "texture": "#1"},
				"up": {"uv": [4.5, 9.25, 4.25, 8.25], "texture": "#1"},
				"down": {"uv": [4.75, 8.25, 4.5, 9.25], "texture": "#1"}
			}
		},
		{
			"from": [8.9, 9.68934, 4.85355],
			"to": [10, 10.38934, 9.35355],
			"rotation": {"angle": 0, "axis": "y", "origin": [9.5, 8.93934, 7.35355]},
			"faces": {
				"north": {"uv": [9.25, 7.75, 9.5, 8], "texture": "#1"},
				"east": {"uv": [8.25, 6.25, 9.25, 6.5], "texture": "#1"},
				"south": {"uv": [9.25, 8, 9.5, 8.25], "texture": "#1"},
				"west": {"uv": [8.25, 6.5, 9.25, 6.75], "texture": "#1"},
				"up": {"uv": [7.25, 9.25, 7, 8.25], "texture": "#1"},
				"down": {"uv": [7.5, 8.25, 7.25, 9.25], "texture": "#1"}
			}
		},
		{
			"from": [9, 8.68934, 5.85355],
			"to": [10, 9.68934, 9.85355],
			"rotation": {"angle": -22.5, "axis": "y", "origin": [9.5, 9.18934, 7.85355]},
			"faces": {
				"north": {"uv": [8.25, 9.25, 8.5, 9.5], "texture": "#1"},
				"east": {"uv": [8.25, 7, 9.25, 7.25], "texture": "#1"},
				"south": {"uv": [9.25, 8.25, 9.5, 8.5], "texture": "#1"},
				"west": {"uv": [8.25, 7.5, 9.25, 7.75], "texture": "#1"},
				"up": {"uv": [7.75, 9.25, 7.5, 8.25], "texture": "#1"},
				"down": {"uv": [8, 8.25, 7.75, 9.25], "texture": "#1"}
			}
		},
		{
			"from": [9.3, 8.43934, 5.15355],
			"to": [9.6, 9.53934, 9.65355],
			"rotation": {"angle": -22.5, "axis": "y", "origin": [9.5, 9.18934, 7.85355]},
			"faces": {
				"north": {"uv": [8.5, 9.25, 8.75, 9.5], "texture": "#1"},
				"east": {"uv": [7.25, 3.75, 8.5, 4], "texture": "#1"},
				"south": {"uv": [9.25, 8.5, 9.5, 8.75], "texture": "#1"},
				"west": {"uv": [7.25, 4, 8.5, 4.25], "texture": "#1"},
				"up": {"uv": [5.25, 8.5, 5, 7.25], "texture": "#1"},
				"down": {"uv": [5.5, 7.25, 5.25, 8.5], "texture": "#1"}
			}
		},
		{
			"from": [9, 7.68934, 5.85355],
			"to": [10, 8.68934, 9.85355],
			"rotation": {"angle": -22.5, "axis": "y", "origin": [9.5, 8.18934, 7.85355]},
			"faces": {
				"north": {"uv": [9.25, 8.75, 9.5, 9], "texture": "#1"},
				"east": {"uv": [8.25, 7.75, 9.25, 8], "texture": "#1"},
				"south": {"uv": [9.25, 9, 9.5, 9.25], "texture": "#1"},
				"west": {"uv": [8.25, 8, 9.25, 8.25], "texture": "#1"},
				"up": {"uv": [8.5, 9.25, 8.25, 8.25], "texture": "#1"},
				"down": {"uv": [0.25, 8.5, 0, 9.5], "texture": "#1"}
			}
		},
		{
			"from": [8.5, 6.68934, 6.85355],
			"to": [9.5, 7.68934, 10.85355],
			"rotation": {"angle": -22.5, "axis": "y", "origin": [9.5, 7.18934, 8.85355]},
			"faces": {
				"north": {"uv": [9.25, 9.25, 9.5, 9.5], "texture": "#1"},
				"east": {"uv": [8.5, 0, 9.5, 0.25], "texture": "#1"},
				"south": {"uv": [0, 9.5, 0.25, 9.75], "texture": "#1"},
				"west": {"uv": [0.25, 8.5, 1.25, 8.75], "texture": "#1"},
				"up": {"uv": [8.75, 1.25, 8.5, 0.25], "texture": "#1"},
				"down": {"uv": [1.5, 8.5, 1.25, 9.5], "texture": "#1"}
			}
		},
		{
			"from": [8.5, 7.68934, 6.85355],
			"to": [9.25, 8.18934, 11.35355],
			"rotation": {"angle": -22.5, "axis": "y", "origin": [9.5, 7.18934, 8.85355]},
			"faces": {
				"north": {"uv": [9.5, 0, 9.75, 0.25], "texture": "#1"},
				"east": {"uv": [8.5, 1.25, 9.5, 1.5], "texture": "#1"},
				"south": {"uv": [9.5, 0.25, 9.75, 0.5], "texture": "#1"},
				"west": {"uv": [1.5, 8.5, 2.5, 8.75], "texture": "#1"},
				"up": {"uv": [8.75, 2.5, 8.5, 1.5], "texture": "#1"},
				"down": {"uv": [2.75, 8.5, 2.5, 9.5], "texture": "#1"}
			}
		},
		{
			"from": [8.35, 6.68934, 6.85355],
			"to": [9, 7.03934, 11.35355],
			"rotation": {"angle": -22.5, "axis": "y", "origin": [9.5, 7.18934, 8.85355]},
			"faces": {
				"north": {"uv": [9.5, 0.5, 9.75, 0.75], "texture": "#1"},
				"east": {"uv": [8.5, 2.75, 9.5, 3], "texture": "#1"},
				"south": {"uv": [9.5, 0.75, 9.75, 1], "texture": "#1"},
				"west": {"uv": [8.5, 3, 9.5, 3.25], "texture": "#1"},
				"up": {"uv": [3.5, 9.5, 3.25, 8.5], "texture": "#1"},
				"down": {"uv": [8.75, 3.25, 8.5, 4.25], "texture": "#1"}
			}
		},
		{
			"from": [8.25, 5.68934, 6.85355],
			"to": [9.25, 6.68934, 11.85355],
			"rotation": {"angle": -22.5, "axis": "y", "origin": [9.5, 6.18934, 8.85355]},
			"faces": {
				"north": {"uv": [9.5, 1, 9.75, 1.25], "texture": "#1"},
				"east": {"uv": [7.25, 4.25, 8.5, 4.5], "texture": "#1"},
				"south": {"uv": [1.25, 9.5, 1.5, 9.75], "texture": "#1"},
				"west": {"uv": [7.25, 4.5, 8.5, 4.75], "texture": "#1"},
				"up": {"uv": [5.75, 8.5, 5.5, 7.25], "texture": "#1"},
				"down": {"uv": [6, 7.25, 5.75, 8.5], "texture": "#1"}
			}
		},
		{
			"from": [7.65381, 4.68934, 6.33714],
			"to": [8.65381, 5.68934, 11.33714],
			"rotation": {"angle": -45, "axis": "y", "origin": [8.15381, 5.18934, 8.83714]},
			"faces": {
				"north": {"uv": [9.5, 1.25, 9.75, 1.5], "texture": "#1"},
				"east": {"uv": [7.25, 4.75, 8.5, 5], "texture": "#1"},
				"south": {"uv": [9.5, 1.5, 9.75, 1.75], "texture": "#1"},
				"west": {"uv": [7.25, 5, 8.5, 5.25], "texture": "#1"},
				"up": {"uv": [6.25, 8.5, 6, 7.25], "texture": "#1"},
				"down": {"uv": [6.5, 7.25, 6.25, 8.5], "texture": "#1"}
			}
		},
		{
			"from": [7.90381, 4.68934, 6.33714],
			"to": [8.90381, 6.18934, 10.83714],
			"rotation": {"angle": -45, "axis": "y", "origin": [8.15381, 5.18934, 8.83714]},
			"faces": {
				"north": {"uv": [3.75, 9.25, 4, 9.75], "texture": "#1"},
				"east": {"uv": [5.25, 6, 6.25, 6.5], "texture": "#1"},
				"south": {"uv": [9.25, 3.75, 9.5, 4.25], "texture": "#1"},
				"west": {"uv": [6, 5.25, 7, 5.75], "texture": "#1"},
				"up": {"uv": [3.75, 9.5, 3.5, 8.5], "texture": "#1"},
				"down": {"uv": [8.75, 4.25, 8.5, 5.25], "texture": "#1"}
			}
		},
		{
			"from": [8.25, 4.05588, 12.40001],
			"to": [9.75, 5.05588, 15.40001],
			"rotation": {"angle": -22.5, "axis": "y", "origin": [9.5625, 3.97109, 14.39593]},
			"faces": {
				"north": {"uv": [2.25, 5, 2.75, 5.25], "texture": "#1"},
				"east": {"uv": [8.5, 5.5, 9.25, 5.75], "texture": "#1"},
				"south": {"uv": [7.25, 6.5, 7.75, 6.75], "texture": "#1"},
				"west": {"uv": [8.75, 4.75, 9.5, 5], "texture": "#1"},
				"up": {"uv": [3.75, 7.5, 3.25, 6.75], "texture": "#1"},
				"down": {"uv": [7.25, 6, 6.75, 6.75], "texture": "#1"}
			}
		},
		{
			"from": [8.75, 4.70588, 12.50001],
			"to": [9.25, 5.20588, 16.00001],
			"rotation": {"angle": -22.5, "axis": "y", "origin": [9.5625, 3.97109, 14.39593]},
			"faces": {
				"north": {"uv": [1.75, 9.5, 2, 9.75], "texture": "#1"},
				"east": {"uv": [4.75, 8.5, 5.75, 8.75], "texture": "#1"},
				"south": {"uv": [9.5, 1.75, 9.75, 2], "texture": "#1"},
				"west": {"uv": [8.5, 5.25, 9.5, 5.5], "texture": "#1"},
				"up": {"uv": [6, 9.5, 5.75, 8.5], "texture": "#1"},
				"down": {"uv": [6.25, 8.5, 6, 9.5], "texture": "#1"}
			}
		},
		{
			"from": [9.05, 4.90588, 12.50001],
			"to": [9.55, 5.40588, 16.00001],
			"rotation": {"angle": -22.5, "axis": "y", "origin": [9.5625, 3.97109, 14.39593]},
			"faces": {
				"north": {"uv": [1.75, 9.5, 2, 9.75], "texture": "#1"},
				"east": {"uv": [4.75, 8.5, 5.75, 8.75], "texture": "#1"},
				"south": {"uv": [9.5, 1.75, 9.75, 2], "texture": "#1"},
				"west": {"uv": [8.5, 5.25, 9.5, 5.5], "texture": "#1"},
				"up": {"uv": [6, 9.5, 5.75, 8.5], "texture": "#1"},
				"down": {"uv": [6.25, 8.5, 6, 9.5], "texture": "#1"}
			}
		},
		{
			"from": [8.45, 0.26663, 15.01508],
			"to": [9.75, 4.76663, 15.51508],
			"rotation": {"angle": -22.5, "axis": "y", "origin": [9.5625, 3.97109, 14.39593]},
			"faces": {
				"north": {"uv": [5.25, 4, 5.75, 5.25], "texture": "#1"},
				"east": {"uv": [6.5, 7.25, 6.75, 8.5], "texture": "#1"},
				"south": {"uv": [4.75, 5.25, 5.25, 6.5], "texture": "#1"},
				"west": {"uv": [6.75, 7.25, 7, 8.5], "texture": "#1"},
				"up": {"uv": [9.25, 5.25, 8.75, 5], "texture": "#1"},
				"down": {"uv": [9.25, 6.75, 8.75, 7], "texture": "#1"}
			}
		},
		{
			"from": [8.5, 0.71663, 15.36508],
			"to": [9.6, 5.01663, 16.01508],
			"rotation": {"angle": -22.5, "axis": "y", "origin": [9.5625, 3.97109, 14.39593]},
			"faces": {
				"north": {"uv": [6.25, 8.5, 6.5, 9.5], "texture": "#1"},
				"east": {"uv": [1.25, 2.5, 1.75, 3.5], "texture": "#1"},
				"south": {"uv": [6.5, 8.5, 6.75, 9.5], "texture": "#1"},
				"west": {"uv": [2.75, 6, 3.25, 7], "texture": "#1"},
				"up": {"uv": [4.25, 9.75, 4, 9.25], "texture": "#1"},
				"down": {"uv": [4.5, 9.25, 4.25, 9.75], "texture": "#1"}
			}
		},
		{
			"from": [8.75, 0.01663, 15.71508],
			"to": [9.7, 4.01663, 16.26508],
			"rotation": {"angle": -22.5, "axis": "y", "origin": [9.5625, 3.97109, 14.39593]},
			"faces": {
				"north": {"uv": [6.75, 8.5, 7, 9.5], "texture": "#1"},
				"east": {"uv": [8, 8.5, 8.25, 9.5], "texture": "#1"},
				"south": {"uv": [8.5, 8.25, 8.75, 9.25], "texture": "#1"},
				"west": {"uv": [0.25, 8.75, 0.5, 9.75], "texture": "#1"},
				"up": {"uv": [2.25, 9.75, 2, 9.5], "texture": "#1"},
				"down": {"uv": [9.75, 2, 9.5, 2.25], "texture": "#1"}
			}
		},
		{
			"from": [8.5, 0.41663, 13.96508],
			"to": [9.5, 4.76663, 15.01508],
			"rotation": {"angle": -22.5, "axis": "y", "origin": [9.5625, 3.97109, 14.39593]},
			"faces": {
				"north": {"uv": [8.75, 0.25, 9, 1.25], "texture": "#1"},
				"east": {"uv": [0.5, 8.75, 0.75, 9.75], "texture": "#1"},
				"south": {"uv": [0.75, 8.75, 1, 9.75], "texture": "#1"},
				"west": {"uv": [1, 8.75, 1.25, 9.75], "texture": "#1"},
				"up": {"uv": [2.5, 9.75, 2.25, 9.5], "texture": "#1"},
				"down": {"uv": [9.75, 2.25, 9.5, 2.5], "texture": "#1"}
			}
		},
		{
			"from": [8.5, 0.71663, 12.36508],
			"to": [9.25, 4.86663, 14.11508],
			"rotation": {"angle": -22.5, "axis": "y", "origin": [9.5625, 3.97109, 14.39593]},
			"faces": {
				"north": {"uv": [8.75, 0.25, 9, 1.25], "texture": "#1"},
				"east": {"uv": [9.5, 8.5, 9.75, 9.5], "texture": "#1"},
				"south": {"uv": [0.75, 8.75, 1, 9.75], "texture": "#1"},
				"west": {"uv": [1, 8.75, 1.25, 9.75], "texture": "#1"},
				"up": {"uv": [2.5, 9.75, 2.25, 9.5], "texture": "#1"},
				"down": {"uv": [9.75, 2.25, 9.5, 2.5], "texture": "#1"}
			}
		},
		{
			"from": [8.15, 0.31663, 14.61508],
			"to": [9.85, 4.76663, 15.21508],
			"rotation": {"angle": -22.5, "axis": "y", "origin": [9.5625, 3.97109, 14.39593]},
			"faces": {
				"north": {"uv": [6.25, 0, 6.75, 1], "texture": "#1"},
				"east": {"uv": [1.5, 8.75, 1.75, 9.75], "texture": "#1"},
				"south": {"uv": [6.25, 1, 6.75, 2], "texture": "#1"},
				"west": {"uv": [8.75, 1.5, 9, 2.5], "texture": "#1"},
				"up": {"uv": [9.5, 7.5, 9, 7.25], "texture": "#1"},
				"down": {"uv": [9.75, 2.5, 9.25, 2.75], "texture": "#1"}
			}
		},
		{
			"from": [1.75, 0, 13.5],
			"to": [8.75, 0.5, 14.65],
			"rotation": {"angle": -22.5, "axis": "y", "origin": [7.125, 0.5, 15.7]},
			"faces": {
				"north": {"uv": [9.75, 1.25, 11.25, 1.5], "texture": "#1"},
				"east": {"uv": [2.5, 9.5, 2.75, 9.75], "texture": "#1"},
				"south": {"uv": [7, 2.75, 8.5, 3], "texture": "#1"},
				"west": {"uv": [9.75, 2.5, 10, 2.75], "texture": "#1"},
				"up": {"uv": [11.25, 1.25, 9.75, 1], "texture": "#1"},
				"down": {"uv": [11, 3.5, 9.5, 3.75], "texture": "#1"}
			}
		},
		{
			"from": [2.15, 0, 13.2],
			"to": [8.75, 0.4, 13.65],
			"rotation": {"angle": -22.5, "axis": "y", "origin": [7.125, 0.5, 15.7]},
			"faces": {
				"north": {"uv": [6.25, 6.75, 7.75, 7], "texture": "#1"},
				"east": {"uv": [2.5, 9.5, 2.75, 9.75], "texture": "#1"},
				"south": {"uv": [7, 2.75, 8.5, 3], "texture": "#1"},
				"west": {"uv": [9.5, 2.75, 9.75, 3], "texture": "#1"},
				"up": {"uv": [8.5, 3.25, 7, 3], "texture": "#1"},
				"down": {"uv": [8.5, 3.25, 7, 3.5], "texture": "#1"}
			}
		},
		{
			"from": [2.65, 0, 12.8],
			"to": [8.05, 0.4, 13.25],
			"rotation": {"angle": -22.5, "axis": "y", "origin": [7.125, 0.5, 15.7]},
			"faces": {
				"north": {"uv": [6.25, 6.75, 7.75, 7], "texture": "#1"},
				"east": {"uv": [2.5, 9.5, 2.75, 9.75], "texture": "#1"},
				"south": {"uv": [7, 2.75, 8.5, 3], "texture": "#1"},
				"west": {"uv": [9.75, 3, 10, 3.25], "texture": "#1"},
				"up": {"uv": [7.75, 12, 6.25, 11.75], "texture": "#1"},
				"down": {"uv": [8.5, 3.25, 7, 3.5], "texture": "#1"}
			}
		},
		{
			"from": [1, 0, 14],
			"to": [8.75, 0.75, 15],
			"rotation": {"angle": -22.5, "axis": "y", "origin": [7.125, 0.5, 15.7]},
			"faces": {
				"north": {"uv": [6, 5.75, 7.75, 6], "texture": "#1"},
				"east": {"uv": [9.5, 3, 9.75, 3.25], "texture": "#1"},
				"south": {"uv": [6.25, 2, 8, 2.25], "texture": "#1"},
				"west": {"uv": [3.25, 9.5, 3.5, 9.75], "texture": "#1"},
				"up": {"uv": [8, 2.5, 6.25, 2.25], "texture": "#1"},
				"down": {"uv": [8, 2.5, 6.25, 2.75], "texture": "#1"}
			}
		},
		{
			"from": [2, 0, 14.45],
			"to": [9, 0.85, 15.25],
			"rotation": {"angle": -22.5, "axis": "y", "origin": [7.125, 0.5, 15.7]},
			"faces": {
				"north": {"uv": [7, 3.5, 8.5, 3.75], "texture": "#1"},
				"east": {"uv": [9.5, 3.25, 9.75, 3.5], "texture": "#1"},
				"south": {"uv": [7, 5.25, 8.5, 5.5], "texture": "#1"},
				"west": {"uv": [3.5, 9.5, 3.75, 9.75], "texture": "#1"},
				"up": {"uv": [7, 7.25, 5.5, 7], "texture": "#1"},
				"down": {"uv": [8.5, 5.5, 7, 5.75], "texture": "#1"}
			}
		},
		{
			"from": [3, 0, 15.25],
			"to": [8.75, 0.55, 15.75],
			"rotation": {"angle": -22.5, "axis": "y", "origin": [7.125, 0.5, 15.7]},
			"faces": {
				"north": {"uv": [7, 7, 8.25, 7.25], "texture": "#1"},
				"east": {"uv": [0.75, 4.75, 1, 5], "texture": "#1"},
				"south": {"uv": [1.75, 6, 3, 6.25], "texture": "#1"},
				"west": {"uv": [6.75, 2.5, 7, 2.75], "texture": "#1"},
				"up": {"uv": [1.25, 10.75, 0, 10.5], "texture": "#1"},
				"down": {"uv": [5.75, 9.5, 4.5, 9.75], "texture": "#1"}
			}
		},
		{
			"from": [2.5, 0, 15.25],
			"to": [6.75, 0.3, 16.5],
			"rotation": {"angle": -22.5, "axis": "y", "origin": [7.125, 0.5, 15.7]},
			"faces": {
				"north": {"uv": [7, 7, 8.25, 7.25], "texture": "#1"},
				"east": {"uv": [0.75, 4.75, 1, 5], "texture": "#1"},
				"south": {"uv": [6.5, 10.75, 7.75, 11], "texture": "#1"},
				"west": {"uv": [5.25, 0.75, 5.5, 1], "texture": "#1"},
				"up": {"uv": [7.75, 11.25, 6.5, 11], "texture": "#1"},
				"down": {"uv": [7.75, 11.5, 6.5, 11.75], "texture": "#1"}
			}
		},
		{
			"from": [4.74964, 0, 15.65183],
			"to": [8.99964, 0.3, 16.40183],
			"rotation": {"angle": 0, "axis": "y", "origin": [6.24964, 0.15, 15.52683]},
			"faces": {
				"north": {"uv": [7, 7, 8.25, 7.25], "texture": "#1"},
				"east": {"uv": [0.75, 4.75, 1, 5], "texture": "#1"},
				"south": {"uv": [0, 7, 1.5, 7.25], "texture": "#1"},
				"west": {"uv": [5.75, 1.5, 6, 1.75], "texture": "#1"},
				"up": {"uv": [1.25, 10.5, 0, 10.25], "texture": "#1"},
				"down": {"uv": [5, 7.25, 3.75, 7.5], "texture": "#1"}
			}
		},
		{
			"from": [4.24964, 0, 15.15183],
			"to": [8.99964, 0.55, 16.15183],
			"rotation": {"angle": 0, "axis": "y", "origin": [6.24964, 0.15, 15.52683]},
			"faces": {
				"north": {"uv": [7, 7, 8.25, 7.25], "texture": "#1"},
				"east": {"uv": [0.75, 4.75, 1, 5], "texture": "#1"},
				"south": {"uv": [0, 0, 1.25, 0.25], "texture": "#1"},
				"west": {"uv": [8, 9.75, 8.25, 9.5], "texture": "#1"},
				"up": {"uv": [1.25, 10, 0, 9.75], "texture": "#1"},
				"down": {"uv": [7.75, 11.25, 6.5, 11.5], "texture": "#1"}
			}
		},
		{
			"from": [3.54964, 0, 14.65183],
			"to": [8.99964, 0.8, 15.45183],
			"rotation": {"angle": 0, "axis": "y", "origin": [6.24964, 0.15, 15.52683]},
			"faces": {
				"north": {"uv": [3.5, 7.25, 4.75, 7.5], "texture": "#1"},
				"east": {"uv": [0.75, 4.75, 1, 5], "texture": "#1"},
				"south": {"uv": [3.75, 7.5, 5, 7.25], "texture": "#1"},
				"west": {"uv": [4.75, 7.25, 5, 7.5], "texture": "#1"},
				"up": {"uv": [5, 7.5, 3.75, 7.25], "texture": "#1"},
				"down": {"uv": [5, 7.25, 3.75, 7.5], "texture": "#1"}
			}
		}
	],
	"display": {
		"thirdperson_righthand": {
			"rotation": [25.46, -33.71, -2.72],
			"translation": [-0.75, 3.25, 2]
		},
		"thirdperson_lefthand": {
			"rotation": [87.7, 17.95, -0.1],
			"translation": [2, 1.25, -3.75],
			"scale": [1.01, 1.01, 1.01]
		},
		"firstperson_righthand": {
			"rotation": [0, 9, 0],
			"translation": [2, 6.75, 0],
			"scale": [1.37, 1.37, 1.37]
		},
		"firstperson_lefthand": {
			"rotation": [17, 16, 0],
			"translation": [5, 4, 0],
			"scale": [1.27, 1.27, 1.27]
		},
		"ground": {
			"translation": [-0.25, 6.5, 0],
			"scale": [1.39, 1.39, 1.39]
		},
		"gui": {
			"rotation": [180, -49.5, 180],
			"translation": [2.5, 4.75, 5.25],
			"scale": [1.41, 1.41, 1.41]
		},
		"head": {
			"rotation": [-3, -24, 0],
			"translation": [0, 14.25, -2],
			"scale": [0.93, 0.93, 0.93]
		},
		"fixed": {
			"rotation": [-91.48, -4.94, -0.65],
			"translation": [-6.5, -7, -30.25],
			"scale": [4, 4, 4]
		}
	}
}