{
  "model": {
    "type": "range_dispatch",
    "property": "custom_model_data",
    "fallback": {
      "type": "model",
      "model": "block/carved_pumpkin"
    },
    "entries": [
      {
        "threshold": 1,
        "model": {
          "type": "model",
          "model": "block/glasses"
        }
      },
      {
        "threshold": 2,
        "model": {
          "type": "model",
          "model": "block/ophat"
        }
      },
      {
        "threshold": 3,
        "model": {
          "type": "model",
          "model": "block/pinkaxolotl"
        }
      },
      {
        "threshold": 4,
        "model": {
          "type": "model",
          "model": "block/pancakes"
        }
      },
      {
        "threshold": 5,
        "model": {
          "type": "model",
          "model": "block/mogcrown"
        }
      },
      {
        "threshold": 6,
        "model": {
          "type": "model",
          "model": "block/snail"
        }
      },
      {
        "threshold": 7,
        "model": {
          "type": "model",
          "model": "block/shulker_hat"
        }
      },
      {
        "threshold": 8,
        "model": {
          "type": "model",
          "model": "block/spacesuit"
        }
      },
      {
        "threshold": 9,
        "model": {
          "type": "model",
          "model": "block/rathat"
        }
      },
      {
        "threshold": 10,
        "model": {
          "type": "model",
          "model": "block/mimic"
        }
      },
      {
        "threshold": 11,
        "model": {
          "type": "model",
          "model": "block/dragonegg"
        }
      },
      {
        "threshold": 12,
        "model": {
          "type": "model",
          "model": "block/camera"
        }
      },
      {
        "threshold": 13,
        "model": {
          "type": "model",
          "model": "block/beardjar"
        }
      },
      {
        "threshold": 14,
        "model": {
          "type": "model",
          "model": "block/tricornhat"
        }
      },
      {
        "threshold": 15,
        "model": {
          "type": "model",
          "model": "block/horns"
        }
      },
      {
        "threshold": 16,
        "model": {
          "type": "model",
          "model": "block/chefhat"
        }
      },
      {
        "threshold": 17,
        "model": {
          "type": "model",
          "model": "block/saps"
        }
      },
      {
        "threshold": 18,
        "model": {
          "type": "model",
          "model": "block/hardhat"
        }
      },
      {
        "threshold": 19,
        "model": {
          "type": "model",
          "model": "block/allay"
        }
      },
      {
        "threshold": 20,
        "model": {
          "type": "model",
          "model": "block/llamasnailr"
        }
      },
      {
        "threshold": 21,
        "model": {
          "type": "model",
          "model": "block/llamasnailb"
        }
      },
      {
        "threshold": 22,
        "model": {
          "type": "model",
          "model": "block/wrathat"
        }
      },
      {
        "threshold": 23,
        "model": {
          "type": "model",
          "model": "block/mask"
        }
      },
      {
        "threshold": 24,
        "model": {
          "type": "model",
          "model": "block/witchhat"
        }
      },
      {
        "threshold": 25,
        "model": {
          "type": "model",
          "model": "block/fakeglasses"
        }
      },
      {
        "threshold": 26,
        "model": {
          "type": "model",
          "model": "block/xmastree"
        }
      },
      {
        "threshold": 27,
        "model": {
          "type": "model",
          "model": "block/snowglobe"
        }
      },
      {
        "threshold": 28,
        "model": {
          "type": "model",
          "model": "block/smallpresent"
        }
      },
      {
        "threshold": 29,
        "model": {
          "type": "model",
          "model": "block/santahat"
        }
      },
      {
        "threshold": 30,
        "model": {
          "type": "model",
          "model": "block/hideandseek"
        }
      },
      {
        "threshold": 31,
        "model": {
          "type": "model",
          "model": "block/amogusslime"
        }
      },
      {
        "threshold": 32,
        "model": {
          "type": "model",
          "model": "block/crogus"
        }
      },
      {
        "threshold": 33,
        "model": {
          "type": "model",
          "model": "block/snowman"
        }
      },
      {
        "threshold": 34,
        "model": {
          "type": "model",
          "model": "block/tiara"
        }
      },
      {
        "threshold": 35,
        "model": {
          "type": "model",
          "model": "block/heartcoe_hat"
        }
      },
      {
        "threshold": 36,
        "model": {
          "type": "model",
          "model": "block/friendshiprat"
        }
      },
      {
        "threshold": 37,
        "model": {
          "type": "model",
          "model": "block/heartsnail"
        }
      },
      {
        "threshold": 38,
        "model": {
          "type": "model",
          "model": "block/blueaxolotl"
        }
      },
      {
        "threshold": 39,
        "model": {
          "type": "model",
          "model": "block/brownaxolotl"
        }
      },
      {
        "threshold":40,
        "model": {
          "type": "model",
          "model": "block/cyanaxolotl"
        }
      },
      {
        "threshold":41,
        "model": {
          "type": "model",
          "model": "block/yellowaxolotl"
        }
      },
      {
        "threshold": 42,
        "model": {
          "type": "model",
          "model": "block/prideaxo"
        }
      },
      {
        "threshold": 43,
        "model": {
          "type": "model",
          "model": "block/bigmogplush"
        }
      },
      {
        "threshold": 44,
        "model": {
          "type": "model",
          "model": "block/mogplush"
        }
      },
      {
        "threshold": 45,
        "model": {
          "type": "model",
          "model": "block/beeplush"
        }
      },
      {
        "threshold": 46,
        "model": {
          "type": "model",
          "model": "block/skeleplush"
        }
      },
      {
        "threshold": 47,
        "model": {
          "type": "model",
          "model": "block/witherskeleplush"
        }
      },
      {
        "threshold": 48,
        "model": {
          "type": "model",
          "model": "block/zombutplush"
        }
      },
      {
        "threshold": 49,
        "model": {
          "type": "model",
          "model": "block/copper_wreath"
        }
      },
      {
        "threshold": 50,
        "model": {
          "type": "model",
          "model": "block/greensantahat"
        }
      },
      {
        "threshold": 51,
        "model": {
          "type": "model",
          "model": "block/bunny_ears"
        }
      },
      {
        "threshold": 52,
        "model": {
          "type": "model",
          "model": "block/spring_basket"
        }
      },
      {
        "threshold": 53,
        "model": {
          "type": "model",
          "model": "block/snowmanbackpack"
        }
      },
      {
        "threshold": 54,
        "model": {
          "type": "model",
          "model": "block/korok1"
        }
      },
      {
        "threshold": 55,
        "model": {
          "type": "model",
          "model": "block/korok2"
        }
      },
      {
        "threshold": 56,
        "model": {
          "type": "model",
          "model": "block/flatnet_headphones"
        }
      },
      {
        "threshold": 57,
        "model": {
          "type": "model",
          "model": "block/flatnet_lifepreserver"
        }
      },
      {
        "threshold": 58,
        "model": {
          "type": "model",
          "model": "block/flatnet_headphonesrobella"
        }
      },
      {
        "threshold": 59,
        "model": {
          "type": "model",
          "model": "block/blahaj"
        }
      },
      {
        "threshold": 60,
        "model": {
          "type": "model",
          "model": "block/banhammer"
        }
      },
      {
        "threshold": 61,
        "model": {
          "type": "model",
          "model": "block/sunflower_hat"
        }
      },
      {
        "threshold": 62,
        "model": {
          "type": "model",
          "model": "block/mushroom_hat"
        }
      },
      {
        "threshold": 63,
        "model": {
          "type": "model",
          "model": "block/sandcastle"
        }
      },
      {
        "threshold": 64,
        "model": {
          "type": "model",
          "model": "block/candy_corn"
        }
      }
    ]
    }
  }

	