{
  "model": {
    "type": "range_dispatch",
    "property": "custom_model_data",
    "fallback": {
      "type": "model",
      "model": "item/cookie"
    },
    "entries": [
      {
        "threshold": 1,
        "model": {
          "type": "model",
          "model": "item/loliorange"
        }
      },
{
        "threshold": 2,
        "model": {
          "type": "model",
          "model": "item/lolired"
        }
      },
{
        "threshold": 3,
        "model": {
          "type": "model",
          "model": "item/loliblue"
        }
      },
{
        "threshold": 4,
        "model": {
          "type": "model",
          "model": "item/loligreen"
        }
      },
{
        "threshold": 5,
        "model": {
          "type": "model",
          "model": "item/guardcandy"
        }
      },
{
        "threshold": 6,
        "model": {
          "type": "model",
          "model": "item/caramel_apple"
        }
      },
{
        "threshold": 7,
        "model": {
          "type": "model",
          "model": "item/chocolatebar"
        }
      },
{
        "threshold": 8,
        "model": {
          "type": "model",
          "model": "item/rarecandy"
        }
      },
{
        "threshold": 9,
        "model": {
          "type": "model",
          "model": "item/axorollcandy"
        }
      },
{
        "threshold": 10,
        "model": {
          "type": "model",
          "model": "item/flatnet_juice"
        }
      },
{
        "threshold": 11,
        "model": {
          "type": "model",
          "model": "item/spooky_candy_1"
        }
      },
{
        "threshold": 12,
        "model": {
          "type": "model",
          "model": "item/spooky_candy_2"
        }
      },
{
        "threshold": 13,
        "model": {
          "type": "model",
          "model": "item/spooky_candy_3"
        }
      }
    ]
      }
  }
