{

   "parent": "minecraft:item/generated",
  "textures": {
  "layer0": "minecraft:item/cookie"}, "overrides":[
    {"predicate":{"custom_model_data":1},"model":"item/loliorange"},
	{"predicate":{"custom_model_data":2},"model":"item/lolired"},
	{"predicate":{"custom_model_data":3},"model":"item/loliblue"},
	{"predicate":{"custom_model_data":4},"model":"item/loligreen"},
	{"predicate":{"custom_model_data":5},"model":"item/guardcandy"},
	{"predicate":{"custom_model_data":6},"model":"item/caramel_apple"},
	{"predicate":{"custom_model_data":7},"model":"item/chocolatebar"},
	{"predicate":{"custom_model_data":8},"model":"item/rarecandy"},
	{"predicate":{"custom_model_data":9},"model":"item/axorollcandy"},
    {"predicate":{"custom_model_data":10},"model":"item/flatnet_juice"},
	{"predicate":{"custom_model_data":11},"model":"item/spooky_candy_1"},
	{"predicate":{"custom_model_data":12},"model":"item/spooky_candy_2"},
	{"predicate":{"custom_model_data":13},"model":"item/spooky_candy_3"}
  ]
  }