{
	"credit": "Made with Blockbench",
	"textures": {
		"0": "block/fire_0",
		"1": "block/honeycomb_block",
		"2": "block/wither_skeleton",
		"3": "block/spawner",
		"particle": "block/fire_0"
	},
	"elements": [
		{
			"from": [7, 2, 7],
			"to": [8, 11, 8],
			"faces": {
				"north": {"uv": [3, 2, 4, 11], "texture": "#1"},
				"east": {"uv": [4, 2, 5, 11], "texture": "#1"},
				"south": {"uv": [11, 2, 12, 11], "texture": "#1"},
				"west": {"uv": [2, 2, 3, 11], "texture": "#1"},
				"up": {"uv": [0, 0, 1, 1], "texture": "#1"},
				"down": {"uv": [0, 0, 1, 1], "texture": "#1"}
			}
		},
		{
			"from": [6, 10, 6],
			"to": [9, 13, 9],
			"faces": {
				"north": {"uv": [4, 4, 5.75, 8], "texture": "#2"},
				"east": {"uv": [5.75, 4, 8, 8], "texture": "#2"},
				"south": {"uv": [0, 4, 2, 8], "texture": "#2"},
				"west": {"uv": [2, 4, 4, 8], "texture": "#2"},
				"up": {"uv": [2, 0, 4, 4], "texture": "#2"},
				"down": {"uv": [2, 0, 4, 4], "texture": "#2"}
			}
		},
		{
			"from": [5.75, 7, 6.25],
			"to": [5.75, 9, 8.25],
			"rotation": {"angle": 45, "axis": "y", "origin": [5, 9, 6]},
			"faces": {
				"north": {"uv": [0, 0, 0, 2], "texture": "#0"},
				"east": {"uv": [15, 10, 9, 15], "texture": "#0"},
				"south": {"uv": [0, 0, 0, 2], "texture": "#0"},
				"west": {"uv": [7, 11, 13, 16], "texture": "#0"},
				"up": {"uv": [0, 0, 0, 2], "texture": "#0"},
				"down": {"uv": [0, 0, 0, 2], "texture": "#0"}
			}
		},
		{
			"from": [5.75, 8, 4.25],
			"to": [5.75, 10, 6.25],
			"rotation": {"angle": 45, "axis": "y", "origin": [5, 9, 6]},
			"faces": {
				"north": {"uv": [0, 0, 0, 2], "texture": "#0"},
				"east": {"uv": [15, 8, 9, 13], "texture": "#0"},
				"south": {"uv": [0, 0, 0, 2], "texture": "#0"},
				"west": {"uv": [5, 11, 11, 16], "texture": "#0"},
				"up": {"uv": [0, 0, 0, 2], "texture": "#0"},
				"down": {"uv": [0, 0, 0, 2], "texture": "#0"}
			}
		},
		{
			"from": [5.75, 10, 3.25],
			"to": [5.75, 12, 5.25],
			"rotation": {"angle": 45, "axis": "y", "origin": [5, 9, 6]},
			"faces": {
				"north": {"uv": [0, 0, 0, 2], "texture": "#0"},
				"east": {"uv": [11, 11, 5, 16], "texture": "#0"},
				"south": {"uv": [0, 0, 0, 2], "texture": "#0"},
				"west": {"uv": [4, 11, 10, 16], "texture": "#0"},
				"up": {"uv": [0, 0, 0, 2], "texture": "#0"},
				"down": {"uv": [0, 0, 0, 2], "texture": "#0"}
			}
		},
		{
			"from": [5.75, 12, 3.25],
			"to": [5.75, 14, 5.25],
			"rotation": {"angle": 45, "axis": "y", "origin": [5, 9, 6]},
			"faces": {
				"north": {"uv": [0, 0, 0, 2], "texture": "#0"},
				"east": {"uv": [11, 8, 5, 13], "texture": "#0"},
				"south": {"uv": [0, 0, 0, 2], "texture": "#0"},
				"west": {"uv": [3, 9, 9, 14], "texture": "#0"},
				"up": {"uv": [0, 0, 0, 2], "texture": "#0"},
				"down": {"uv": [0, 0, 0, 2], "texture": "#0"}
			}
		},
		{
			"from": [5.75, 13, 4.25],
			"to": [5.75, 15, 6.25],
			"rotation": {"angle": 45, "axis": "y", "origin": [5, 9, 6]},
			"faces": {
				"north": {"uv": [0, 0, 0, 2], "texture": "#0"},
				"east": {"uv": [11, 8, 5, 13], "texture": "#0"},
				"south": {"uv": [0, 0, 0, 2], "texture": "#0"},
				"west": {"uv": [5, 7, 11, 12], "texture": "#0"},
				"up": {"uv": [0, 0, 0, 2], "texture": "#0"},
				"down": {"uv": [0, 0, 0, 2], "texture": "#0"}
			}
		},
		{
			"from": [11.01041, 7, 6.44975],
			"to": [11.01041, 9, 8.44975],
			"rotation": {"angle": 45, "axis": "y", "origin": [11.01041, 11, 10.94975]},
			"faces": {
				"north": {"uv": [0, 0, 0, 2], "texture": "#0"},
				"east": {"uv": [8, 10, 14, 15], "texture": "#0"},
				"south": {"uv": [0, 0, 0, 2], "texture": "#0"},
				"west": {"uv": [13, 11, 7, 16], "texture": "#0"},
				"up": {"uv": [0, 0, 0, 2], "rotation": 180, "texture": "#0"},
				"down": {"uv": [0, 0, 0, 2], "rotation": 180, "texture": "#0"}
			}
		},
		{
			"from": [11.01041, 10, 9.44975],
			"to": [11.01041, 12, 11.44975],
			"rotation": {"angle": 45, "axis": "y", "origin": [11.01041, 11, 10.94975]},
			"faces": {
				"north": {"uv": [0, 0, 0, 2], "texture": "#0"},
				"east": {"uv": [5, 10, 11, 15], "texture": "#0"},
				"south": {"uv": [0, 0, 0, 2], "texture": "#0"},
				"west": {"uv": [10, 11, 4, 16], "texture": "#0"},
				"up": {"uv": [0, 0, 0, 2], "rotation": 180, "texture": "#0"},
				"down": {"uv": [0, 0, 0, 2], "rotation": 180, "texture": "#0"}
			}
		},
		{
			"from": [11.01041, 8, 8.44975],
			"to": [11.01041, 10, 10.44975],
			"rotation": {"angle": 45, "axis": "y", "origin": [11.01041, 11, 10.94975]},
			"faces": {
				"north": {"uv": [0, 0, 0, 2], "texture": "#0"},
				"east": {"uv": [6, 10, 12, 15], "texture": "#0"},
				"south": {"uv": [0, 0, 0, 2], "texture": "#0"},
				"west": {"uv": [12, 11, 6, 16], "texture": "#0"},
				"up": {"uv": [0, 0, 0, 2], "rotation": 180, "texture": "#0"},
				"down": {"uv": [0, 0, 0, 2], "rotation": 180, "texture": "#0"}
			}
		},
		{
			"from": [11.01041, 12, 9.44975],
			"to": [11.01041, 14, 11.44975],
			"rotation": {"angle": 45, "axis": "y", "origin": [11.01041, 11, 10.94975]},
			"faces": {
				"north": {"uv": [0, 0, 0, 2], "texture": "#0"},
				"east": {"uv": [5, 7, 11, 12], "texture": "#0"},
				"south": {"uv": [0, 0, 0, 2], "texture": "#0"},
				"west": {"uv": [9, 9, 3, 14], "texture": "#0"},
				"up": {"uv": [0, 0, 0, 2], "rotation": 180, "texture": "#0"},
				"down": {"uv": [0, 0, 0, 2], "rotation": 180, "texture": "#0"}
			}
		},
		{
			"from": [11.01041, 13, 8.44975],
			"to": [11.01041, 15, 10.44975],
			"rotation": {"angle": 45, "axis": "y", "origin": [11.01041, 11, 10.94975]},
			"faces": {
				"north": {"uv": [0, 0, 0, 2], "texture": "#0"},
				"east": {"uv": [5, 7, 11, 12], "texture": "#0"},
				"south": {"uv": [0, 0, 0, 2], "texture": "#0"},
				"west": {"uv": [11, 7, 5, 12], "texture": "#0"},
				"up": {"uv": [0, 0, 0, 2], "rotation": 180, "texture": "#0"},
				"down": {"uv": [0, 0, 0, 2], "rotation": 180, "texture": "#0"}
			}
		},
		{
			"from": [7.97487, 7, 7.41421],
			"to": [9.97487, 9, 7.41421],
			"rotation": {"angle": 45, "axis": "y", "origin": [7.47487, 11, 7.41421]},
			"faces": {
				"north": {"uv": [8, 10, 14, 15], "texture": "#0"},
				"east": {"uv": [0, 0, 0, 2], "texture": "#0"},
				"south": {"uv": [13, 11, 7, 16], "texture": "#0"},
				"west": {"uv": [0, 0, 0, 2], "texture": "#0"},
				"up": {"uv": [0, 0, 0, 2], "rotation": 90, "texture": "#0"},
				"down": {"uv": [0, 0, 0, 2], "rotation": 270, "texture": "#0"}
			}
		},
		{
			"from": [9.97487, 8, 7.41421],
			"to": [11.97487, 10, 7.41421],
			"rotation": {"angle": 45, "axis": "y", "origin": [7.47487, 11, 7.41421]},
			"faces": {
				"north": {"uv": [6, 10, 12, 15], "texture": "#0"},
				"east": {"uv": [0, 0, 0, 2], "texture": "#0"},
				"south": {"uv": [12, 11, 6, 16], "texture": "#0"},
				"west": {"uv": [0, 0, 0, 2], "texture": "#0"},
				"up": {"uv": [0, 0, 0, 2], "rotation": 90, "texture": "#0"},
				"down": {"uv": [0, 0, 0, 2], "rotation": 270, "texture": "#0"}
			}
		},
		{
			"from": [10.97487, 10, 7.41421],
			"to": [12.97487, 12, 7.41421],
			"rotation": {"angle": 45, "axis": "y", "origin": [7.47487, 11, 7.41421]},
			"faces": {
				"north": {"uv": [5, 10, 11, 15], "texture": "#0"},
				"east": {"uv": [0, 0, 0, 2], "texture": "#0"},
				"south": {"uv": [10, 11, 4, 16], "texture": "#0"},
				"west": {"uv": [0, 0, 0, 2], "texture": "#0"},
				"up": {"uv": [0, 0, 0, 2], "rotation": 90, "texture": "#0"},
				"down": {"uv": [0, 0, 0, 2], "rotation": 270, "texture": "#0"}
			}
		},
		{
			"from": [9.97487, 13, 7.41421],
			"to": [11.97487, 15, 7.41421],
			"rotation": {"angle": 45, "axis": "y", "origin": [7.47487, 11, 7.41421]},
			"faces": {
				"north": {"uv": [5, 7, 11, 12], "texture": "#0"},
				"east": {"uv": [0, 0, 0, 2], "texture": "#0"},
				"south": {"uv": [11, 7, 5, 12], "texture": "#0"},
				"west": {"uv": [0, 0, 0, 2], "texture": "#0"},
				"up": {"uv": [0, 0, 0, 2], "rotation": 90, "texture": "#0"},
				"down": {"uv": [0, 0, 0, 2], "rotation": 270, "texture": "#0"}
			}
		},
		{
			"from": [10.97487, 12, 7.41421],
			"to": [12.97487, 14, 7.41421],
			"rotation": {"angle": 45, "axis": "y", "origin": [7.47487, 11, 7.41421]},
			"faces": {
				"north": {"uv": [5, 7, 11, 12], "texture": "#0"},
				"east": {"uv": [0, 0, 0, 2], "texture": "#0"},
				"south": {"uv": [9, 9, 3, 14], "texture": "#0"},
				"west": {"uv": [0, 0, 0, 2], "texture": "#0"},
				"up": {"uv": [0, 0, 0, 2], "rotation": 90, "texture": "#0"},
				"down": {"uv": [0, 0, 0, 2], "rotation": 270, "texture": "#0"}
			}
		},
		{
			"from": [4.97487, 7, 7.41421],
			"to": [6.97487, 9, 7.41421],
			"rotation": {"angle": 45, "axis": "y", "origin": [7.47487, 11, 7.41421]},
			"faces": {
				"north": {"uv": [15, 10, 9, 15], "texture": "#0"},
				"east": {"uv": [0, 0, 0, 2], "texture": "#0"},
				"south": {"uv": [7, 11, 13, 16], "texture": "#0"},
				"west": {"uv": [0, 0, 0, 2], "texture": "#0"},
				"up": {"uv": [0, 0, 0, 2], "rotation": 270, "texture": "#0"},
				"down": {"uv": [0, 0, 0, 2], "rotation": 90, "texture": "#0"}
			}
		},
		{
			"from": [2.97487, 8, 7.41421],
			"to": [4.97487, 10, 7.41421],
			"rotation": {"angle": 45, "axis": "y", "origin": [7.47487, 11, 7.41421]},
			"faces": {
				"north": {"uv": [15, 8, 9, 13], "texture": "#0"},
				"east": {"uv": [0, 0, 0, 2], "texture": "#0"},
				"south": {"uv": [5, 11, 11, 16], "texture": "#0"},
				"west": {"uv": [0, 0, 0, 2], "texture": "#0"},
				"up": {"uv": [0, 0, 0, 2], "rotation": 270, "texture": "#0"},
				"down": {"uv": [0, 0, 0, 2], "rotation": 90, "texture": "#0"}
			}
		},
		{
			"from": [1.97487, 10, 7.41421],
			"to": [3.97487, 12, 7.41421],
			"rotation": {"angle": 45, "axis": "y", "origin": [7.47487, 11, 7.41421]},
			"faces": {
				"north": {"uv": [11, 11, 5, 16], "texture": "#0"},
				"east": {"uv": [0, 0, 0, 2], "texture": "#0"},
				"south": {"uv": [4, 11, 10, 16], "texture": "#0"},
				"west": {"uv": [0, 0, 0, 2], "texture": "#0"},
				"up": {"uv": [0, 0, 0, 2], "rotation": 270, "texture": "#0"},
				"down": {"uv": [0, 0, 0, 2], "rotation": 90, "texture": "#0"}
			}
		},
		{
			"from": [4.97487, 2.5, 7.41421],
			"to": [6.97487, 4.5, 7.41421],
			"rotation": {"angle": 45, "axis": "y", "origin": [7.47487, 11, 7.41421]},
			"faces": {
				"north": {"uv": [9, 5, 3, 10], "texture": "#0"},
				"east": {"uv": [0, 0, 0, 2], "texture": "#0"},
				"south": {"uv": [3, 5, 9, 10], "texture": "#0"},
				"west": {"uv": [0, 0, 0, 2], "texture": "#0"},
				"up": {"uv": [0, 0, 0, 2], "rotation": 270, "texture": "#0"},
				"down": {"uv": [0, 0, 0, 2], "rotation": 90, "texture": "#0"}
			}
		},
		{
			"from": [3.72487, 0.5, 7.41421],
			"to": [5.72487, 2.5, 7.41421],
			"rotation": {"angle": 45, "axis": "y", "origin": [7.47487, 11, 7.41421]},
			"faces": {
				"north": {"uv": [4, 7, 10, 2], "texture": "#0"},
				"east": {"uv": [0, 0, 0, 2], "texture": "#0"},
				"south": {"uv": [4, 7, 10, 2], "texture": "#0"},
				"west": {"uv": [0, 0, 0, 2], "texture": "#0"},
				"up": {"uv": [0, 0, 0, 2], "rotation": 270, "texture": "#0"},
				"down": {"uv": [0, 0, 0, 2], "rotation": 90, "texture": "#0"}
			}
		},
		{
			"from": [7.1757, 2.5, 6.08839],
			"to": [9.1757, 4.5, 6.08839],
			"rotation": {"angle": 45, "axis": "y", "origin": [8.8007, 2.5, 6.08839]},
			"faces": {
				"north": {"uv": [3, 5, 9, 10], "texture": "#0"},
				"east": {"uv": [0, 0, 0, 2], "texture": "#0"},
				"south": {"uv": [9, 5, 3, 10], "texture": "#0"},
				"west": {"uv": [0, 0, 0, 2], "texture": "#0"},
				"up": {"uv": [0, 0, 0, 2], "rotation": 90, "texture": "#0"},
				"down": {"uv": [0, 0, 0, 2], "rotation": 270, "texture": "#0"}
			}
		},
		{
			"from": [8.4257, 0.5, 6.08839],
			"to": [10.4257, 2.5, 6.08839],
			"rotation": {"angle": 45, "axis": "y", "origin": [8.8007, 2.5, 6.08839]},
			"faces": {
				"north": {"uv": [4, 7, 10, 2], "texture": "#0"},
				"east": {"uv": [0, 0, 0, 2], "texture": "#0"},
				"south": {"uv": [4, 7, 10, 2], "texture": "#0"},
				"west": {"uv": [0, 0, 0, 2], "texture": "#0"},
				"up": {"uv": [0, 0, 0, 2], "rotation": 90, "texture": "#0"},
				"down": {"uv": [0, 0, 0, 2], "rotation": 270, "texture": "#0"}
			}
		},
		{
			"from": [7.38649, 0.5, 9.1276],
			"to": [7.38649, 2.5, 11.1276],
			"rotation": {"angle": 45, "axis": "y", "origin": [7.38649, 2.5, 7.5026]},
			"faces": {
				"north": {"uv": [0, 0, 0, 2], "texture": "#0"},
				"east": {"uv": [4, 7, 10, 2], "texture": "#0"},
				"south": {"uv": [0, 0, 0, 2], "texture": "#0"},
				"west": {"uv": [4, 7, 10, 2], "texture": "#0"},
				"up": {"uv": [0, 0, 0, 2], "rotation": 180, "texture": "#0"},
				"down": {"uv": [0, 0, 0, 2], "rotation": 180, "texture": "#0"}
			}
		},
		{
			"from": [7.38649, 2.5, 7.8776],
			"to": [7.38649, 4.5, 9.8776],
			"rotation": {"angle": 45, "axis": "y", "origin": [7.38649, 2.5, 7.5026]},
			"faces": {
				"north": {"uv": [0, 0, 0, 2], "texture": "#0"},
				"east": {"uv": [3, 5, 9, 10], "texture": "#0"},
				"south": {"uv": [0, 0, 0, 2], "texture": "#0"},
				"west": {"uv": [9, 5, 3, 10], "texture": "#0"},
				"up": {"uv": [0, 0, 0, 2], "rotation": 180, "texture": "#0"},
				"down": {"uv": [0, 0, 0, 2], "rotation": 180, "texture": "#0"}
			}
		},
		{
			"from": [7.38649, 2.5, 5.1276],
			"to": [7.38649, 4.5, 7.1276],
			"rotation": {"angle": 45, "axis": "y", "origin": [7.38649, 2.5, 7.5026]},
			"faces": {
				"north": {"uv": [0, 0, 0, 2], "texture": "#0"},
				"east": {"uv": [9, 5, 3, 10], "texture": "#0"},
				"south": {"uv": [0, 0, 0, 2], "texture": "#0"},
				"west": {"uv": [3, 5, 9, 10], "texture": "#0"},
				"up": {"uv": [0, 0, 0, 2], "texture": "#0"},
				"down": {"uv": [0, 0, 0, 2], "texture": "#0"}
			}
		},
		{
			"from": [7.38649, 0.5, 3.8776],
			"to": [7.38649, 2.5, 5.8776],
			"rotation": {"angle": 45, "axis": "y", "origin": [7.38649, 2.5, 7.5026]},
			"faces": {
				"north": {"uv": [0, 0, 0, 2], "texture": "#0"},
				"east": {"uv": [4, 7, 10, 2], "texture": "#0"},
				"south": {"uv": [0, 0, 0, 2], "texture": "#0"},
				"west": {"uv": [4, 7, 10, 2], "texture": "#0"},
				"up": {"uv": [0, 0, 0, 2], "texture": "#0"},
				"down": {"uv": [0, 0, 0, 2], "texture": "#0"}
			}
		},
		{
			"from": [1.97487, 12, 7.41421],
			"to": [3.97487, 14, 7.41421],
			"rotation": {"angle": 45, "axis": "y", "origin": [7.47487, 11, 7.41421]},
			"faces": {
				"north": {"uv": [11, 8, 5, 13], "texture": "#0"},
				"east": {"uv": [0, 0, 0, 2], "texture": "#0"},
				"south": {"uv": [3, 9, 9, 14], "texture": "#0"},
				"west": {"uv": [0, 0, 0, 2], "texture": "#0"},
				"up": {"uv": [0, 0, 0, 2], "rotation": 270, "texture": "#0"},
				"down": {"uv": [0, 0, 0, 2], "rotation": 90, "texture": "#0"}
			}
		},
		{
			"from": [2.97487, 13, 7.41421],
			"to": [4.97487, 15, 7.41421],
			"rotation": {"angle": 45, "axis": "y", "origin": [7.47487, 11, 7.41421]},
			"faces": {
				"north": {"uv": [11, 8, 5, 13], "texture": "#0"},
				"east": {"uv": [0, 0, 0, 2], "texture": "#0"},
				"south": {"uv": [5, 7, 11, 12], "texture": "#0"},
				"west": {"uv": [0, 0, 0, 2], "texture": "#0"},
				"up": {"uv": [0, 0, 0, 2], "rotation": 270, "texture": "#0"},
				"down": {"uv": [0, 0, 0, 2], "rotation": 90, "texture": "#0"}
			}
		},
		{
			"from": [6.5, 7, 6.5],
			"to": [8.5, 9, 8.5],
			"faces": {
				"north": {"uv": [0, 0, 16, 16], "texture": "#3"},
				"east": {"uv": [0, 0, 16, 16], "texture": "#3"},
				"south": {"uv": [0, 0, 16, 16], "texture": "#3"},
				"west": {"uv": [0, 0, 16, 16], "texture": "#3"},
				"up": {"uv": [0, 0, 16, 16], "texture": "#3"},
				"down": {"uv": [0, 0, 16, 16], "texture": "#3"}
			}
		}
	],
	"display": {
		"thirdperson_righthand": {
			"rotation": [-84.12, -88.88, -78.58],
			"translation": [0, 2, 0],
			"scale": [1.3, 1.3, 1.3]
		},
		"thirdperson_lefthand": {
			"rotation": [0.04, 92, 5.2],
			"translation": [0, 2, 0],
			"scale": [1.3, 1.3, 1.3]
		},
		"firstperson_righthand": {
			"rotation": [0, 36, 0],
			"translation": [0, 4.25, 0]
		},
		"firstperson_lefthand": {
			"rotation": [-180, -47.5, 180],
			"translation": [0, 3.75, 0]
		},
		"ground": {
			"translation": [0, 6, 0]
		},
		"gui": {
			"rotation": [50.66, 33.16, -52.06],
			"translation": [0.5, -0.5, 0]
		},
		"head": {
			"rotation": [0, -85.25, 0],
			"translation": [-1.5, -14.25, 2.25],
			"scale": [4, 4, 4]
		},
		"fixed": {
			"rotation": [0, -90, 0],
			"translation": [-0.75, 0, 0]
		}
	}
}