{
	"credit": "Made with Blockbench",
	"textures": {
		"0": "item/guardian",
		"particle": "item/guardian"
	},
	"elements": [
		{
			"from": [7, 7, 7],
			"to": [9, 9, 9],
			"rotation": {"angle": 0, "axis": "y", "origin": [8, 7.975, 8]},
			"faces": {
				"north": {"uv": [4.25, 4.25, 6.75, 6.75], "texture": "#0"},
				"east": {"uv": [10.75, 4, 12.75, 6], "texture": "#0"},
				"south": {"uv": [4.25, 4.25, 7, 6.75], "texture": "#0"},
				"west": {"uv": [11, 4.5, 13, 6.5], "texture": "#0"},
				"up": {"uv": [11, 4.25, 13, 6.25], "texture": "#0"},
				"down": {"uv": [11, 4, 13, 6], "texture": "#0"}
			}
		},
		{
			"from": [4.5, 6.85, 8],
			"to": [7.5, 8.85, 8],
			"rotation": {"angle": 0, "axis": "y", "origin": [8, 7.975, 8]},
			"faces": {
				"north": {"uv": [0.5, 4.25, 3.5, 6.25], "texture": "#0"},
				"east": {"uv": [0, 0, 0, 2], "texture": "#0"},
				"south": {"uv": [6, 7.25, 9, 9.25], "texture": "#0"},
				"west": {"uv": [0, 0, 0, 2], "texture": "#0"},
				"up": {"uv": [0, 0, 3, 0], "texture": "#0"},
				"down": {"uv": [0, 0, 3, 0], "texture": "#0"}
			}
		},
		{
			"from": [8.5, 6.85, 8],
			"to": [11.5, 8.85, 8],
			"rotation": {"angle": 0, "axis": "y", "origin": [8, 7.975, 8]},
			"faces": {
				"north": {"uv": [6, 7.25, 9, 9.25], "texture": "#0"},
				"east": {"uv": [0, 0, 0, 2], "texture": "#0"},
				"south": {"uv": [5.5, 1, 8.5, 3], "texture": "#0"},
				"west": {"uv": [0, 0, 0, 2], "texture": "#0"},
				"up": {"uv": [0, 0, 3, 0], "rotation": 180, "texture": "#0"},
				"down": {"uv": [0, 0, 3, 0], "rotation": 180, "texture": "#0"}
			}
		},
		{
			"from": [8.5, 7.1, 8],
			"to": [11.5, 9.1, 8],
			"rotation": {"angle": 0, "axis": "y", "origin": [8, 7.975, 8]},
			"faces": {
				"north": {"uv": [0, 4, 3, 6], "rotation": 180, "texture": "#0"},
				"east": {"uv": [0, 0, 0, 2], "rotation": 180, "texture": "#0"},
				"south": {"uv": [6, 7.25, 9, 9.25], "rotation": 180, "texture": "#0"},
				"west": {"uv": [0, 0, 0, 2], "rotation": 180, "texture": "#0"},
				"up": {"uv": [0, 0, 3, 0], "rotation": 180, "texture": "#0"},
				"down": {"uv": [0, 0, 3, 0], "rotation": 180, "texture": "#0"}
			}
		},
		{
			"from": [4.5, 7.1, 8],
			"to": [7.5, 9.1, 8],
			"rotation": {"angle": 0, "axis": "y", "origin": [8, 7.975, 8]},
			"faces": {
				"north": {"uv": [6, 7.25, 9, 9.25], "rotation": 180, "texture": "#0"},
				"east": {"uv": [0, 0, 0, 2], "rotation": 180, "texture": "#0"},
				"south": {"uv": [0.5, 2.75, 3.5, 4.75], "rotation": 180, "texture": "#0"},
				"west": {"uv": [0, 0, 0, 2], "rotation": 180, "texture": "#0"},
				"up": {"uv": [0, 0, 3, 0], "texture": "#0"},
				"down": {"uv": [0, 0, 3, 0], "texture": "#0"}
			}
		}
	],
	"display": {
		"thirdperson_righthand": {
			"translation": [0, 1.25, 0]
		},
		"thirdperson_lefthand": {
			"translation": [0, 1.25, 0]
		},
		"firstperson_righthand": {
			"rotation": [30, -60, -50],
			"translation": [2, 2.5, -1.5],
			"scale": [1.5, 1.5, 1.5]
		},
		"firstperson_lefthand": {
			"rotation": [16, -30, -50],
			"translation": [4.75, 2.25, -4],
			"scale": [2, 2, 2]
		},
		"ground": {
			"translation": [0, 0.25, 0],
			"scale": [2, 2, 2]
		},
		"gui": {
			"rotation": [0, 0, -44.5],
			"translation": [0.25, 0.5, 0],
			"scale": [3, 3, 3]
		},
		"head": {
			"translation": [0, 0.25, 0],
			"scale": [4, 4, 4]
		},
		"fixed": {
			"translation": [0, 0, -0.5],
			"scale": [3, 3, 3]
		}
	}
}