{

  "parent": "minecraft:block/carved_pumpkin", "overrides":
[
{"predicate":{"custom_model_data":1},"model":"custom/glasses"},
{"predicate":{"custom_model_data":2},"model":"custom/ophat"},
{"predicate":{"custom_model_data":3},"model":"custom/pinkaxolotl"},
{"predicate":{"custom_model_data":4},"model":"custom/pancakes"},
{"predicate":{"custom_model_data":5},"model":"custom/mogcrown"},
{"predicate":{"custom_model_data":6},"model":"custom/snail"},
{"predicate":{"custom_model_data":7},"model":"custom/shulker_hat"},
{"predicate":{"custom_model_data":8},"model":"custom/spacesuit"},
{"predicate":{"custom_model_data":9},"model":"custom/rathat"},
{"predicate":{"custom_model_data":10},"model":"custom/mimic"},
{"predicate":{"custom_model_data":11},"model":"custom/dragonegg"},
{"predicate":{"custom_model_data":12},"model":"custom/camera"},
{"predicate":{"custom_model_data":13},"model":"custom/beardjar"},
{"predicate":{"custom_model_data":14},"model":"custom/tricornhat"},
{"predicate":{"custom_model_data":15},"model":"custom/horns"},
{"predicate":{"custom_model_data":16},"model":"custom/chefhat"},
{"predicate":{"custom_model_data":17},"model":"custom/saps"},
{"predicate":{"custom_model_data":18},"model":"custom/hardhat"},
{"predicate":{"custom_model_data":19},"model":"custom/allay"},
{"predicate":{"custom_model_data":20},"model":"custom/llamasnailr"},
{"predicate":{"custom_model_data":21},"model":"custom/llamasnailb"},
{"predicate":{"custom_model_data":22},"model":"custom/wrathat"},
{"predicate":{"custom_model_data":23},"model":"custom/mask"},
{"predicate":{"custom_model_data":24},"model":"custom/witchhat"},
{"predicate":{"custom_model_data":25},"model":"custom/fakeglasses"},
{"predicate":{"custom_model_data":26},"model":"custom/xmastree"},
{"predicate":{"custom_model_data":27},"model":"custom/snowglobe"},
{"predicate":{"custom_model_data":28},"model":"custom/smallpresent"},
{"predicate":{"custom_model_data":29},"model":"custom/santahat"},
{"predicate":{"custom_model_data":30},"model":"custom/hideandseek"},
{"predicate":{"custom_model_data":31},"model":"custom/amogusslime"},
{"predicate":{"custom_model_data":32},"model":"custom/crogus"},
{"predicate":{"custom_model_data":33},"model":"custom/snowman"},
{"predicate":{"custom_model_data":34},"model":"custom/tiara"},
{"predicate":{"custom_model_data":35},"model":"custom/heartcoe_hat"},
{"predicate":{"custom_model_data":36},"model":"custom/friendshiprat"},
{"predicate":{"custom_model_data":37},"model":"custom/heartsnail"},
{"predicate":{"custom_model_data":38},"model":"custom/blueaxolotl"},
{"predicate":{"custom_model_data":39},"model":"custom/brownaxolotl"},
{"predicate":{"custom_model_data":40},"model":"custom/cyanaxolotl"},
{"predicate":{"custom_model_data":41},"model":"custom/yellowaxolotl"},
{"predicate":{"custom_model_data":42},"model":"custom/prideaxo"},
{"predicate":{"custom_model_data":43},"model":"custom/bigmogplush"},
{"predicate":{"custom_model_data":44},"model":"custom/mogplush"},
{"predicate":{"custom_model_data":45},"model":"custom/beeplush"},
{"predicate":{"custom_model_data":46},"model":"custom/skeleplush"},
{"predicate":{"custom_model_data":47},"model":"custom/witherskeleplush"},
{"predicate":{"custom_model_data":48},"model":"custom/zombutplush"},
{"predicate":{"custom_model_data":49},"model":"custom/copper_wreath"},
{"predicate":{"custom_model_data":50},"model":"custom/greensantahat"},
{"predicate":{"custom_model_data":51},"model":"custom/bunny_ears"},
{"predicate":{"custom_model_data":52},"model":"custom/spring_basket"},
{"predicate":{"custom_model_data":53},"model":"custom/snowmanbackpack"},
{"predicate":{"custom_model_data":54},"model":"custom/korok1"},
{"predicate":{"custom_model_data":55},"model":"custom/korok2"},
{"predicate":{"custom_model_data":56},"model":"custom/flatnet_headphones"},
{"predicate":{"custom_model_data":57},"model":"custom/flatnet_lifepreserver"},
{"predicate":{"custom_model_data":58},"model":"custom/flatnet_headphonesrobella"},
{"predicate":{"custom_model_data":59},"model":"custom/blahaj"},
{"predicate":{"custom_model_data":60},"model":"custom/banhammer"},
{"predicate":{"custom_model_data":61},"model":"custom/sunflower_hat"},
{"predicate":{"custom_model_data":62},"model":"custom/mushroom_hat"},
{"predicate":{"custom_model_data":63},"model":"custom/sandcastle"}
]
}

	