{

   "parent": "minecraft:item/generated",
  "textures": {
  "layer0": "minecraft:item/cookie"}, "overrides":[
    {"predicate":{"custom_model_data":1},"model":"custom/loliorange"},
	{"predicate":{"custom_model_data":2},"model":"custom/lolired"},
	{"predicate":{"custom_model_data":3},"model":"custom/loliblue"},
	{"predicate":{"custom_model_data":4},"model":"custom/loligreen"},
	{"predicate":{"custom_model_data":5},"model":"custom/guardcandy"},
	{"predicate":{"custom_model_data":6},"model":"custom/caramel_apple"},
	{"predicate":{"custom_model_data":7},"model":"custom/chocolatebar"},
	{"predicate":{"custom_model_data":8},"model":"custom/rarecandy"},
	{"predicate":{"custom_model_data":9},"model":"custom/axorollcandy"},
        {"predicate":{"custom_model_data":10},"model":"custom/flatnet_juice"}
  ]
  }