{
	"credit": "Made with Blockbench",
	"textures": {
		"0": "block/custom/chocolate",
		"particle": "block/custom/chocolate"
	},
	"elements": [
		{
			"from": [4, 5, 8],
			"to": [11, 8, 9],
			"faces": {
				"north": {"uv": [0, 0, 7, 3], "texture": "#0"},
				"east": {"uv": [7, 0, 8, 3], "texture": "#0"},
				"south": {"uv": [0, 3, 7, 6], "texture": "#0"},
				"west": {"uv": [7, 3, 8, 6], "texture": "#0"},
				"up": {"uv": [7, 7, 0, 6], "texture": "#0"},
				"down": {"uv": [7, 7, 0, 8], "texture": "#0"}
			}
		},
		{
			"from": [11, 5, 8.5],
			"to": [12, 8, 8.5],
			"faces": {
				"north": {"uv": [7, 6, 8, 9], "texture": "#0"},
				"east": {"uv": [0, 0, 0, 3], "texture": "#0"},
				"south": {"uv": [0, 8, 1, 11], "texture": "#0"},
				"west": {"uv": [0, 0, 0, 3], "texture": "#0"},
				"up": {"uv": [1, 0, 0, 0], "texture": "#0"},
				"down": {"uv": [1, 0, 0, 0], "texture": "#0"}
			}
		},
		{
			"from": [3, 5, 8.5],
			"to": [4, 8, 8.5],
			"faces": {
				"north": {"uv": [8, 0, 9, 3], "texture": "#0"},
				"east": {"uv": [0, 0, 0, 3], "texture": "#0"},
				"south": {"uv": [1, 8, 2, 11], "texture": "#0"},
				"west": {"uv": [0, 0, 0, 3], "texture": "#0"},
				"up": {"uv": [1, 0, 0, 0], "texture": "#0"},
				"down": {"uv": [1, 0, 0, 0], "texture": "#0"}
			}
		}
	],
	"display": {
		"thirdperson_righthand": {
			"translation": [0.5, -0.5, -1]
		},
		"thirdperson_lefthand": {
			"translation": [-0.5, -0.5, -1]
		},
		"firstperson_righthand": {
			"rotation": [-180, -77.2, 180],
			"translation": [3, 2.75, 0]
		},
		"firstperson_lefthand": {
			"rotation": [-180, -77.25, 180],
			"translation": [3, 3.5, 0]
		},
		"ground": {
			"translation": [0.75, 0, -0.25]
		},
		"gui": {
			"rotation": [30.25, -13, 0],
			"translation": [0.75, 2.25, 0],
			"scale": [1.5, 1.5, 1.5]
		},
		"fixed": {
			"translation": [1, 3, -1.25],
			"scale": [2, 2, 2]
		}
	},
	"groups": [
		{
			"name": "group",
			"origin": [0, 0, 0],
			"color": 0,
			"children": [0, 1, 2]
		}
	]
}