{
	"credit": "Made with Blockbench",
	"textures": {
		"1": "block/amethyst_block",
		"2": "block/beacon",
		"3": "block/purple_concrete_powder"
	},
	"elements": [
		{
			"from": [6.5, 18.25, 23.25],
			"to": [8.5, 20.25, 25.25],
			"rotation": {"angle": -45, "axis": "x", "origin": [-1.5, 0, 13.75]},
			"faces": {
				"north": {"uv": [6, 4, 10, 8], "texture": "#2"},
				"east": {"uv": [6, 4, 10, 8], "texture": "#2"},
				"south": {"uv": [6, 4, 10, 8], "texture": "#2"},
				"west": {"uv": [6, 4, 10, 8], "texture": "#2"},
				"up": {"uv": [6, 4, 10, 8], "texture": "#2"},
				"down": {"uv": [6, 4, 10, 8], "texture": "#2"}
			}
		},
		{
			"from": [7, 9, 17],
			"to": [8, 10, 24],
			"rotation": {"angle": -45, "axis": "x", "origin": [7, 0, 7]},
			"faces": {
				"north": {"uv": [0, 0, 1, 1], "texture": "#1"},
				"east": {"uv": [0, 0, 7, 1], "texture": "#1"},
				"south": {"uv": [0, 0, 1, 1], "texture": "#1"},
				"west": {"uv": [0, 0, 7, 1], "texture": "#1"},
				"up": {"uv": [0, 0, 1, 7], "texture": "#1"},
				"down": {"uv": [0, 0, 1, 7], "texture": "#1"}
			}
		},
		{
			"from": [7, 28, -1.25],
			"to": [8, 29, 5.75],
			"rotation": {"angle": 45, "axis": "x", "origin": [7, 19, -11.25]},
			"faces": {
				"north": {"uv": [0, 0, 1, 1], "texture": "#1"},
				"east": {"uv": [0, 0, 7, 1], "texture": "#1"},
				"south": {"uv": [0, 0, 1, 1], "texture": "#1"},
				"west": {"uv": [0, 0, 7, 1], "texture": "#1"},
				"up": {"uv": [0, 0, 1, 7], "texture": "#1"},
				"down": {"uv": [0, 0, 1, 7], "texture": "#1"}
			}
		},
		{
			"from": [7, 0, 7],
			"to": [8, 15, 8],
			"rotation": {"angle": 0, "axis": "y", "origin": [7, 0, 7]},
			"faces": {
				"north": {"uv": [0, 0, 1, 15], "texture": "#3"},
				"east": {"uv": [3, 0, 4, 15], "texture": "#3"},
				"south": {"uv": [1, 0, 2, 15], "texture": "#3"},
				"west": {"uv": [2, 0, 3, 15], "texture": "#3"},
				"up": {"uv": [0, 0, 1, 1], "texture": "#3"},
				"down": {"uv": [0, 0, 1, 1], "texture": "#3"}
			}
		},
		{
			"from": [15, 4, 7],
			"to": [21, 5, 8],
			"rotation": {"angle": 45, "axis": "z", "origin": [0, 0, 0]},
			"faces": {
				"north": {"uv": [0, 0, 6, 1], "texture": "#1"},
				"east": {"uv": [0, 0, 1, 1], "texture": "#1"},
				"south": {"uv": [0, 0, 6, 1], "texture": "#1"},
				"west": {"uv": [0, 0, 1, 1], "texture": "#1"},
				"up": {"uv": [0, 0, 6, 1], "texture": "#1"},
				"down": {"uv": [0, 0, 6, 1], "texture": "#1"}
			}
		},
		{
			"from": [14.75, 4.5, 7],
			"to": [15.75, 10.5, 8],
			"rotation": {"angle": 45, "axis": "z", "origin": [0, 0, 0]},
			"faces": {
				"north": {"uv": [0, 0, 6, 1], "rotation": 90, "texture": "#1"},
				"east": {"uv": [0, 0, 6, 1], "rotation": 270, "texture": "#1"},
				"south": {"uv": [0, 0, 6, 1], "rotation": 270, "texture": "#1"},
				"west": {"uv": [0, 0, 6, 1], "rotation": 270, "texture": "#1"},
				"up": {"uv": [0, 0, 1, 1], "rotation": 270, "texture": "#1"},
				"down": {"uv": [0, 0, 1, 1], "rotation": 270, "texture": "#1"}
			}
		},
		{
			"from": [14.75, 10.5, 7],
			"to": [16.75, 11.5, 8],
			"rotation": {"angle": 45, "axis": "z", "origin": [0, 0, 0]},
			"faces": {
				"north": {"uv": [0, 0, 2, 1], "texture": "#1"},
				"east": {"uv": [0, 0, 1, 1], "texture": "#1"},
				"south": {"uv": [0, 0, 2, 1], "texture": "#1"},
				"west": {"uv": [0, 0, 1, 1], "texture": "#1"},
				"up": {"uv": [0, 0, 2, 1], "texture": "#1"},
				"down": {"uv": [0, 0, 2, 1], "texture": "#1"}
			}
		},
		{
			"from": [-6, 21, 7],
			"to": [-4, 22, 8],
			"rotation": {"angle": -45, "axis": "z", "origin": [0, 0, 0]},
			"faces": {
				"north": {"uv": [0, 0, 2, 1], "texture": "#1"},
				"east": {"uv": [0, 0, 1, 1], "texture": "#1"},
				"south": {"uv": [0, 0, 2, 1], "texture": "#1"},
				"west": {"uv": [0, 0, 1, 1], "texture": "#1"},
				"up": {"uv": [0, 0, 2, 1], "texture": "#1"},
				"down": {"uv": [0, 0, 2, 1], "texture": "#1"}
			}
		},
		{
			"from": [7, 22, -6],
			"to": [8, 23, -4],
			"rotation": {"angle": 45, "axis": "x", "origin": [0, 0, 0]},
			"faces": {
				"north": {"uv": [0, 0, 1, 1], "texture": "#1"},
				"east": {"uv": [0, 0, 2, 1], "texture": "#1"},
				"south": {"uv": [0, 0, 1, 1], "texture": "#1"},
				"west": {"uv": [0, 0, 2, 1], "texture": "#1"},
				"up": {"uv": [0, 0, 1, 2], "texture": "#1"},
				"down": {"uv": [0, 0, 1, 2], "texture": "#1"}
			}
		},
		{
			"from": [7, 11.5, 14.5],
			"to": [8, 12.5, 16.5],
			"rotation": {"angle": -45, "axis": "x", "origin": [0, 0, 0]},
			"faces": {
				"north": {"uv": [0, 0, 1, 1], "texture": "#1"},
				"east": {"uv": [0, 0, 2, 1], "texture": "#1"},
				"south": {"uv": [0, 0, 1, 1], "texture": "#1"},
				"west": {"uv": [0, 0, 2, 1], "texture": "#1"},
				"up": {"uv": [0, 0, 1, 2], "texture": "#1"},
				"down": {"uv": [0, 0, 1, 2], "texture": "#1"}
			}
		}
	],
	"display": {
		"firstperson_righthand": {
			"translation": [0, -3, 0]
		},
		"firstperson_lefthand": {
			"translation": [0, -3, 0]
		},
		"ground": {
			"rotation": [78, 0, 0],
			"scale": [0.5, 0.5, 0.49]
		},
		"gui": {
			"rotation": [-14.36, -23, -55.54],
			"translation": [-2.5, -2.75, 0]
		},
		"head": {
			"translation": [1, 2, 0.75],
			"scale": [1.46, 1.46, 1.5]
		},
		"fixed": {
			"rotation": [0, 0, 40],
			"translation": [3, -2.5, -1]
		}
	},
	"groups": [
		{
			"name": "bone",
			"origin": [0, 0, 0],
			"color": 0,
			"children": [0, 1, 2, 3, 4, 5, 6, 7, 8, 9]
		}
	]
}