{
	"credit": "Made with Blockbench",
	"textures": {
		"0": "block/spruce_log",
		"2": "block/bamboo_large_leaves",
		"3": "block/redstone_block",
		"particle": "block/spruce_log"
	},
	"elements": [
		{
			"from": [7.5, 8, 7.5],
			"to": [8.5, 16, 8.5],
			"faces": {
				"north": {"uv": [0, 0, 1, 8], "texture": "#0"},
				"east": {"uv": [0, 0, 1, 8], "texture": "#0"},
				"south": {"uv": [0, 0, 1, 8], "texture": "#0"},
				"west": {"uv": [0, 0, 1, 8], "texture": "#0"},
				"up": {"uv": [0, 0, 1, 1], "texture": "#0"},
				"down": {"uv": [0, 0, 1, 1], "texture": "#0"}
			}
		},
		{
			"from": [7, 0, 7],
			"to": [9, 8, 9],
			"faces": {
				"north": {"uv": [0, 0, 2, 8], "texture": "#0"},
				"east": {"uv": [0, 0, 2, 8], "texture": "#0"},
				"south": {"uv": [0, 0, 2, 8], "texture": "#0"},
				"west": {"uv": [0, 0, 2, 8], "texture": "#0"},
				"up": {"uv": [0, 0, 2, 2], "texture": "#0"},
				"down": {"uv": [0, 0, 2, 2], "texture": "#0"}
			}
		},
		{
			"from": [5, 3, 5],
			"to": [11, 5, 11],
			"faces": {
				"north": {"uv": [6, 3, 12, 5], "texture": "#2"},
				"east": {"uv": [6, 0, 12, 2], "texture": "#2"},
				"south": {"uv": [6, 3, 12, 5], "texture": "#2"},
				"west": {"uv": [6, 3, 12, 5], "texture": "#2"},
				"up": {"uv": [6, 3, 12, 9], "texture": "#2"},
				"down": {"uv": [6, 3, 12, 9], "texture": "#2"}
			}
		},
		{
			"from": [11, 3, 6],
			"to": [13, 5, 10],
			"faces": {
				"north": {"uv": [6, 3, 8, 5], "texture": "#2"},
				"east": {"uv": [6, 0, 10, 2], "texture": "#2"},
				"south": {"uv": [6, 3, 8, 5], "texture": "#2"},
				"west": {"uv": [6, 3, 10, 5], "texture": "#2"},
				"up": {"uv": [6, 3, 8, 7], "texture": "#2"},
				"down": {"uv": [6, 3, 8, 7], "texture": "#2"}
			}
		},
		{
			"from": [9, 5, 6],
			"to": [11, 7, 10],
			"faces": {
				"north": {"uv": [6, 3, 8, 5], "texture": "#2"},
				"east": {"uv": [6, 0, 10, 2], "texture": "#2"},
				"south": {"uv": [6, 3, 8, 5], "texture": "#2"},
				"west": {"uv": [6, 3, 10, 5], "texture": "#2"},
				"up": {"uv": [6, 3, 8, 7], "texture": "#2"},
				"down": {"uv": [6, 3, 8, 7], "texture": "#2"}
			}
		},
		{
			"from": [5, 5, 6],
			"to": [7, 7, 10],
			"faces": {
				"north": {"uv": [6, 3, 8, 5], "texture": "#2"},
				"east": {"uv": [6, 0, 10, 2], "texture": "#2"},
				"south": {"uv": [6, 3, 8, 5], "texture": "#2"},
				"west": {"uv": [6, 3, 10, 5], "texture": "#2"},
				"up": {"uv": [6, 3, 8, 7], "texture": "#2"},
				"down": {"uv": [6, 3, 8, 7], "texture": "#2"}
			}
		},
		{
			"from": [6.5, 8, 6],
			"to": [7.5, 10, 10],
			"faces": {
				"north": {"uv": [6, 3, 7, 5], "texture": "#2"},
				"east": {"uv": [6, 0, 10, 2], "texture": "#2"},
				"south": {"uv": [6, 3, 7, 5], "texture": "#2"},
				"west": {"uv": [6, 3, 10, 5], "texture": "#2"},
				"up": {"uv": [6, 3, 7, 7], "texture": "#2"},
				"down": {"uv": [6, 3, 7, 7], "texture": "#2"}
			}
		},
		{
			"from": [8.5, 8, 6],
			"to": [9.5, 10, 10],
			"faces": {
				"north": {"uv": [6, 3, 7, 5], "texture": "#2"},
				"east": {"uv": [6, 0, 10, 2], "texture": "#2"},
				"south": {"uv": [6, 3, 7, 5], "texture": "#2"},
				"west": {"uv": [6, 3, 10, 5], "texture": "#2"},
				"up": {"uv": [6, 3, 7, 7], "texture": "#2"},
				"down": {"uv": [6, 3, 7, 7], "texture": "#2"}
			}
		},
		{
			"from": [4, 7, 5],
			"to": [7, 8, 11],
			"faces": {
				"north": {"uv": [6, 3, 9, 4], "texture": "#2"},
				"east": {"uv": [6, 0, 12, 1], "texture": "#2"},
				"south": {"uv": [6, 3, 9, 4], "texture": "#2"},
				"west": {"uv": [6, 3, 12, 4], "texture": "#2"},
				"up": {"uv": [6, 3, 9, 9], "texture": "#2"},
				"down": {"uv": [6, 3, 9, 9], "texture": "#2"}
			}
		},
		{
			"from": [5, 10, 5.75],
			"to": [7.5, 11, 10.25],
			"faces": {
				"north": {"uv": [6, 3, 8.5, 4], "texture": "#2"},
				"east": {"uv": [6, 0, 10.5, 1], "texture": "#2"},
				"south": {"uv": [6, 3, 8.5, 4], "texture": "#2"},
				"west": {"uv": [6, 3, 10.5, 4], "texture": "#2"},
				"up": {"uv": [6, 3, 8.5, 7.5], "texture": "#2"},
				"down": {"uv": [6, 3, 8.5, 7.5], "texture": "#2"}
			}
		},
		{
			"from": [6.75, 11, 6.75],
			"to": [7.5, 12, 9.25],
			"faces": {
				"north": {"uv": [6, 3, 6.75, 4], "texture": "#2"},
				"east": {"uv": [6, 0, 8.5, 1], "texture": "#2"},
				"south": {"uv": [6, 3, 6.75, 4], "texture": "#2"},
				"west": {"uv": [6, 3, 8.5, 4], "texture": "#2"},
				"up": {"uv": [6, 3, 6.75, 5.5], "texture": "#2"},
				"down": {"uv": [6, 3, 6.75, 5.5], "texture": "#2"}
			}
		},
		{
			"from": [6.75, 13, 6.75],
			"to": [7.5, 14, 9.25],
			"faces": {
				"north": {"uv": [6, 3, 6.75, 4], "texture": "#2"},
				"east": {"uv": [6, 0, 8.5, 1], "texture": "#2"},
				"south": {"uv": [6, 3, 6.75, 4], "texture": "#2"},
				"west": {"uv": [6, 3, 8.5, 4], "texture": "#2"},
				"up": {"uv": [6, 3, 6.75, 5.5], "texture": "#2"},
				"down": {"uv": [6, 3, 6.75, 5.5], "texture": "#2"}
			}
		},
		{
			"from": [7, 14, 7.25],
			"to": [7.5, 15, 8.75],
			"faces": {
				"north": {"uv": [6, 3, 6.5, 4], "texture": "#2"},
				"east": {"uv": [6, 0, 7.5, 1], "texture": "#2"},
				"south": {"uv": [6, 3, 6.5, 4], "texture": "#2"},
				"west": {"uv": [6, 3, 7.5, 4], "texture": "#2"},
				"up": {"uv": [6, 3, 6.5, 4.5], "texture": "#2"},
				"down": {"uv": [6, 3, 6.5, 4.5], "texture": "#2"}
			}
		},
		{
			"from": [8.5, 14, 7.25],
			"to": [9, 15, 8.75],
			"faces": {
				"north": {"uv": [6, 3, 6.5, 4], "texture": "#2"},
				"east": {"uv": [6, 0, 7.5, 1], "texture": "#2"},
				"south": {"uv": [6, 3, 6.5, 4], "texture": "#2"},
				"west": {"uv": [6, 3, 7.5, 4], "texture": "#2"},
				"up": {"uv": [6, 3, 6.5, 4.5], "texture": "#2"},
				"down": {"uv": [6, 3, 6.5, 4.5], "texture": "#2"}
			}
		},
		{
			"from": [8.5, 11, 6.75],
			"to": [9.25, 12, 9.25],
			"faces": {
				"north": {"uv": [6, 3, 6.75, 4], "texture": "#2"},
				"east": {"uv": [6, 0, 8.5, 1], "texture": "#2"},
				"south": {"uv": [6, 3, 6.75, 4], "texture": "#2"},
				"west": {"uv": [6, 3, 8.5, 4], "texture": "#2"},
				"up": {"uv": [6, 3, 6.75, 5.5], "texture": "#2"},
				"down": {"uv": [6, 3, 6.75, 5.5], "texture": "#2"}
			}
		},
		{
			"from": [8.5, 13, 6.75],
			"to": [9.25, 14, 9.25],
			"faces": {
				"north": {"uv": [6, 3, 6.75, 4], "texture": "#2"},
				"east": {"uv": [6, 0, 8.5, 1], "texture": "#2"},
				"south": {"uv": [6, 3, 6.75, 4], "texture": "#2"},
				"west": {"uv": [6, 3, 8.5, 4], "texture": "#2"},
				"up": {"uv": [6, 3, 6.75, 5.5], "texture": "#2"},
				"down": {"uv": [6, 3, 6.75, 5.5], "texture": "#2"}
			}
		},
		{
			"from": [8.5, 10, 5.75],
			"to": [11, 11, 10.25],
			"faces": {
				"north": {"uv": [6, 3, 8.5, 4], "texture": "#2"},
				"east": {"uv": [6, 0, 10.5, 1], "texture": "#2"},
				"south": {"uv": [6, 3, 8.5, 4], "texture": "#2"},
				"west": {"uv": [6, 3, 10.5, 4], "texture": "#2"},
				"up": {"uv": [6, 3, 8.5, 7.5], "texture": "#2"},
				"down": {"uv": [6, 3, 8.5, 7.5], "texture": "#2"}
			}
		},
		{
			"from": [5.5, 7, 4],
			"to": [11.5, 8, 7],
			"rotation": {"angle": 0, "axis": "y", "origin": [5.5, 7.5, 8]},
			"faces": {
				"north": {"uv": [6, 3, 12, 4], "texture": "#2"},
				"east": {"uv": [6, 0, 9, 1], "texture": "#2"},
				"south": {"uv": [6, 3, 12, 4], "texture": "#2"},
				"west": {"uv": [6, 3, 9, 4], "texture": "#2"},
				"up": {"uv": [6, 3, 9, 9], "rotation": 270, "texture": "#2"},
				"down": {"uv": [6, 3, 9, 9], "rotation": 90, "texture": "#2"}
			}
		},
		{
			"from": [5.75, 10, 5],
			"to": [10.25, 11, 7.5],
			"rotation": {"angle": 0, "axis": "y", "origin": [5.5, 7.5, 8]},
			"faces": {
				"north": {"uv": [6, 3, 10.5, 4], "texture": "#2"},
				"east": {"uv": [6, 0, 8.5, 1], "texture": "#2"},
				"south": {"uv": [6, 3, 10.5, 4], "texture": "#2"},
				"west": {"uv": [6, 3, 8.5, 4], "texture": "#2"},
				"up": {"uv": [6, 3, 8.5, 7.5], "rotation": 270, "texture": "#2"},
				"down": {"uv": [6, 3, 8.5, 7.5], "rotation": 90, "texture": "#2"}
			}
		},
		{
			"from": [6.75, 11, 6.75],
			"to": [9.25, 12, 7.5],
			"rotation": {"angle": 0, "axis": "y", "origin": [5.5, 7.5, 8]},
			"faces": {
				"north": {"uv": [6, 3, 8.5, 4], "texture": "#2"},
				"east": {"uv": [6, 0, 6.75, 1], "texture": "#2"},
				"south": {"uv": [6, 3, 8.5, 4], "texture": "#2"},
				"west": {"uv": [6, 3, 6.75, 4], "texture": "#2"},
				"up": {"uv": [6, 3, 6.75, 5.5], "rotation": 270, "texture": "#2"},
				"down": {"uv": [6, 3, 6.75, 5.5], "rotation": 90, "texture": "#2"}
			}
		},
		{
			"from": [6.75, 11, 8.5],
			"to": [9.25, 12, 9.25],
			"rotation": {"angle": 0, "axis": "y", "origin": [5.5, 7.5, 8]},
			"faces": {
				"north": {"uv": [6, 3, 8.5, 4], "texture": "#2"},
				"east": {"uv": [6, 0, 6.75, 1], "texture": "#2"},
				"south": {"uv": [6, 3, 8.5, 4], "texture": "#2"},
				"west": {"uv": [6, 3, 6.75, 4], "texture": "#2"},
				"up": {"uv": [6, 3, 6.75, 5.5], "rotation": 270, "texture": "#2"},
				"down": {"uv": [6, 3, 6.75, 5.5], "rotation": 90, "texture": "#2"}
			}
		},
		{
			"from": [6.75, 13, 8.5],
			"to": [9.25, 14, 9.25],
			"rotation": {"angle": 0, "axis": "y", "origin": [5.5, 7.5, 8]},
			"faces": {
				"north": {"uv": [6, 3, 8.5, 4], "texture": "#2"},
				"east": {"uv": [6, 0, 6.75, 1], "texture": "#2"},
				"south": {"uv": [6, 3, 8.5, 4], "texture": "#2"},
				"west": {"uv": [6, 3, 6.75, 4], "texture": "#2"},
				"up": {"uv": [6, 3, 6.75, 5.5], "rotation": 270, "texture": "#2"},
				"down": {"uv": [6, 3, 6.75, 5.5], "rotation": 90, "texture": "#2"}
			}
		},
		{
			"from": [6.75, 13, 6.75],
			"to": [9.25, 14, 7.5],
			"rotation": {"angle": 0, "axis": "y", "origin": [5.5, 7.5, 8]},
			"faces": {
				"north": {"uv": [6, 3, 8.5, 4], "texture": "#2"},
				"east": {"uv": [6, 0, 6.75, 1], "texture": "#2"},
				"south": {"uv": [6, 3, 8.5, 4], "texture": "#2"},
				"west": {"uv": [6, 3, 6.75, 4], "texture": "#2"},
				"up": {"uv": [6, 3, 6.75, 5.5], "rotation": 270, "texture": "#2"},
				"down": {"uv": [6, 3, 6.75, 5.5], "rotation": 90, "texture": "#2"}
			}
		},
		{
			"from": [6.75, 15, 8.5],
			"to": [9.25, 16, 9.25],
			"rotation": {"angle": 0, "axis": "y", "origin": [5.5, 7.5, 8]},
			"faces": {
				"north": {"uv": [6, 3, 8.5, 4], "texture": "#2"},
				"east": {"uv": [6, 0, 6.75, 1], "texture": "#2"},
				"south": {"uv": [6, 3, 8.5, 4], "texture": "#2"},
				"west": {"uv": [6, 3, 6.75, 4], "texture": "#2"},
				"up": {"uv": [6, 3, 6.75, 5.5], "rotation": 270, "texture": "#2"},
				"down": {"uv": [6, 3, 6.75, 5.5], "rotation": 90, "texture": "#2"}
			}
		},
		{
			"from": [8.5, 15, 6.75],
			"to": [9.25, 16, 9.25],
			"faces": {
				"north": {"uv": [6, 3, 6.75, 4], "texture": "#2"},
				"east": {"uv": [6, 0, 8.5, 1], "texture": "#2"},
				"south": {"uv": [6, 3, 6.75, 4], "texture": "#2"},
				"west": {"uv": [6, 3, 8.5, 4], "texture": "#2"},
				"up": {"uv": [6, 3, 6.75, 5.5], "texture": "#2"},
				"down": {"uv": [6, 3, 6.75, 5.5], "texture": "#2"}
			}
		},
		{
			"from": [6.75, 15, 6.75],
			"to": [9.25, 16, 7.5],
			"rotation": {"angle": 0, "axis": "y", "origin": [5.5, 7.5, 8]},
			"faces": {
				"north": {"uv": [6, 3, 8.5, 4], "texture": "#2"},
				"east": {"uv": [6, 0, 6.75, 1], "texture": "#2"},
				"south": {"uv": [6, 3, 8.5, 4], "texture": "#2"},
				"west": {"uv": [6, 3, 6.75, 4], "texture": "#2"},
				"up": {"uv": [6, 3, 6.75, 5.5], "rotation": 270, "texture": "#2"},
				"down": {"uv": [6, 3, 6.75, 5.5], "rotation": 90, "texture": "#2"}
			}
		},
		{
			"from": [7.35, 16, 7.35],
			"to": [8.6, 17, 8.6],
			"rotation": {"angle": 0, "axis": "y", "origin": [5.5, 7.5, 8]},
			"faces": {
				"north": {"uv": [6, 3, 7.25, 4], "texture": "#2"},
				"east": {"uv": [6, 0, 7.25, 1], "texture": "#2"},
				"south": {"uv": [6, 3, 7.25, 4], "texture": "#2"},
				"west": {"uv": [6, 3, 7.25, 4], "texture": "#2"},
				"up": {"uv": [6, 3, 7.25, 4.25], "rotation": 270, "texture": "#2"},
				"down": {"uv": [6, 3, 7.25, 4.25], "rotation": 90, "texture": "#2"}
			}
		},
		{
			"from": [6.75, 15, 6.75],
			"to": [7.5, 16, 9.25],
			"faces": {
				"north": {"uv": [6, 3, 6.75, 4], "texture": "#2"},
				"east": {"uv": [6, 0, 8.5, 1], "texture": "#2"},
				"south": {"uv": [6, 3, 6.75, 4], "texture": "#2"},
				"west": {"uv": [6, 3, 8.5, 4], "texture": "#2"},
				"up": {"uv": [6, 3, 6.75, 5.5], "texture": "#2"},
				"down": {"uv": [6, 3, 6.75, 5.5], "texture": "#2"}
			}
		},
		{
			"from": [7.25, 14, 7],
			"to": [8.75, 15, 7.5],
			"rotation": {"angle": 0, "axis": "y", "origin": [5.5, 7.5, 8]},
			"faces": {
				"north": {"uv": [6, 3, 7.5, 4], "texture": "#2"},
				"east": {"uv": [6, 0, 6.5, 1], "texture": "#2"},
				"south": {"uv": [6, 3, 7.5, 4], "texture": "#2"},
				"west": {"uv": [6, 3, 6.5, 4], "texture": "#2"},
				"up": {"uv": [6, 3, 6.5, 4.5], "rotation": 270, "texture": "#2"},
				"down": {"uv": [6, 3, 6.5, 4.5], "rotation": 90, "texture": "#2"}
			}
		},
		{
			"from": [7.25, 14, 8.5],
			"to": [8.75, 15, 9],
			"rotation": {"angle": 0, "axis": "y", "origin": [5.5, 7.5, 8]},
			"faces": {
				"north": {"uv": [6, 3, 7.5, 4], "texture": "#2"},
				"east": {"uv": [6, 0, 6.5, 1], "texture": "#2"},
				"south": {"uv": [6, 3, 7.5, 4], "texture": "#2"},
				"west": {"uv": [6, 3, 6.5, 4], "texture": "#2"},
				"up": {"uv": [6, 3, 6.5, 4.5], "rotation": 270, "texture": "#2"},
				"down": {"uv": [6, 3, 6.5, 4.5], "rotation": 90, "texture": "#2"}
			}
		},
		{
			"from": [5.75, 10, 8.5],
			"to": [10.25, 11, 11],
			"rotation": {"angle": 0, "axis": "y", "origin": [5.5, 7.5, 8]},
			"faces": {
				"north": {"uv": [6, 3, 10.5, 4], "texture": "#2"},
				"east": {"uv": [6, 0, 8.5, 1], "texture": "#2"},
				"south": {"uv": [6, 3, 10.5, 4], "texture": "#2"},
				"west": {"uv": [6, 3, 8.5, 4], "texture": "#2"},
				"up": {"uv": [6, 3, 8.5, 7.5], "rotation": 270, "texture": "#2"},
				"down": {"uv": [6, 3, 8.5, 7.5], "rotation": 90, "texture": "#2"}
			}
		},
		{
			"from": [6.25, 12, 8.5],
			"to": [9.75, 13, 10.25],
			"rotation": {"angle": 0, "axis": "y", "origin": [5.5, 7.5, 8]},
			"faces": {
				"north": {"uv": [6, 3, 9.5, 4], "texture": "#2"},
				"east": {"uv": [6, 0, 7.75, 1], "texture": "#2"},
				"south": {"uv": [6, 3, 9.5, 4], "texture": "#2"},
				"west": {"uv": [6, 3, 7.75, 4], "texture": "#2"},
				"up": {"uv": [6, 3, 7.75, 6.5], "rotation": 270, "texture": "#2"},
				"down": {"uv": [6, 3, 7.75, 6.5], "rotation": 90, "texture": "#2"}
			}
		},
		{
			"from": [6.25, 12, 5.75],
			"to": [9.75, 13, 7.5],
			"rotation": {"angle": 0, "axis": "y", "origin": [5.5, 7.5, 8]},
			"faces": {
				"north": {"uv": [6, 3, 9.5, 4], "texture": "#2"},
				"east": {"uv": [6, 0, 7.75, 1], "texture": "#2"},
				"south": {"uv": [6, 3, 9.5, 4], "texture": "#2"},
				"west": {"uv": [6, 3, 7.75, 4], "texture": "#2"},
				"up": {"uv": [6, 3, 7.75, 6.5], "rotation": 270, "texture": "#2"},
				"down": {"uv": [6, 3, 7.75, 6.5], "rotation": 90, "texture": "#2"}
			}
		},
		{
			"from": [5.5, 7, 9],
			"to": [11.5, 8, 12],
			"rotation": {"angle": 0, "axis": "y", "origin": [5.5, 7.5, 8]},
			"faces": {
				"north": {"uv": [6, 3, 12, 4], "texture": "#2"},
				"east": {"uv": [6, 0, 9, 1], "texture": "#2"},
				"south": {"uv": [6, 3, 12, 4], "texture": "#2"},
				"west": {"uv": [6, 3, 9, 4], "texture": "#2"},
				"up": {"uv": [6, 3, 9, 9], "rotation": 270, "texture": "#2"},
				"down": {"uv": [6, 3, 9, 9], "rotation": 90, "texture": "#2"}
			}
		},
		{
			"from": [9, 7, 5],
			"to": [12, 8, 11],
			"faces": {
				"north": {"uv": [6, 3, 9, 4], "texture": "#2"},
				"east": {"uv": [6, 0, 12, 1], "texture": "#2"},
				"south": {"uv": [6, 3, 9, 4], "texture": "#2"},
				"west": {"uv": [6, 3, 12, 4], "texture": "#2"},
				"up": {"uv": [6, 3, 9, 9], "texture": "#2"},
				"down": {"uv": [6, 3, 9, 9], "texture": "#2"}
			}
		},
		{
			"from": [8.5, 12, 6.25],
			"to": [10.25, 13, 9.75],
			"faces": {
				"north": {"uv": [6, 3, 7.75, 4], "texture": "#2"},
				"east": {"uv": [6, 0, 9.5, 1], "texture": "#2"},
				"south": {"uv": [6, 3, 7.75, 4], "texture": "#2"},
				"west": {"uv": [6, 3, 9.5, 4], "texture": "#2"},
				"up": {"uv": [6, 3, 7.75, 6.5], "texture": "#2"},
				"down": {"uv": [6, 3, 7.75, 6.5], "texture": "#2"}
			}
		},
		{
			"from": [5.75, 12, 6.25],
			"to": [7.5, 13, 9.75],
			"faces": {
				"north": {"uv": [6, 3, 7.75, 4], "texture": "#2"},
				"east": {"uv": [6, 0, 9.5, 1], "texture": "#2"},
				"south": {"uv": [6, 3, 7.75, 4], "texture": "#2"},
				"west": {"uv": [6, 3, 9.5, 4], "texture": "#2"},
				"up": {"uv": [6, 3, 7.75, 6.5], "texture": "#2"},
				"down": {"uv": [6, 3, 7.75, 6.5], "texture": "#2"}
			}
		},
		{
			"from": [3, 3, 6],
			"to": [5, 5, 10],
			"faces": {
				"north": {"uv": [6, 3, 8, 5], "texture": "#2"},
				"east": {"uv": [6, 0, 10, 2], "texture": "#2"},
				"south": {"uv": [6, 3, 8, 5], "texture": "#2"},
				"west": {"uv": [6, 3, 10, 5], "texture": "#2"},
				"up": {"uv": [6, 3, 8, 7], "texture": "#2"},
				"down": {"uv": [6, 3, 8, 7], "texture": "#2"}
			}
		},
		{
			"from": [6, 3, 3],
			"to": [10, 5, 5],
			"faces": {
				"north": {"uv": [6, 3, 10, 5], "texture": "#2"},
				"east": {"uv": [6, 0, 8, 2], "texture": "#2"},
				"south": {"uv": [6, 3, 10, 5], "texture": "#2"},
				"west": {"uv": [6, 3, 8, 5], "texture": "#2"},
				"up": {"uv": [6, 3, 10, 5], "texture": "#2"},
				"down": {"uv": [6, 3, 10, 5], "texture": "#2"}
			}
		},
		{
			"from": [6, 3, 11],
			"to": [10, 5, 13],
			"faces": {
				"north": {"uv": [6, 3, 10, 5], "texture": "#2"},
				"east": {"uv": [6, 0, 8, 2], "texture": "#2"},
				"south": {"uv": [6, 3, 10, 5], "texture": "#2"},
				"west": {"uv": [6, 3, 8, 5], "texture": "#2"},
				"up": {"uv": [6, 3, 10, 5], "texture": "#2"},
				"down": {"uv": [6, 3, 10, 5], "texture": "#2"}
			}
		},
		{
			"from": [6, 8, 8.5],
			"to": [10, 10, 9.5],
			"faces": {
				"north": {"uv": [6, 3, 10, 5], "texture": "#2"},
				"east": {"uv": [6, 0, 7, 2], "texture": "#2"},
				"south": {"uv": [6, 3, 10, 5], "texture": "#2"},
				"west": {"uv": [6, 3, 7, 5], "texture": "#2"},
				"up": {"uv": [6, 3, 10, 4], "texture": "#2"},
				"down": {"uv": [6, 3, 10, 4], "texture": "#2"}
			}
		},
		{
			"from": [6, 5, 9],
			"to": [10, 7, 11],
			"faces": {
				"north": {"uv": [6, 3, 10, 5], "texture": "#2"},
				"east": {"uv": [6, 0, 8, 2], "texture": "#2"},
				"south": {"uv": [6, 3, 10, 5], "texture": "#2"},
				"west": {"uv": [6, 3, 8, 5], "texture": "#2"},
				"up": {"uv": [6, 3, 10, 5], "texture": "#2"},
				"down": {"uv": [6, 3, 10, 5], "texture": "#2"}
			}
		},
		{
			"from": [6, 5, 5],
			"to": [10, 7, 7],
			"faces": {
				"north": {"uv": [6, 3, 10, 5], "texture": "#2"},
				"east": {"uv": [6, 0, 8, 2], "texture": "#2"},
				"south": {"uv": [6, 3, 10, 5], "texture": "#2"},
				"west": {"uv": [6, 3, 8, 5], "texture": "#2"},
				"up": {"uv": [6, 3, 10, 5], "texture": "#2"},
				"down": {"uv": [6, 3, 10, 5], "texture": "#2"}
			}
		},
		{
			"from": [6, 8, 6.5],
			"to": [10, 10, 7.5],
			"faces": {
				"north": {"uv": [6, 3, 10, 5], "texture": "#2"},
				"east": {"uv": [6, 0, 7, 2], "texture": "#2"},
				"south": {"uv": [6, 3, 10, 5], "texture": "#2"},
				"west": {"uv": [6, 3, 7, 5], "texture": "#2"},
				"up": {"uv": [6, 3, 10, 4], "texture": "#2"},
				"down": {"uv": [6, 3, 10, 4], "texture": "#2"}
			}
		},
		{
			"from": [4.25, 2.5, 6.75],
			"to": [4.75, 3, 7.25],
			"faces": {
				"north": {"uv": [0, 0, 0.5, 0.5], "texture": "#3"},
				"east": {"uv": [0, 0, 0.5, 0.5], "texture": "#3"},
				"south": {"uv": [0, 0, 0.5, 0.5], "texture": "#3"},
				"west": {"uv": [0, 0, 0.5, 0.5], "texture": "#3"},
				"up": {"uv": [0, 0, 0.5, 0.5], "texture": "#3"},
				"down": {"uv": [0, 0, 0.5, 0.5], "texture": "#3"}
			}
		},
		{
			"from": [6.25, 2.5, 10.75],
			"to": [6.75, 3, 11.25],
			"faces": {
				"north": {"uv": [0, 0, 0.5, 0.5], "texture": "#3"},
				"east": {"uv": [0, 0, 0.5, 0.5], "texture": "#3"},
				"south": {"uv": [0, 0, 0.5, 0.5], "texture": "#3"},
				"west": {"uv": [0, 0, 0.5, 0.5], "texture": "#3"},
				"up": {"uv": [0, 0, 0.5, 0.5], "texture": "#3"},
				"down": {"uv": [0, 0, 0.5, 0.5], "texture": "#3"}
			}
		},
		{
			"from": [11.25, 2.5, 7.75],
			"to": [11.75, 3, 8.25],
			"faces": {
				"north": {"uv": [0, 0, 0.5, 0.5], "texture": "#3"},
				"east": {"uv": [0, 0, 0.5, 0.5], "texture": "#3"},
				"south": {"uv": [0, 0, 0.5, 0.5], "texture": "#3"},
				"west": {"uv": [0, 0, 0.5, 0.5], "texture": "#3"},
				"up": {"uv": [0, 0, 0.5, 0.5], "texture": "#3"},
				"down": {"uv": [0, 0, 0.5, 0.5], "texture": "#3"}
			}
		},
		{
			"from": [8.25, 2.5, 3.75],
			"to": [8.75, 3, 4.25],
			"faces": {
				"north": {"uv": [0, 0, 0.5, 0.5], "texture": "#3"},
				"east": {"uv": [0, 0, 0.5, 0.5], "texture": "#3"},
				"south": {"uv": [0, 0, 0.5, 0.5], "texture": "#3"},
				"west": {"uv": [0, 0, 0.5, 0.5], "texture": "#3"},
				"up": {"uv": [0, 0, 0.5, 0.5], "texture": "#3"},
				"down": {"uv": [0, 0, 0.5, 0.5], "texture": "#3"}
			}
		},
		{
			"from": [8.25, 6.5, 3.75],
			"to": [8.75, 7, 4.25],
			"faces": {
				"north": {"uv": [0, 0, 0.5, 0.5], "texture": "#3"},
				"east": {"uv": [0, 0, 0.5, 0.5], "texture": "#3"},
				"south": {"uv": [0, 0, 0.5, 0.5], "texture": "#3"},
				"west": {"uv": [0, 0, 0.5, 0.5], "texture": "#3"},
				"up": {"uv": [0, 0, 0.5, 0.5], "texture": "#3"},
				"down": {"uv": [0, 0, 0.5, 0.5], "texture": "#3"}
			}
		},
		{
			"from": [11.25, 6.5, 4.75],
			"to": [11.75, 7, 5.25],
			"faces": {
				"north": {"uv": [0, 0, 0.5, 0.5], "texture": "#3"},
				"east": {"uv": [0, 0, 0.5, 0.5], "texture": "#3"},
				"south": {"uv": [0, 0, 0.5, 0.5], "texture": "#3"},
				"west": {"uv": [0, 0, 0.5, 0.5], "texture": "#3"},
				"up": {"uv": [0, 0, 0.5, 0.5], "texture": "#3"},
				"down": {"uv": [0, 0, 0.5, 0.5], "texture": "#3"}
			}
		},
		{
			"from": [11.25, 6.5, 4.75],
			"to": [11.75, 7, 5.25],
			"faces": {
				"north": {"uv": [0, 0, 0.5, 0.5], "texture": "#3"},
				"east": {"uv": [0, 0, 0.5, 0.5], "texture": "#3"},
				"south": {"uv": [0, 0, 0.5, 0.5], "texture": "#3"},
				"west": {"uv": [0, 0, 0.5, 0.5], "texture": "#3"},
				"up": {"uv": [0, 0, 0.5, 0.5], "texture": "#3"},
				"down": {"uv": [0, 0, 0.5, 0.5], "texture": "#3"}
			}
		},
		{
			"from": [11.25, 6.5, 8.75],
			"to": [11.75, 7, 9.25],
			"faces": {
				"north": {"uv": [0, 0, 0.5, 0.5], "texture": "#3"},
				"east": {"uv": [0, 0, 0.5, 0.5], "texture": "#3"},
				"south": {"uv": [0, 0, 0.5, 0.5], "texture": "#3"},
				"west": {"uv": [0, 0, 0.5, 0.5], "texture": "#3"},
				"up": {"uv": [0, 0, 0.5, 0.5], "texture": "#3"},
				"down": {"uv": [0, 0, 0.5, 0.5], "texture": "#3"}
			}
		},
		{
			"from": [7.25, 6.5, 10.75],
			"to": [7.75, 7, 11.25],
			"faces": {
				"north": {"uv": [0, 0, 0.5, 0.5], "texture": "#3"},
				"east": {"uv": [0, 0, 0.5, 0.5], "texture": "#3"},
				"south": {"uv": [0, 0, 0.5, 0.5], "texture": "#3"},
				"west": {"uv": [0, 0, 0.5, 0.5], "texture": "#3"},
				"up": {"uv": [0, 0, 0.5, 0.5], "texture": "#3"},
				"down": {"uv": [0, 0, 0.5, 0.5], "texture": "#3"}
			}
		},
		{
			"from": [4.25, 6.5, 8.75],
			"to": [4.75, 7, 9.25],
			"faces": {
				"north": {"uv": [0, 0, 0.5, 0.5], "texture": "#3"},
				"east": {"uv": [0, 0, 0.5, 0.5], "texture": "#3"},
				"south": {"uv": [0, 0, 0.5, 0.5], "texture": "#3"},
				"west": {"uv": [0, 0, 0.5, 0.5], "texture": "#3"},
				"up": {"uv": [0, 0, 0.5, 0.5], "texture": "#3"},
				"down": {"uv": [0, 0, 0.5, 0.5], "texture": "#3"}
			}
		},
		{
			"from": [5.25, 6.5, 5.25],
			"to": [5.75, 7, 5.75],
			"faces": {
				"north": {"uv": [0, 0, 0.5, 0.5], "texture": "#3"},
				"east": {"uv": [0, 0, 0.5, 0.5], "texture": "#3"},
				"south": {"uv": [0, 0, 0.5, 0.5], "texture": "#3"},
				"west": {"uv": [0, 0, 0.5, 0.5], "texture": "#3"},
				"up": {"uv": [0, 0, 0.5, 0.5], "texture": "#3"},
				"down": {"uv": [0, 0, 0.5, 0.5], "texture": "#3"}
			}
		},
		{
			"from": [7.25, 9.5, 10.75],
			"to": [7.75, 10, 11.25],
			"faces": {
				"north": {"uv": [0, 0, 0.5, 0.5], "texture": "#3"},
				"east": {"uv": [0, 0, 0.5, 0.5], "texture": "#3"},
				"south": {"uv": [0, 0, 0.5, 0.5], "texture": "#3"},
				"west": {"uv": [0, 0, 0.5, 0.5], "texture": "#3"},
				"up": {"uv": [0, 0, 0.5, 0.5], "texture": "#3"},
				"down": {"uv": [0, 0, 0.5, 0.5], "texture": "#3"}
			}
		},
		{
			"from": [10, 9.5, 9.75],
			"to": [10.5, 10, 10.25],
			"faces": {
				"north": {"uv": [0, 0, 0.5, 0.5], "texture": "#3"},
				"east": {"uv": [0, 0, 0.5, 0.5], "texture": "#3"},
				"south": {"uv": [0, 0, 0.5, 0.5], "texture": "#3"},
				"west": {"uv": [0, 0, 0.5, 0.5], "texture": "#3"},
				"up": {"uv": [0, 0, 0.5, 0.5], "texture": "#3"},
				"down": {"uv": [0, 0, 0.5, 0.5], "texture": "#3"}
			}
		},
		{
			"from": [10, 9.5, 7.75],
			"to": [10.5, 10, 8.25],
			"faces": {
				"north": {"uv": [0, 0, 0.5, 0.5], "texture": "#3"},
				"east": {"uv": [0, 0, 0.5, 0.5], "texture": "#3"},
				"south": {"uv": [0, 0, 0.5, 0.5], "texture": "#3"},
				"west": {"uv": [0, 0, 0.5, 0.5], "texture": "#3"},
				"up": {"uv": [0, 0, 0.5, 0.5], "texture": "#3"},
				"down": {"uv": [0, 0, 0.5, 0.5], "texture": "#3"}
			}
		},
		{
			"from": [7, 9.5, 5.5],
			"to": [7.5, 10, 6],
			"faces": {
				"north": {"uv": [0, 0, 0.5, 0.5], "texture": "#3"},
				"east": {"uv": [0, 0, 0.5, 0.5], "texture": "#3"},
				"south": {"uv": [0, 0, 0.5, 0.5], "texture": "#3"},
				"west": {"uv": [0, 0, 0.5, 0.5], "texture": "#3"},
				"up": {"uv": [0, 0, 0.5, 0.5], "texture": "#3"},
				"down": {"uv": [0, 0, 0.5, 0.5], "texture": "#3"}
			}
		},
		{
			"from": [5.25, 9.5, 8.5],
			"to": [5.75, 10, 9],
			"faces": {
				"north": {"uv": [0, 0, 0.5, 0.5], "texture": "#3"},
				"east": {"uv": [0, 0, 0.5, 0.5], "texture": "#3"},
				"south": {"uv": [0, 0, 0.5, 0.5], "texture": "#3"},
				"west": {"uv": [0, 0, 0.5, 0.5], "texture": "#3"},
				"up": {"uv": [0, 0, 0.5, 0.5], "texture": "#3"},
				"down": {"uv": [0, 0, 0.5, 0.5], "texture": "#3"}
			}
		},
		{
			"from": [6, 11.5, 8.5],
			"to": [6.5, 12, 9],
			"faces": {
				"north": {"uv": [0, 0, 0.5, 0.5], "texture": "#3"},
				"east": {"uv": [0, 0, 0.5, 0.5], "texture": "#3"},
				"south": {"uv": [0, 0, 0.5, 0.5], "texture": "#3"},
				"west": {"uv": [0, 0, 0.5, 0.5], "texture": "#3"},
				"up": {"uv": [0, 0, 0.5, 0.5], "texture": "#3"},
				"down": {"uv": [0, 0, 0.5, 0.5], "texture": "#3"}
			}
		},
		{
			"from": [9.5, 11.5, 7.5],
			"to": [10, 12, 8],
			"faces": {
				"north": {"uv": [0, 0, 0.5, 0.5], "texture": "#3"},
				"east": {"uv": [0, 0, 0.5, 0.5], "texture": "#3"},
				"south": {"uv": [0, 0, 0.5, 0.5], "texture": "#3"},
				"west": {"uv": [0, 0, 0.5, 0.5], "texture": "#3"},
				"up": {"uv": [0, 0, 0.5, 0.5], "texture": "#3"},
				"down": {"uv": [0, 0, 0.5, 0.5], "texture": "#3"}
			}
		},
		{
			"from": [7.75, 11.5, 9.25],
			"to": [8.25, 12, 9.75],
			"faces": {
				"north": {"uv": [0, 0, 0.5, 0.5], "texture": "#3"},
				"east": {"uv": [0, 0, 0.5, 0.5], "texture": "#3"},
				"south": {"uv": [0, 0, 0.5, 0.5], "texture": "#3"},
				"west": {"uv": [0, 0, 0.5, 0.5], "texture": "#3"},
				"up": {"uv": [0, 0, 0.5, 0.5], "texture": "#3"},
				"down": {"uv": [0, 0, 0.5, 0.5], "texture": "#3"}
			}
		},
		{
			"from": [7.75, 11.5, 6.25],
			"to": [8.25, 12, 6.75],
			"faces": {
				"north": {"uv": [0, 0, 0.5, 0.5], "texture": "#3"},
				"east": {"uv": [0, 0, 0.5, 0.5], "texture": "#3"},
				"south": {"uv": [0, 0, 0.5, 0.5], "texture": "#3"},
				"west": {"uv": [0, 0, 0.5, 0.5], "texture": "#3"},
				"up": {"uv": [0, 0, 0.5, 0.5], "texture": "#3"},
				"down": {"uv": [0, 0, 0.5, 0.5], "texture": "#3"}
			}
		}
	],
	"display": {
		"thirdperson_righthand": {
			"translation": [0, 3.75, 0],
			"scale": [0.5, 0.5, 0.5]
		},
		"thirdperson_lefthand": {
			"translation": [0, 3.25, 0],
			"scale": [0.5, 0.5, 0.5]
		},
		"firstperson_righthand": {
			"scale": [0.6, 0.6, 0.6]
		},
		"firstperson_lefthand": {
			"scale": [0.6, 0.6, 0.6]
		},
		"ground": {
			"translation": [0, 0.75, 0],
			"scale": [0.6, 0.6, 0.6]
		},
		"gui": {
			"rotation": [15.25, -36.5, 0],
			"translation": [0, -0.5, 0],
			"scale": [0.9, 0.9, 0.9]
		},
		"head": {
			"translation": [0, 14.25, 0]
		},
		"fixed": {
			"rotation": [-90, 0, 0],
			"translation": [0, 0, -32.25],
			"scale": [4, 4, 4]
		}
	},
	"groups": [
		{
			"name": "group",
			"origin": [0, 0, 0],
			"color": 0,
			"children": [0, 1]
		},
		{
			"name": "group",
			"origin": [8, 8, 8],
			"color": 0,
			"children": [2, 3, 4, 5, 6, 7, 8, 9, 10, 11, 12, 13, 14, 15, 16, 17, 18, 19, 20, 21, 22, 23, 24, 25, 26, 27, 28, 29, 30, 31, 32, 33, 34, 35, 36, 37, 38, 39, 40, 41, 42, 43]
		},
		{
			"name": "group",
			"origin": [0, 0, 0],
			"color": 0,
			"children": [44, 45, 46, 47, 48, 49, 50, 51, 52, 53, 54, 55, 56, 57, 58, 59, 60, 61, 62, 63]
		}
	]
}