{
	"credit": "Made with Blockbench",
	"parent": "minecraft:carved_pumpkin",
	"texture_size": [32, 32],
	"textures": {
		"0": "block/fire_coral_block",
		"1": "block/bone_block_side",
		"2": "block/emerald_block",
		"3": "block/gold_block",
		"4": "block/raw_gold_block",
		"6": "block/jack_o_lantern",
		"9": "block/red_concrete_powder",
		"particle": "block/fire_coral_block"
	},
	"elements": [
		{
			"from": [3, 15.5, 2],
			"to": [3.5, 16.5, 2.5],
			"rotation": {"angle": 45, "axis": "x", "origin": [0, 0, 0]},
			"faces": {
				"north": {"uv": [0, 0, 16, 16], "texture": "#1"},
				"east": {"uv": [0, 0, 16, 16], "texture": "#1"},
				"south": {"uv": [0, 0, 16, 16], "texture": "#1"},
				"west": {"uv": [0, 0, 16, 16], "texture": "#1"},
				"up": {"uv": [0, 0, 16, 16], "rotation": 270, "texture": "#1"},
				"down": {"uv": [0, 0, 16, 16], "rotation": 90, "texture": "#1"}
			}
		},
		{
			"from": [2.25, 14.5, 2],
			"to": [3, 16, 2.5],
			"rotation": {"angle": 45, "axis": "x", "origin": [0, 0, 0]},
			"faces": {
				"north": {"uv": [0, 0, 16, 16], "texture": "#1"},
				"east": {"uv": [0, 0, 16, 16], "texture": "#1"},
				"south": {"uv": [0, 0, 16, 16], "texture": "#1"},
				"west": {"uv": [0, 0, 16, 16], "texture": "#1"},
				"up": {"uv": [0, 0, 16, 16], "rotation": 270, "texture": "#1"},
				"down": {"uv": [0, 0, 16, 16], "rotation": 90, "texture": "#1"}
			}
		},
		{
			"from": [2, 15.5, -3],
			"to": [2.75, 16.5, -2.25],
			"rotation": {"angle": 45, "axis": "x", "origin": [0, 0, 0]},
			"faces": {
				"north": {"uv": [0, 0, 16, 16], "texture": "#1"},
				"east": {"uv": [0, 0, 16, 16], "texture": "#1"},
				"south": {"uv": [0, 0, 16, 16], "texture": "#1"},
				"west": {"uv": [0, 0, 16, 16], "texture": "#1"},
				"up": {"uv": [0, 0, 16, 16], "rotation": 270, "texture": "#1"},
				"down": {"uv": [0, 0, 16, 16], "rotation": 90, "texture": "#1"}
			}
		},
		{
			"from": [2, 14.5, -3.75],
			"to": [2.75, 16, -3],
			"rotation": {"angle": 45, "axis": "x", "origin": [0, 0, 0]},
			"faces": {
				"north": {"uv": [0, 0, 16, 16], "texture": "#1"},
				"east": {"uv": [0, 0, 16, 16], "texture": "#1"},
				"south": {"uv": [0, 0, 16, 16], "texture": "#1"},
				"west": {"uv": [0, 0, 16, 16], "texture": "#1"},
				"up": {"uv": [0, 0, 16, 16], "rotation": 270, "texture": "#1"},
				"down": {"uv": [0, 0, 16, 16], "rotation": 90, "texture": "#1"}
			}
		},
		{
			"from": [2, 15.5, -4.25],
			"to": [2.75, 16.5, -3.75],
			"rotation": {"angle": 45, "axis": "x", "origin": [0, 0, 0]},
			"faces": {
				"north": {"uv": [0, 0, 16, 16], "texture": "#1"},
				"east": {"uv": [0, 0, 16, 16], "texture": "#1"},
				"south": {"uv": [0, 0, 16, 16], "texture": "#1"},
				"west": {"uv": [0, 0, 16, 16], "texture": "#1"},
				"up": {"uv": [0, 0, 16, 16], "rotation": 270, "texture": "#1"},
				"down": {"uv": [0, 0, 16, 16], "rotation": 90, "texture": "#1"}
			}
		},
		{
			"from": [2.75, 15.5, -3.75],
			"to": [3.25, 16.5, -2.75],
			"rotation": {"angle": 45, "axis": "x", "origin": [0, 0, 0]},
			"faces": {
				"north": {"uv": [0, 0, 16, 16], "texture": "#1"},
				"east": {"uv": [0, 0, 16, 16], "texture": "#1"},
				"south": {"uv": [0, 0, 16, 16], "texture": "#1"},
				"west": {"uv": [0, 0, 16, 16], "texture": "#1"},
				"up": {"uv": [0, 0, 16, 16], "rotation": 270, "texture": "#1"},
				"down": {"uv": [0, 0, 16, 16], "rotation": 90, "texture": "#1"}
			}
		},
		{
			"from": [2, 15.5, -6.75],
			"to": [3, 16.5, -5.75],
			"rotation": {"angle": 45, "axis": "x", "origin": [0, 0, 0]},
			"faces": {
				"north": {"uv": [0, 0, 16, 16], "texture": "#1"},
				"east": {"uv": [0, 0, 16, 16], "texture": "#1"},
				"south": {"uv": [0, 0, 16, 16], "texture": "#1"},
				"west": {"uv": [0, 0, 16, 16], "texture": "#1"},
				"up": {"uv": [0, 0, 16, 16], "rotation": 270, "texture": "#1"},
				"down": {"uv": [0, 0, 16, 16], "rotation": 90, "texture": "#1"}
			}
		},
		{
			"from": [2, 14.75, -7.75],
			"to": [2.75, 16, -7],
			"rotation": {"angle": 45, "axis": "x", "origin": [0, 0, 0]},
			"faces": {
				"north": {"uv": [0, 0, 16, 16], "texture": "#1"},
				"east": {"uv": [0, 0, 16, 16], "texture": "#1"},
				"south": {"uv": [0, 0, 16, 16], "texture": "#1"},
				"west": {"uv": [0, 0, 16, 16], "texture": "#1"},
				"up": {"uv": [0, 0, 16, 16], "rotation": 270, "texture": "#1"},
				"down": {"uv": [0, 0, 16, 16], "rotation": 90, "texture": "#1"}
			}
		},
		{
			"from": [4.75, 15.25, -7.75],
			"to": [5.25, 16.5, -7.25],
			"rotation": {"angle": 45, "axis": "x", "origin": [0, 0, 0]},
			"faces": {
				"north": {"uv": [0, 0, 16, 16], "texture": "#1"},
				"east": {"uv": [0, 0, 16, 16], "texture": "#1"},
				"south": {"uv": [0, 0, 16, 16], "texture": "#1"},
				"west": {"uv": [0, 0, 16, 16], "texture": "#1"},
				"up": {"uv": [0, 0, 16, 16], "rotation": 270, "texture": "#1"},
				"down": {"uv": [0, 0, 16, 16], "rotation": 90, "texture": "#1"}
			}
		},
		{
			"from": [5.25, 14.5, -7.75],
			"to": [6.25, 16, -6.75],
			"rotation": {"angle": 45, "axis": "x", "origin": [0, 0, 0]},
			"faces": {
				"north": {"uv": [0, 0, 16, 16], "texture": "#1"},
				"east": {"uv": [0, 0, 16, 16], "texture": "#1"},
				"south": {"uv": [0, 0, 16, 16], "texture": "#1"},
				"west": {"uv": [0, 0, 16, 16], "texture": "#1"},
				"up": {"uv": [0, 0, 16, 16], "rotation": 270, "texture": "#1"},
				"down": {"uv": [0, 0, 16, 16], "rotation": 90, "texture": "#1"}
			}
		},
		{
			"from": [6.25, 15.25, -7.75],
			"to": [6.75, 16.5, -7.25],
			"rotation": {"angle": 45, "axis": "x", "origin": [0, 0, 0]},
			"faces": {
				"north": {"uv": [0, 0, 16, 16], "texture": "#1"},
				"east": {"uv": [0, 0, 16, 16], "texture": "#1"},
				"south": {"uv": [0, 0, 16, 16], "texture": "#1"},
				"west": {"uv": [0, 0, 16, 16], "texture": "#1"},
				"up": {"uv": [0, 0, 16, 16], "rotation": 270, "texture": "#1"},
				"down": {"uv": [0, 0, 16, 16], "rotation": 90, "texture": "#1"}
			}
		},
		{
			"from": [10, 14.5, -7.75],
			"to": [11, 16, -6.75],
			"rotation": {"angle": 45, "axis": "x", "origin": [0, 0, 0]},
			"faces": {
				"north": {"uv": [0, 0, 16, 16], "texture": "#1"},
				"east": {"uv": [0, 0, 16, 16], "texture": "#1"},
				"south": {"uv": [0, 0, 16, 16], "texture": "#1"},
				"west": {"uv": [0, 0, 16, 16], "texture": "#1"},
				"up": {"uv": [0, 0, 16, 16], "rotation": 270, "texture": "#1"},
				"down": {"uv": [0, 0, 16, 16], "rotation": 90, "texture": "#1"}
			}
		},
		{
			"from": [9.5, 15.25, -7.5],
			"to": [10, 16.5, -7],
			"rotation": {"angle": 45, "axis": "x", "origin": [0, 0, 0]},
			"faces": {
				"north": {"uv": [0, 0, 16, 16], "texture": "#1"},
				"east": {"uv": [0, 0, 16, 16], "texture": "#1"},
				"south": {"uv": [0, 0, 16, 16], "texture": "#1"},
				"west": {"uv": [0, 0, 16, 16], "texture": "#1"},
				"up": {"uv": [0, 0, 16, 16], "rotation": 270, "texture": "#1"},
				"down": {"uv": [0, 0, 16, 16], "rotation": 90, "texture": "#1"}
			}
		},
		{
			"from": [10.25, 13.75, -7.5],
			"to": [10.75, 14.5, -7],
			"rotation": {"angle": 45, "axis": "x", "origin": [0, 0, 0]},
			"faces": {
				"north": {"uv": [0, 0, 16, 16], "texture": "#1"},
				"east": {"uv": [0, 0, 16, 16], "texture": "#1"},
				"south": {"uv": [0, 0, 16, 16], "texture": "#1"},
				"west": {"uv": [0, 0, 16, 16], "texture": "#1"},
				"up": {"uv": [0, 0, 16, 16], "rotation": 270, "texture": "#1"},
				"down": {"uv": [0, 0, 16, 16], "rotation": 90, "texture": "#1"}
			}
		},
		{
			"from": [5.5, 13.75, -7.5],
			"to": [6, 14.5, -7],
			"rotation": {"angle": 45, "axis": "x", "origin": [0, 0, 0]},
			"faces": {
				"north": {"uv": [0, 0, 16, 16], "texture": "#1"},
				"east": {"uv": [0, 0, 16, 16], "texture": "#1"},
				"south": {"uv": [0, 0, 16, 16], "texture": "#1"},
				"west": {"uv": [0, 0, 16, 16], "texture": "#1"},
				"up": {"uv": [0, 0, 16, 16], "rotation": 270, "texture": "#1"},
				"down": {"uv": [0, 0, 16, 16], "rotation": 90, "texture": "#1"}
			}
		},
		{
			"from": [11, 15.25, -7.75],
			"to": [11.5, 16.5, -7.25],
			"rotation": {"angle": 45, "axis": "x", "origin": [0, 0, 0]},
			"faces": {
				"north": {"uv": [0, 0, 16, 16], "texture": "#1"},
				"east": {"uv": [0, 0, 16, 16], "texture": "#1"},
				"south": {"uv": [0, 0, 16, 16], "texture": "#1"},
				"west": {"uv": [0, 0, 16, 16], "texture": "#1"},
				"up": {"uv": [0, 0, 16, 16], "texture": "#1"},
				"down": {"uv": [0, 0, 16, 16], "texture": "#1"}
			}
		},
		{
			"from": [13.25, 14.75, -7.75],
			"to": [14, 16, -7],
			"rotation": {"angle": 45, "axis": "x", "origin": [0, 0, 0]},
			"faces": {
				"north": {"uv": [0, 0, 16, 16], "texture": "#1"},
				"east": {"uv": [0, 0, 16, 16], "texture": "#1"},
				"south": {"uv": [0, 0, 16, 16], "texture": "#1"},
				"west": {"uv": [0, 0, 16, 16], "texture": "#1"},
				"up": {"uv": [0, 0, 16, 16], "texture": "#1"},
				"down": {"uv": [0, 0, 16, 16], "texture": "#1"}
			}
		},
		{
			"from": [13, 15.5, -6.75],
			"to": [14, 16.5, -5.75],
			"rotation": {"angle": 45, "axis": "x", "origin": [0, 0, 0]},
			"faces": {
				"north": {"uv": [0, 0, 16, 16], "texture": "#1"},
				"east": {"uv": [0, 0, 16, 16], "texture": "#1"},
				"south": {"uv": [0, 0, 16, 16], "texture": "#1"},
				"west": {"uv": [0, 0, 16, 16], "texture": "#1"},
				"up": {"uv": [0, 0, 16, 16], "texture": "#1"},
				"down": {"uv": [0, 0, 16, 16], "texture": "#1"}
			}
		},
		{
			"from": [13.25, 15.5, -4.25],
			"to": [14, 16.5, -3.75],
			"rotation": {"angle": 45, "axis": "x", "origin": [0, 0, 0]},
			"faces": {
				"north": {"uv": [0, 0, 16, 16], "texture": "#1"},
				"east": {"uv": [0, 0, 16, 16], "texture": "#1"},
				"south": {"uv": [0, 0, 16, 16], "texture": "#1"},
				"west": {"uv": [0, 0, 16, 16], "texture": "#1"},
				"up": {"uv": [0, 0, 16, 16], "texture": "#1"},
				"down": {"uv": [0, 0, 16, 16], "texture": "#1"}
			}
		},
		{
			"from": [12.75, 15.5, -3.75],
			"to": [13.25, 16.5, -2.75],
			"rotation": {"angle": 45, "axis": "x", "origin": [0, 0, 0]},
			"faces": {
				"north": {"uv": [0, 0, 16, 16], "texture": "#1"},
				"east": {"uv": [0, 0, 16, 16], "texture": "#1"},
				"south": {"uv": [0, 0, 16, 16], "texture": "#1"},
				"west": {"uv": [0, 0, 16, 16], "texture": "#1"},
				"up": {"uv": [0, 0, 16, 16], "texture": "#1"},
				"down": {"uv": [0, 0, 16, 16], "texture": "#1"}
			}
		},
		{
			"from": [13.25, 14.5, -3.75],
			"to": [14, 16, -2.75],
			"rotation": {"angle": 45, "axis": "x", "origin": [0, 0, 0]},
			"faces": {
				"north": {"uv": [0, 0, 16, 16], "texture": "#1"},
				"east": {"uv": [0, 0, 16, 16], "texture": "#1"},
				"south": {"uv": [0, 0, 16, 16], "texture": "#1"},
				"west": {"uv": [0, 0, 16, 16], "texture": "#1"},
				"up": {"uv": [0, 0, 16, 16], "texture": "#1"},
				"down": {"uv": [0, 0, 16, 16], "texture": "#1"}
			}
		},
		{
			"from": [13, 15.5, -2.75],
			"to": [14, 16, -2.25],
			"rotation": {"angle": 45, "axis": "x", "origin": [0, 0, 0]},
			"faces": {
				"north": {"uv": [0, 0, 16, 16], "texture": "#1"},
				"east": {"uv": [0, 0, 16, 16], "texture": "#1"},
				"south": {"uv": [0, 0, 16, 16], "texture": "#1"},
				"west": {"uv": [0, 0, 16, 16], "texture": "#1"},
				"up": {"uv": [0, 0, 16, 16], "texture": "#1"},
				"down": {"uv": [0, 0, 16, 16], "texture": "#1"}
			}
		},
		{
			"from": [12.5, 15.5, 2],
			"to": [13, 16.5, 2.5],
			"rotation": {"angle": 45, "axis": "x", "origin": [0, 0, 0]},
			"faces": {
				"north": {"uv": [0, 0, 16, 16], "texture": "#1"},
				"east": {"uv": [0, 0, 16, 16], "texture": "#1"},
				"south": {"uv": [0, 0, 16, 16], "texture": "#1"},
				"west": {"uv": [0, 0, 16, 16], "texture": "#1"},
				"up": {"uv": [0, 0, 16, 16], "texture": "#1"},
				"down": {"uv": [0, 0, 16, 16], "texture": "#1"}
			}
		},
		{
			"from": [13, 14.5, 2],
			"to": [13.75, 16, 2.5],
			"rotation": {"angle": 45, "axis": "x", "origin": [0, 0, 0]},
			"faces": {
				"north": {"uv": [0, 0, 16, 16], "texture": "#1"},
				"east": {"uv": [0, 0, 16, 16], "texture": "#1"},
				"south": {"uv": [0, 0, 16, 16], "texture": "#1"},
				"west": {"uv": [0, 0, 16, 16], "texture": "#1"},
				"up": {"uv": [0, 0, 16, 16], "texture": "#1"},
				"down": {"uv": [0, 0, 16, 16], "texture": "#1"}
			}
		},
		{
			"from": [2.25, 14.5, -1],
			"to": [3, 16, -0.5],
			"rotation": {"angle": 45, "axis": "x", "origin": [0, 0, 0]},
			"faces": {
				"north": {"uv": [0, 0, 16, 16], "texture": "#1"},
				"east": {"uv": [0, 0, 16, 16], "texture": "#1"},
				"south": {"uv": [0, 0, 16, 16], "texture": "#1"},
				"west": {"uv": [0, 0, 16, 16], "texture": "#1"},
				"up": {"uv": [0, 0, 16, 16], "rotation": 270, "texture": "#1"},
				"down": {"uv": [0, 0, 16, 16], "rotation": 90, "texture": "#1"}
			}
		},
		{
			"from": [12.5, 15.5, -1],
			"to": [13, 16.5, -0.5],
			"rotation": {"angle": 45, "axis": "x", "origin": [0, 0, 0]},
			"faces": {
				"north": {"uv": [0, 0, 16, 16], "texture": "#1"},
				"east": {"uv": [0, 0, 16, 16], "texture": "#1"},
				"south": {"uv": [0, 0, 16, 16], "texture": "#1"},
				"west": {"uv": [0, 0, 16, 16], "texture": "#1"},
				"up": {"uv": [0, 0, 16, 16], "texture": "#1"},
				"down": {"uv": [0, 0, 16, 16], "texture": "#1"}
			}
		},
		{
			"from": [3, 15.5, -1],
			"to": [3.5, 16.5, -0.5],
			"rotation": {"angle": 45, "axis": "x", "origin": [0, 0, 0]},
			"faces": {
				"north": {"uv": [0, 0, 16, 16], "texture": "#1"},
				"east": {"uv": [0, 0, 16, 16], "texture": "#1"},
				"south": {"uv": [0, 0, 16, 16], "texture": "#1"},
				"west": {"uv": [0, 0, 16, 16], "texture": "#1"},
				"up": {"uv": [0, 0, 16, 16], "rotation": 270, "texture": "#1"},
				"down": {"uv": [0, 0, 16, 16], "rotation": 90, "texture": "#1"}
			}
		},
		{
			"from": [13, 14.5, -1],
			"to": [13.75, 16, -0.5],
			"rotation": {"angle": 45, "axis": "x", "origin": [0, 0, 0]},
			"faces": {
				"north": {"uv": [0, 0, 16, 16], "texture": "#1"},
				"east": {"uv": [0, 0, 16, 16], "texture": "#1"},
				"south": {"uv": [0, 0, 16, 16], "texture": "#1"},
				"west": {"uv": [0, 0, 16, 16], "texture": "#1"},
				"up": {"uv": [0, 0, 16, 16], "texture": "#1"},
				"down": {"uv": [0, 0, 16, 16], "texture": "#1"}
			}
		},
		{
			"from": [14.25, 0, 1],
			"to": [15, 8, 15],
			"rotation": {"angle": 0, "axis": "y", "origin": [2, 0, 2]},
			"faces": {
				"north": {"uv": [0, 8.92857, 0.5, 0], "texture": "#0"},
				"east": {"uv": [0, 0, 13.5, 8.92857], "texture": "#0"},
				"south": {"uv": [0, 0, 0.5, 8.92857], "texture": "#0"},
				"west": {"uv": [0, 0, 13.5, 8.92857], "texture": "#0"},
				"up": {"uv": [0, 0, 14, 0.60714], "rotation": 270, "texture": "#0"},
				"down": {"uv": [0, 0, 13.5, 1.5], "rotation": 90, "texture": "#0"}
			}
		},
		{
			"from": [1, 0, 1],
			"to": [1.75, 8, 15],
			"rotation": {"angle": 0, "axis": "y", "origin": [2, 0, 2]},
			"faces": {
				"north": {"uv": [0, 8.92857, 0.5, 0], "texture": "#0"},
				"east": {"uv": [0, 0, 13.5, 8.92857], "texture": "#0"},
				"south": {"uv": [0, 0, 0.5, 8.92857], "texture": "#0"},
				"west": {"uv": [0, 0, 13.5, 8.92857], "texture": "#0"},
				"up": {"uv": [0, 0, 14, 0.60714], "rotation": 270, "texture": "#0"},
				"down": {"uv": [0, 0, 13.5, 1.5], "rotation": 90, "texture": "#0"}
			}
		},
		{
			"from": [1.75, 0, 1],
			"to": [14.25, 8, 2],
			"rotation": {"angle": 0, "axis": "y", "origin": [2, 0, 2]},
			"faces": {
				"north": {"uv": [0, 8.92857, 13.5, 0], "texture": "#0"},
				"east": {"uv": [0, 0, 13.5, 8.92857], "texture": "#0"},
				"south": {"uv": [0, 0, 13.5, 8.92857], "texture": "#0"},
				"west": {"uv": [0, 0, 13.5, 8.92857], "texture": "#0"},
				"up": {"uv": [0, 0, 1, 11.60714], "rotation": 270, "texture": "#0"},
				"down": {"uv": [0, 0, 0.5, 12.5], "rotation": 90, "texture": "#0"}
			}
		},
		{
			"from": [1.75, 0, 14],
			"to": [14.25, 8, 15],
			"rotation": {"angle": 0, "axis": "y", "origin": [2, 0, 2]},
			"faces": {
				"north": {"uv": [0, 8.92857, 13.5, 0], "texture": "#0"},
				"east": {"uv": [0, 0, 13.5, 8.92857], "texture": "#0"},
				"south": {"uv": [0, 0, 13.5, 8.92857], "texture": "#0"},
				"west": {"uv": [0, 0, 13.5, 8.92857], "texture": "#0"},
				"up": {"uv": [0, 0, 1, 11.60714], "rotation": 270, "texture": "#0"},
				"down": {"uv": [0, 0, 0.5, 12.5], "rotation": 90, "texture": "#0"}
			}
		},
		{
			"from": [1.75, 0, 2],
			"to": [14.25, 6, 14],
			"rotation": {"angle": 0, "axis": "y", "origin": [2, 0, 2]},
			"faces": {
				"north": {"uv": [0, 8.92857, 13.5, 0], "texture": "#0"},
				"east": {"uv": [0, 0, 13.5, 8.92857], "texture": "#0"},
				"south": {"uv": [0, 0, 13.5, 8.92857], "texture": "#0"},
				"west": {"uv": [0, 0, 13.5, 8.92857], "texture": "#0"},
				"up": {"uv": [0, 0, 16, 16], "rotation": 270, "texture": "#4"},
				"down": {"uv": [0, 0, 13.5, 12.5], "rotation": 90, "texture": "#0"}
			}
		},
		{
			"from": [0, 14.5, -8.75],
			"to": [16, 19.5, 7.25],
			"rotation": {"angle": 45, "axis": "x", "origin": [2, 0, 2]},
			"faces": {
				"north": {"uv": [0, 5.34774, 15, 0], "texture": "#0"},
				"east": {"uv": [0, 0, 15, 5.34774], "texture": "#0"},
				"south": {"uv": [0, 0, 15, 5.34774], "texture": "#0"},
				"west": {"uv": [0, 0, 15, 5.34774], "texture": "#0"},
				"up": {"uv": [0, 0, 15, 14.97368], "texture": "#0"},
				"down": {"uv": [0, 0, 13.92857, 14.97368], "texture": "#0"}
			}
		},
		{
			"from": [11, 6, 10.25],
			"to": [12.75, 6.25, 12],
			"faces": {
				"north": {"uv": [0, 0, 15.875, 2.26786], "texture": "#3"},
				"east": {"uv": [0, 0, 15.875, 2.26786], "texture": "#3"},
				"south": {"uv": [0, 0, 15.875, 2.26786], "texture": "#3"},
				"west": {"uv": [0, 0, 15.875, 2.26786], "texture": "#3"},
				"up": {"uv": [0, 0, 15.875, 15.875], "texture": "#3"},
				"down": {"uv": [0, 0, 15.875, 15.875], "texture": "#3"}
			}
		},
		{
			"from": [6.25, 6, 6.25],
			"to": [8, 6.25, 8],
			"rotation": {"angle": -22.5, "axis": "y", "origin": [0, 0, 0]},
			"faces": {
				"north": {"uv": [0, 0, 15.875, 2.26786], "texture": "#3"},
				"east": {"uv": [0, 0, 15.875, 2.26786], "texture": "#3"},
				"south": {"uv": [0, 0, 15.875, 2.26786], "texture": "#3"},
				"west": {"uv": [0, 0, 15.875, 2.26786], "texture": "#3"},
				"up": {"uv": [0, 0, 15.875, 15.875], "rotation": 270, "texture": "#3"},
				"down": {"uv": [0, 0, 15.875, 15.875], "rotation": 90, "texture": "#3"}
			}
		},
		{
			"from": [9.25, 6, -0.75],
			"to": [11, 6.25, 1],
			"rotation": {"angle": -22.5, "axis": "y", "origin": [0, 0, 0]},
			"faces": {
				"north": {"uv": [0, 0, 15.875, 2.26786], "texture": "#3"},
				"east": {"uv": [0, 0, 15.875, 2.26786], "texture": "#3"},
				"south": {"uv": [0, 0, 15.875, 2.26786], "texture": "#3"},
				"west": {"uv": [0, 0, 15.875, 2.26786], "texture": "#3"},
				"up": {"uv": [0, 0, 15.875, 15.875], "rotation": 270, "texture": "#3"},
				"down": {"uv": [0, 0, 15.875, 15.875], "rotation": 90, "texture": "#3"}
			}
		},
		{
			"from": [8, 6, 8],
			"to": [9.75, 6.25, 9.75],
			"faces": {
				"north": {"uv": [0, 0, 15.875, 2.26786], "texture": "#3"},
				"east": {"uv": [0, 0, 15.875, 2.26786], "texture": "#3"},
				"south": {"uv": [0, 0, 15.875, 2.26786], "texture": "#3"},
				"west": {"uv": [0, 0, 15.875, 2.26786], "texture": "#3"},
				"up": {"uv": [0, 0, 15.875, 15.875], "texture": "#3"},
				"down": {"uv": [0, 0, 15.875, 15.875], "texture": "#3"}
			}
		},
		{
			"from": [11.75, 6.25, 4.75],
			"to": [13.5, 6.5, 6.5],
			"rotation": {"angle": -22.5, "axis": "y", "origin": [0, 0, 0]},
			"faces": {
				"north": {"uv": [0, 0, 15.875, 2.26786], "texture": "#3"},
				"east": {"uv": [0, 0, 15.875, 2.26786], "texture": "#3"},
				"south": {"uv": [0, 0, 15.875, 2.26786], "texture": "#3"},
				"west": {"uv": [0, 0, 15.875, 2.26786], "texture": "#3"},
				"up": {"uv": [0, 0, 15.875, 15.875], "texture": "#3"},
				"down": {"uv": [0, 0, 15.875, 15.875], "texture": "#3"}
			}
		},
		{
			"from": [8.75, 6, 5.25],
			"to": [10.5, 6.25, 7],
			"rotation": {"angle": -22.5, "axis": "y", "origin": [0, 0, 0]},
			"faces": {
				"north": {"uv": [0, 0, 15.875, 2.26786], "texture": "#3"},
				"east": {"uv": [0, 0, 15.875, 2.26786], "texture": "#3"},
				"south": {"uv": [0, 0, 15.875, 2.26786], "texture": "#3"},
				"west": {"uv": [0, 0, 15.875, 2.26786], "texture": "#3"},
				"up": {"uv": [0, 0, 15.875, 15.875], "texture": "#3"},
				"down": {"uv": [0, 0, 15.875, 15.875], "texture": "#3"}
			}
		},
		{
			"from": [4.25, 6.25, 8.75],
			"to": [6, 6.5, 10.5],
			"faces": {
				"north": {"uv": [0, 0, 15.875, 2.26786], "texture": "#3"},
				"east": {"uv": [0, 0, 15.875, 2.26786], "texture": "#3"},
				"south": {"uv": [0, 0, 15.875, 2.26786], "texture": "#3"},
				"west": {"uv": [0, 0, 15.875, 2.26786], "texture": "#3"},
				"up": {"uv": [0, 0, 15.875, 15.875], "texture": "#3"},
				"down": {"uv": [0, 0, 15.875, 15.875], "texture": "#3"}
			}
		},
		{
			"from": [9.75, 6, 5.5],
			"to": [11.5, 6.25, 7.25],
			"faces": {
				"north": {"uv": [0, 0, 15.875, 2.26786], "texture": "#3"},
				"east": {"uv": [0, 0, 15.875, 2.26786], "texture": "#3"},
				"south": {"uv": [0, 0, 15.875, 2.26786], "texture": "#3"},
				"west": {"uv": [0, 0, 15.875, 2.26786], "texture": "#3"},
				"up": {"uv": [0, 0, 15.875, 15.875], "texture": "#3"},
				"down": {"uv": [0, 0, 15.875, 15.875], "texture": "#3"}
			}
		},
		{
			"from": [6, 2, 6],
			"to": [8, 4, 8],
			"rotation": {"angle": 22.5, "axis": "z", "origin": [0, 0, 0]},
			"faces": {
				"north": {"uv": [0, 0, 16, 16], "texture": "#4"},
				"east": {"uv": [0, 0, 16, 16], "texture": "#4"},
				"south": {"uv": [0, 0, 16, 16], "texture": "#4"},
				"west": {"uv": [0, 0, 16, 16], "texture": "#4"},
				"up": {"uv": [0, 0, 16, 16], "texture": "#4"},
				"down": {"uv": [0, 0, 16, 16], "texture": "#4"}
			}
		},
		{
			"from": [9, -3, 9],
			"to": [11, -1, 11],
			"rotation": {"angle": -45, "axis": "x", "origin": [0, 0, 0]},
			"faces": {
				"north": {"uv": [0, 0, 16, 16], "texture": "#4"},
				"east": {"uv": [0, 0, 16, 16], "texture": "#4"},
				"south": {"uv": [0, 0, 16, 16], "texture": "#4"},
				"west": {"uv": [0, 0, 16, 16], "texture": "#4"},
				"up": {"uv": [0, 0, 16, 16], "texture": "#4"},
				"down": {"uv": [0, 0, 16, 16], "texture": "#4"}
			}
		},
		{
			"from": [6, 6, 7.75],
			"to": [9.75, 8, 9.75],
			"faces": {
				"north": {"uv": [0, 0, 7.875, 4.42857], "texture": "#9"},
				"east": {"uv": [0, 0, 4.2, 4.42857], "texture": "#9"},
				"south": {"uv": [0, 0, 7.875, 4.42857], "texture": "#9"},
				"west": {"uv": [0, 0, 4.2, 4.42857], "texture": "#9"},
				"up": {"uv": [0, 0, 7.875, 4.42857], "texture": "#9"},
				"down": {"uv": [0, 0, 7.875, 4.42857], "texture": "#9"}
			}
		},
		{
			"from": [6, 7.25, 6.75],
			"to": [9.75, 8.25, 7.75],
			"faces": {
				"north": {"uv": [0, 0, 7.875, 2.21429], "texture": "#9"},
				"east": {"uv": [0, 0, 2.1, 2.21429], "texture": "#9"},
				"south": {"uv": [0, 0, 7.875, 2.21429], "texture": "#9"},
				"west": {"uv": [0, 0, 2.1, 2.21429], "texture": "#9"},
				"up": {"uv": [0, 0, 7.875, 2.21429], "texture": "#9"},
				"down": {"uv": [0, 0, 7.875, 2.21429], "texture": "#9"}
			}
		},
		{
			"from": [6.25, 7.75, 4.75],
			"to": [9.75, 9, 8.25],
			"faces": {
				"north": {"uv": [0, 0, 7.35, 2.76786], "texture": "#9"},
				"east": {"uv": [0, 0, 7.35, 2.76786], "texture": "#9"},
				"south": {"uv": [0, 0, 7.35, 2.76786], "texture": "#9"},
				"west": {"uv": [0, 0, 7.35, 2.76786], "texture": "#9"},
				"up": {"uv": [5, 0, 12.35, 7.75], "texture": "#9"},
				"down": {"uv": [0, 0, 7.35, 7.75], "texture": "#9"}
			}
		},
		{
			"from": [6.5, 8.75, 1.25],
			"to": [9, 9.5, 4.75],
			"faces": {
				"north": {"uv": [0, 0, 5.25, 1.66071], "texture": "#9"},
				"east": {"uv": [0, 0, 7.35, 1.66071], "texture": "#9"},
				"south": {"uv": [0, 0, 5.25, 1.66071], "texture": "#9"},
				"west": {"uv": [0, 0, 7.35, 1.66071], "texture": "#9"},
				"up": {"uv": [6, 0, 11.25, 7.75], "texture": "#9"},
				"down": {"uv": [0, 0, 5.25, 7.75], "texture": "#9"}
			}
		},
		{
			"from": [7, 9, -2.25],
			"to": [8, 10, 1.25],
			"faces": {
				"north": {"uv": [0, 0, 2.1, 2.21429], "texture": "#9"},
				"east": {"uv": [0, 0, 7.35, 2.21429], "texture": "#9"},
				"south": {"uv": [0, 0, 2.1, 2.21429], "texture": "#9"},
				"west": {"uv": [0, 0, 7.35, 2.21429], "texture": "#9"},
				"up": {"uv": [7, 0, 9.1, 7.75], "texture": "#9"},
				"down": {"uv": [0, 0, 2.1, 7.75], "texture": "#9"}
			}
		},
		{
			"from": [7.5, 16, 6.5],
			"to": [8.5, 21, 7],
			"rotation": {"angle": 45, "axis": "x", "origin": [0, 0, 0]},
			"faces": {
				"north": {"uv": [6, 0, 7.5, 9.5], "texture": "#2"},
				"east": {"uv": [6, 0, 5.75, 9.5], "texture": "#2"},
				"south": {"uv": [6, 0, 7.5, 9.5], "texture": "#2"},
				"west": {"uv": [6, 0, 5.75, 9.5], "texture": "#2"},
				"up": {"uv": [6, 0, 7.5, 0.95], "texture": "#2"},
				"down": {"uv": [6, 0, 7.5, 0.95], "texture": "#2"}
			}
		},
		{
			"from": [6.5, 21.25, -1.5],
			"to": [7.5, 22, -1],
			"rotation": {"angle": 45, "axis": "x", "origin": [0, 0, 0]},
			"faces": {
				"north": {"uv": [6.55556, 1, 12.875, 2.375], "texture": "#2"},
				"east": {"uv": [6.55556, 1, 4.75, 2.375], "texture": "#2"},
				"south": {"uv": [6.55556, 1, 12.875, 2.375], "texture": "#2"},
				"west": {"uv": [6.55556, 1, 4.75, 2.375], "texture": "#2"},
				"up": {"uv": [6.55556, 1, 12.875, 1.91667], "texture": "#2"},
				"down": {"uv": [6.55556, 1, 12.875, 1.91667], "texture": "#2"}
			}
		},
		{
			"from": [7.5, 21.25, -1.25],
			"to": [9, 21.5, -1],
			"rotation": {"angle": 45, "axis": "x", "origin": [0, 0, 0]},
			"faces": {
				"north": {"uv": [6.55556, 1, 12.875, 2.375], "texture": "#2"},
				"east": {"uv": [6.55556, 1, 4.75, 2.375], "texture": "#2"},
				"south": {"uv": [6.55556, 1, 12.875, 2.375], "texture": "#2"},
				"west": {"uv": [6.55556, 1, 4.75, 2.375], "texture": "#2"},
				"up": {"uv": [6.55556, 1, 12.875, 1.91667], "texture": "#2"},
				"down": {"uv": [6.55556, 1, 12.875, 1.91667], "texture": "#2"}
			}
		},
		{
			"from": [8.75, 21.25, -1.5],
			"to": [9.75, 22, -1],
			"rotation": {"angle": 45, "axis": "x", "origin": [0, 0, 0]},
			"faces": {
				"north": {"uv": [6.55556, 1, 12.875, 2.375], "texture": "#2"},
				"east": {"uv": [6.55556, 1, 4.75, 2.375], "texture": "#2"},
				"south": {"uv": [6.55556, 1, 12.875, 2.375], "texture": "#2"},
				"west": {"uv": [6.55556, 1, 4.75, 2.375], "texture": "#2"},
				"up": {"uv": [6.55556, 1, 12.875, 1.91667], "texture": "#2"},
				"down": {"uv": [6.55556, 1, 12.875, 1.91667], "texture": "#2"}
			}
		},
		{
			"from": [9, 22, -1.5],
			"to": [10.25, 22.5, -1],
			"rotation": {"angle": 45, "axis": "x", "origin": [0, 0, 0]},
			"faces": {
				"north": {"uv": [6.55556, 1, 12.875, 2.375], "texture": "#2"},
				"east": {"uv": [6.55556, 1, 4.75, 2.375], "texture": "#2"},
				"south": {"uv": [6.55556, 1, 12.875, 2.375], "texture": "#2"},
				"west": {"uv": [6.55556, 1, 4.75, 2.375], "texture": "#2"},
				"up": {"uv": [6.55556, 1, 12.875, 1.91667], "texture": "#2"},
				"down": {"uv": [6.55556, 1, 12.875, 1.91667], "texture": "#2"}
			}
		},
		{
			"from": [6, 22, -1.5],
			"to": [7.25, 22.5, -1],
			"rotation": {"angle": 45, "axis": "x", "origin": [0, 0, 0]},
			"faces": {
				"north": {"uv": [6.55556, 1, 12.875, 2.375], "texture": "#2"},
				"east": {"uv": [6.55556, 1, 4.75, 2.375], "texture": "#2"},
				"south": {"uv": [6.55556, 1, 12.875, 2.375], "texture": "#2"},
				"west": {"uv": [6.55556, 1, 4.75, 2.375], "texture": "#2"},
				"up": {"uv": [6.55556, 1, 12.875, 1.91667], "texture": "#2"},
				"down": {"uv": [6.55556, 1, 12.875, 1.91667], "texture": "#2"}
			}
		},
		{
			"from": [7.5, 16, -9.5],
			"to": [8.5, 21, -9.25],
			"rotation": {"angle": 45, "axis": "x", "origin": [0, 0, 0]},
			"faces": {
				"north": {"uv": [6, 0, 8.5, 9.5], "texture": "#2"},
				"east": {"uv": [6, 0, 6.75, 9.5], "texture": "#2"},
				"south": {"uv": [6, 0, 8.5, 9.5], "texture": "#2"},
				"west": {"uv": [6, 0, 6.75, 9.5], "texture": "#2"},
				"up": {"uv": [6, 0, 8.5, 0.95], "texture": "#2"},
				"down": {"uv": [6, 0, 8.5, 0.95], "texture": "#2"}
			}
		},
		{
			"from": [15.75, 16, -1.75],
			"to": [16.25, 21, -0.75],
			"rotation": {"angle": 45, "axis": "x", "origin": [0, 0, 0]},
			"faces": {
				"north": {"uv": [6, 0, 5.75, 9.5], "texture": "#2"},
				"east": {"uv": [6, 0, 7.5, 9.5], "texture": "#2"},
				"south": {"uv": [6, 0, 5.75, 9.5], "texture": "#2"},
				"west": {"uv": [6, 0, 7.5, 9.5], "texture": "#2"},
				"up": {"uv": [6, 0, 5.75, 1.9], "texture": "#2"},
				"down": {"uv": [6, 0, 5.75, 1.9], "texture": "#2"}
			}
		},
		{
			"from": [-0.25, 16, -1.75],
			"to": [0.25, 21, -0.75],
			"rotation": {"angle": 45, "axis": "x", "origin": [0, 0, 0]},
			"faces": {
				"north": {"uv": [6, 0, 6.75, 9.5], "texture": "#2"},
				"east": {"uv": [6, 0, 8.5, 9.5], "texture": "#2"},
				"south": {"uv": [6, 0, 6.75, 9.5], "texture": "#2"},
				"west": {"uv": [6, 0, 8.5, 9.5], "texture": "#2"},
				"up": {"uv": [6, 0, 6.75, 1.9], "texture": "#2"},
				"down": {"uv": [6, 0, 6.75, 1.9], "texture": "#2"}
			}
		},
		{
			"from": [-0.25, 20.5, -1.75],
			"to": [16.25, 21.25, -0.75],
			"rotation": {"angle": 45, "axis": "x", "origin": [0, 0, 0]},
			"faces": {
				"north": {"uv": [0, 6, 16.25, 7.125], "texture": "#2"},
				"east": {"uv": [0, 6, 0.98485, 7.125], "texture": "#2"},
				"south": {"uv": [0, 6, 16.25, 7.125], "texture": "#2"},
				"west": {"uv": [0, 6, 0.98485, 7.125], "texture": "#2"},
				"up": {"uv": [0, 6, 16.25, 7.5], "texture": "#2"},
				"down": {"uv": [0, 6, 16.25, 7.5], "texture": "#2"}
			}
		},
		{
			"from": [7.5, 20.5, -9.5],
			"to": [8.5, 21.25, 7],
			"rotation": {"angle": 45, "axis": "x", "origin": [0, 0, 0]},
			"faces": {
				"north": {"uv": [0, 0, 0.91791, 0.68843], "texture": "#2"},
				"east": {"uv": [0, 0, 15.375, 0.68843], "texture": "#2"},
				"south": {"uv": [0, 0, 0.91791, 0.68843], "texture": "#2"},
				"west": {"uv": [0, 0, 15.375, 0.68843], "texture": "#2"},
				"up": {"uv": [9, 0, 9.91791, 15.375], "texture": "#2"},
				"down": {"uv": [9, 0, 9.91791, 15.375], "texture": "#2"}
			}
		},
		{
			"from": [7.5, 0, 15],
			"to": [8.5, 7.5, 15.5],
			"faces": {
				"north": {"uv": [6, 0, 7.5, 15.5], "texture": "#2"},
				"east": {"uv": [6, 0, 5.75, 15.5], "texture": "#2"},
				"south": {"uv": [6, 0, 7.5, 15.5], "texture": "#2"},
				"west": {"uv": [6, 0, 5.75, 15.5], "texture": "#2"},
				"up": {"uv": [6, 0, 7.5, 0.95], "texture": "#2"},
				"down": {"uv": [6, 0, 7.5, 0.95], "texture": "#2"}
			}
		},
		{
			"from": [7.5, 0, 0.5],
			"to": [8.5, 8, 1],
			"faces": {
				"north": {"uv": [6, 0, 7.5, 15.5], "texture": "#2"},
				"east": {"uv": [6, 0, 5.75, 15.5], "texture": "#2"},
				"south": {"uv": [6, 0, 7.5, 15.5], "texture": "#2"},
				"west": {"uv": [6, 0, 5.75, 15.5], "texture": "#2"},
				"up": {"uv": [6, 0, 7.5, 0.95], "texture": "#2"},
				"down": {"uv": [6, 0, 7.5, 0.95], "texture": "#2"}
			}
		},
		{
			"from": [0.5, 0, 8],
			"to": [1, 8, 9],
			"faces": {
				"north": {"uv": [6, 0, 5.75, 15.5], "texture": "#2"},
				"east": {"uv": [6, 0, 7.5, 15.5], "texture": "#2"},
				"south": {"uv": [6, 0, 5.75, 15.5], "texture": "#2"},
				"west": {"uv": [6, 0, 7.5, 15.5], "texture": "#2"},
				"up": {"uv": [6, 0, 7.5, 0.95], "rotation": 270, "texture": "#2"},
				"down": {"uv": [6, 0, 7.5, 0.95], "rotation": 90, "texture": "#2"}
			}
		},
		{
			"from": [15, 0, 8],
			"to": [15.5, 8, 9],
			"faces": {
				"north": {"uv": [6, 0, 5.75, 15.5], "texture": "#2"},
				"east": {"uv": [6, 0, 7.5, 15.5], "texture": "#2"},
				"south": {"uv": [6, 0, 5.75, 15.5], "texture": "#2"},
				"west": {"uv": [6, 0, 7.5, 15.5], "texture": "#2"},
				"up": {"uv": [6, 0, 7.5, 0.95], "rotation": 270, "texture": "#2"},
				"down": {"uv": [6, 0, 7.5, 0.95], "rotation": 90, "texture": "#2"}
			}
		},
		{
			"from": [7.5, -0.25, 0.5],
			"to": [8.5, 0.5, 15.5],
			"faces": {
				"north": {"uv": [0, 0, 0.91791, 0.68843], "texture": "#2"},
				"east": {"uv": [0, 0, 15.375, 0.68843], "texture": "#2"},
				"south": {"uv": [0, 0, 0.91791, 0.68843], "texture": "#2"},
				"west": {"uv": [0, 0, 15.375, 0.68843], "texture": "#2"},
				"up": {"uv": [9, 0, 9.91791, 15.375], "texture": "#2"},
				"down": {"uv": [9, 0, 9.91791, 15.375], "texture": "#2"}
			}
		},
		{
			"from": [0.5, -0.25, 8],
			"to": [15.25, 0.5, 9],
			"faces": {
				"north": {"uv": [0, 6, 16.25, 7.125], "texture": "#2"},
				"east": {"uv": [0, 6, 0.98485, 7.125], "texture": "#2"},
				"south": {"uv": [0, 6, 16.25, 7.125], "texture": "#2"},
				"west": {"uv": [0, 6, 0.98485, 7.125], "texture": "#2"},
				"up": {"uv": [0, 6, 16.25, 7.5], "texture": "#2"},
				"down": {"uv": [0, 6, 16.25, 7.5], "texture": "#2"}
			}
		},
		{
			"from": [10.5, 8.5, 17.5],
			"to": [12.5, 9.5, 19.5],
			"rotation": {"angle": -45, "axis": "x", "origin": [0, 0, 0]},
			"faces": {
				"north": {"uv": [0, 0, 3, 1.5], "rotation": 180, "texture": "#6"},
				"east": {"uv": [0, 0, 1.5, 3], "rotation": 270, "texture": "#6"},
				"south": {"uv": [0, 0, 3, 1.5], "texture": "#6"},
				"west": {"uv": [0, 0, 1.5, 3], "rotation": 90, "texture": "#6"},
				"up": {"uv": [2, 3, 9, 9], "rotation": 180, "texture": "#6"},
				"down": {"uv": [0, 0, 3, 3], "texture": "#6"}
			}
		},
		{
			"from": [3.5, 8.5, 17.5],
			"to": [5.5, 9.5, 19.5],
			"rotation": {"angle": -45, "axis": "x", "origin": [0, 0, 0]},
			"faces": {
				"north": {"uv": [0, 0, 3, 1.5], "rotation": 180, "texture": "#6"},
				"east": {"uv": [0, 0, 1.5, 3], "rotation": 270, "texture": "#6"},
				"south": {"uv": [0, 0, 3, 1.5], "texture": "#6"},
				"west": {"uv": [0, 0, 1.5, 3], "rotation": 90, "texture": "#6"},
				"up": {"uv": [9, 3, 15, 8], "rotation": 180, "texture": "#6"},
				"down": {"uv": [0, 0, 3, 3], "texture": "#6"}
			}
		}
	],
	"display": {
		"thirdperson_righthand": {
			"translation": [0, 0.25, -2],
			"scale": [0.3, 0.3, 0.3]
		},
		"thirdperson_lefthand": {
			"translation": [0, 0.25, -2],
			"scale": [0.3, 0.3, 0.3]
		},
		"firstperson_righthand": {
			"scale": [0.5, 0.5, 0.5]
		},
		"firstperson_lefthand": {
			"scale": [0.5, 0.5, 0.5]
		},
		"ground": {
			"scale": [0.5, 0.5, 0.5]
		},
		"gui": {
			"rotation": [19, 134, 0],
			"translation": [0, -0.75, 0],
			"scale": [0.5, 0.5, 0.5]
		},
		"head": {
			"rotation": [-1, 0, 0],
			"translation": [0, 12, 0],
			"scale": [0.7, 0.7, 0.7]
		},
		"fixed": {
			"translation": [0, 0, -7.5]
		}
	},
	"groups": [
		{
			"name": "teeth",
			"origin": [0, 0, 0],
			"color": 0,
			"children": [0, 1, 2, 3, 4, 5, 6, 7, 8, 9, 10, 11, 12, 13, 14, 15, 16, 17, 18, 19, 20, 21, 22, 23, 24, 25, 26, 27]
		},
		{
			"name": "main body (and treasure)",
			"origin": [8, 8, 8],
			"color": 0,
			"children": [28, 29, 30, 31, 32, 33, 34, 35, 36, 37, 38, 39, 40, 41, 42, 43]
		},
		{
			"name": "tongue",
			"origin": [8, 8, 8],
			"color": 0,
			"children": [44, 45, 46, 47, 48]
		},
		{
			"name": "ribbon (top part)",
			"origin": [0, 0, 0],
			"color": 0,
			"children": [49, 50, 51, 52, 53, 54, 55, 56, 57, 58, 59]
		},
		{
			"name": "ribbon (bottom (obviously))",
			"origin": [0, 0, 0],
			"color": 0,
			"children": [60, 61, 62, 63, 64, 65]
		},
		{
			"name": "eyes",
			"origin": [0, 0, 0],
			"color": 0,
			"children": [66, 67]
		}
	]
}