{
	"credit": "Made with Blockbench",
	"texture_size": [32, 32],
	"textures": {
		"1": "block/custom/creamy",
		"4": "block/brown_mushroom_block",
		"particle": "block/brown_mushroom_block"
	},
	"elements": [
		{
			"from": [6, 1, 5],
			"to": [10, 3, 9],
			"faces": {
				"north": {"uv": [0, 0, 15.33333, 8], "texture": "#4"},
				"east": {"uv": [0, 0, 15.33333, 8], "texture": "#4"},
				"south": {"uv": [0, 0, 15.33333, 8], "texture": "#4"},
				"west": {"uv": [0, 0, 15.33333, 8], "texture": "#4"},
				"up": {"uv": [15.33333, 16, 0, 0], "texture": "#4"},
				"down": {"uv": [15.33333, 0, 0, 16], "texture": "#4"}
			}
		},
		{
			"from": [6, 3, 5.5],
			"to": [10, 5, 9],
			"faces": {
				"north": {"uv": [0, 0, 15.33333, 8], "texture": "#4"},
				"east": {"uv": [0, 0, 13.41667, 8], "texture": "#4"},
				"south": {"uv": [0, 0, 15.33333, 8], "texture": "#4"},
				"west": {"uv": [0, 0, 13.41667, 8], "texture": "#4"},
				"up": {"uv": [15.33333, 14, 0, 0], "texture": "#4"},
				"down": {"uv": [15.33333, 0, 0, 14], "texture": "#4"}
			}
		},
		{
			"from": [6.1, 5, 7],
			"to": [9.9, 7, 10.5],
			"faces": {
				"north": {"uv": [0, 0, 15.33333, 8], "texture": "#4"},
				"east": {"uv": [0, 0, 13.41667, 8], "texture": "#4"},
				"south": {"uv": [0, 0, 15.33333, 8], "texture": "#4"},
				"west": {"uv": [0, 0, 13.41667, 8], "texture": "#4"},
				"up": {"uv": [15.33333, 14, 0, 0], "texture": "#4"},
				"down": {"uv": [15.33333, 0, 0, 14], "texture": "#4"}
			}
		},
		{
			"from": [6.05, 3.75, 9],
			"to": [9.95, 5, 12.5],
			"faces": {
				"north": {"uv": [0, 0, 15.33333, 6], "texture": "#4"},
				"east": {"uv": [0, 0, 13.41667, 6], "texture": "#4"},
				"south": {"uv": [0, 0, 15.33333, 6], "texture": "#4"},
				"west": {"uv": [0, 0, 13.41667, 6], "texture": "#4"},
				"up": {"uv": [15.33333, 14, 0, 0], "texture": "#4"},
				"down": {"uv": [15.33333, 0, 0, 14], "texture": "#4"}
			}
		},
		{
			"from": [6.5, 2.5, 10.5],
			"to": [9.5, 3.75, 13.75],
			"faces": {
				"north": {"uv": [0, 0, 11.5, 6], "texture": "#4"},
				"east": {"uv": [0, 0, 13.41667, 6], "texture": "#4"},
				"south": {"uv": [0, 0, 11.5, 6], "texture": "#4"},
				"west": {"uv": [0, 0, 13.41667, 6], "texture": "#4"},
				"up": {"uv": [11.5, 14, 0, 0], "texture": "#4"},
				"down": {"uv": [11.5, 0, 0, 14], "texture": "#4"}
			}
		},
		{
			"from": [6.5, 1.75, 10.25],
			"to": [9.5, 2.5, 13.25],
			"faces": {
				"north": {"uv": [0, 0, 11.5, 4], "texture": "#4"},
				"east": {"uv": [0, 0, 11.5, 4], "texture": "#4"},
				"south": {"uv": [0, 0, 11.5, 4], "texture": "#4"},
				"west": {"uv": [0, 0, 11.5, 4], "texture": "#4"},
				"up": {"uv": [11.5, 12, 0, 0], "texture": "#4"},
				"down": {"uv": [11.5, 0, 0, 12], "texture": "#4"}
			}
		},
		{
			"from": [6.25, 1, 9],
			"to": [9.75, 1.75, 12],
			"faces": {
				"north": {"uv": [0, 0, 13.41667, 4], "texture": "#4"},
				"east": {"uv": [0, 0, 11.5, 4], "texture": "#4"},
				"south": {"uv": [0, 0, 13.41667, 4], "texture": "#4"},
				"west": {"uv": [0, 0, 11.5, 4], "texture": "#4"},
				"up": {"uv": [13.41667, 12, 0, 0], "texture": "#4"},
				"down": {"uv": [13.41667, 0, 0, 12], "texture": "#4"}
			}
		},
		{
			"from": [5.75, 1.75, 7.75],
			"to": [10.25, 3.25, 10.25],
			"faces": {
				"north": {"uv": [0, 0, 17.25, 6], "texture": "#4"},
				"east": {"uv": [0, 0, 9.58333, 6], "texture": "#4"},
				"south": {"uv": [0, 0, 17.25, 6], "texture": "#4"},
				"west": {"uv": [0, 0, 9.58333, 6], "texture": "#4"},
				"up": {"uv": [17.25, 10, 0, 0], "texture": "#4"},
				"down": {"uv": [17.25, 0, 0, 10], "texture": "#4"}
			}
		},
		{
			"from": [6, 3.25, 9],
			"to": [10, 3.75, 10.25],
			"faces": {
				"north": {"uv": [0, 0, 15.33333, 2], "texture": "#4"},
				"east": {"uv": [0, 0, 5.75, 2], "texture": "#4"},
				"south": {"uv": [0, 0, 15.33333, 2], "texture": "#4"},
				"west": {"uv": [0, 0, 5.75, 2], "texture": "#4"},
				"up": {"uv": [15.33333, 6, 0, 0], "texture": "#4"},
				"down": {"uv": [15.33333, 0, 0, 6], "texture": "#4"}
			}
		},
		{
			"from": [6, 2.5, 10.25],
			"to": [10, 3.75, 12.5],
			"faces": {
				"north": {"uv": [0, 0, 15.33333, 6], "texture": "#4"},
				"east": {"uv": [0, 0, 9.58333, 6], "texture": "#4"},
				"south": {"uv": [0, 0, 15.33333, 6], "texture": "#4"},
				"west": {"uv": [0, 0, 9.58333, 6], "texture": "#4"},
				"up": {"uv": [15.33333, 10, 0, 0], "texture": "#4"},
				"down": {"uv": [15.33333, 0, 0, 10], "texture": "#4"}
			}
		},
		{
			"from": [6.5, 5, 10.5],
			"to": [9.5, 6.25, 12],
			"faces": {
				"north": {"uv": [0, 0, 11.5, 6], "texture": "#4"},
				"east": {"uv": [0, 0, 5.75, 6], "texture": "#4"},
				"south": {"uv": [0, 0, 11.5, 6], "texture": "#4"},
				"west": {"uv": [0, 0, 5.75, 6], "texture": "#4"},
				"up": {"uv": [11.5, 6, 0, 0], "texture": "#4"},
				"down": {"uv": [11.5, 0, 0, 6], "texture": "#4"}
			}
		},
		{
			"from": [6.65, 3.25, 11.75],
			"to": [9.325, 4.5, 13.25],
			"faces": {
				"north": {"uv": [0, 0, 11.5, 6], "texture": "#4"},
				"east": {"uv": [0, 0, 5.75, 6], "texture": "#4"},
				"south": {"uv": [0, 0, 11.5, 6], "texture": "#4"},
				"west": {"uv": [0, 0, 5.75, 6], "texture": "#4"},
				"up": {"uv": [11.5, 6, 0, 0], "texture": "#4"},
				"down": {"uv": [11.5, 0, 0, 6], "texture": "#4"}
			}
		},
		{
			"from": [6.5, 5, 6],
			"to": [9.5, 6, 7],
			"faces": {
				"north": {"uv": [0, 0, 11.5, 4], "texture": "#4"},
				"east": {"uv": [0, 0, 3.83333, 4], "texture": "#4"},
				"south": {"uv": [0, 0, 11.5, 4], "texture": "#4"},
				"west": {"uv": [0, 0, 3.83333, 4], "texture": "#4"},
				"up": {"uv": [11.5, 4, 0, 0], "texture": "#4"},
				"down": {"uv": [11.5, 0, 0, 4], "texture": "#4"}
			}
		},
		{
			"from": [6.5, 1, 1.25],
			"to": [9.75, 4, 5.25],
			"faces": {
				"north": {"uv": [7.25, 2.875, 9, 4.375], "texture": "#1"},
				"east": {"uv": [0, 7, 2, 8.5], "texture": "#1"},
				"south": {"uv": [7.25, 5.125, 9, 6.625], "texture": "#1"},
				"west": {"uv": [0, 6.875, 2, 8.375], "texture": "#1"},
				"up": {"uv": [9.125, 6.25, 7.375, 4.25], "texture": "#1"},
				"down": {"uv": [9, 4.25, 7.25, 6.25], "texture": "#1"}
			}
		},
		{
			"from": [6.5, 4, 1.25],
			"to": [9.75, 7, 4.5],
			"faces": {
				"north": {"uv": [0.75, 5, 1.75, 6.625], "texture": "#1"},
				"east": {"uv": [1.75, 8, 3.5, 9.5], "texture": "#1"},
				"south": {"uv": [1.75, 6.5, 3.5, 8], "texture": "#1"},
				"west": {"uv": [6.625, 5.5, 8.375, 7], "texture": "#1"},
				"up": {"uv": [8.375, 5.5, 6.625, 3.75], "texture": "#1"},
				"down": {"uv": [1.75, 6.25, 0, 8], "texture": "#1"}
			}
		},
		{
			"from": [7.25, 4.75, -0.5],
			"to": [9, 6.25, 1.25],
			"faces": {
				"north": {"uv": [1, 2.375, 1.75, 3.25], "texture": "#1"},
				"east": {"uv": [8.125, 6, 9.125, 6.75], "texture": "#1"},
				"south": {"uv": [8.125, 2.5, 9.125, 3.25], "texture": "#1"},
				"west": {"uv": [8.125, 3.25, 9.125, 4], "texture": "#1"},
				"up": {"uv": [9.125, 6, 8.125, 5], "texture": "#1"},
				"down": {"uv": [9.125, 4, 8.125, 5], "texture": "#1"}
			}
		},
		{
			"from": [6.5, 7, 2.25],
			"to": [7.75, 8.75, 3.25],
			"faces": {
				"north": {"uv": [2.375, 0.5, 2.75, 1.25], "texture": "#1"},
				"east": {"uv": [3.125, 0.5, 3.375, 1.25], "texture": "#1"},
				"south": {"uv": [2.375, 0, 3.125, 0.625], "texture": "#1"},
				"west": {"uv": [3, 0.5, 3.375, 1.25], "texture": "#1"},
				"up": {"uv": [3.125, 0.5, 2.375, 0], "texture": "#1"},
				"down": {"uv": [3.125, 0, 2.375, 0.375], "texture": "#1"}
			}
		},
		{
			"from": [8.5, 7, 2.25],
			"to": [9.75, 8.75, 3.25],
			"faces": {
				"north": {"uv": [2.375, 0.5, 2.75, 1.25], "texture": "#1"},
				"east": {"uv": [3.125, 0.5, 3.375, 1.25], "texture": "#1"},
				"south": {"uv": [2.375, 0, 3.125, 0.625], "texture": "#1"},
				"west": {"uv": [3, 0.5, 3.375, 1.25], "texture": "#1"},
				"up": {"uv": [3.125, 0.5, 2.375, 0], "texture": "#1"},
				"down": {"uv": [3.125, 0, 2.375, 0.375], "texture": "#1"}
			}
		},
		{
			"from": [7, 0, 10],
			"to": [9, 1, 13],
			"faces": {
				"north": {"uv": [7.625, 2.75, 8.625, 3.25], "texture": "#1"},
				"east": {"uv": [7.375, 5.875, 8.875, 6.375], "texture": "#1"},
				"south": {"uv": [7.625, 3.5, 8.625, 4], "texture": "#1"},
				"west": {"uv": [7.5, 4.875, 9, 5.375], "texture": "#1"},
				"up": {"uv": [8.75, 4.25, 7.75, 2.75], "texture": "#1"},
				"down": {"uv": [8.75, 4.25, 7.75, 5.75], "texture": "#1"}
			}
		},
		{
			"from": [7.5, 0, 13],
			"to": [8.25, 1, 15.5],
			"faces": {
				"north": {"uv": [7.5, 5.5, 8, 6], "texture": "#1"},
				"east": {"uv": [7, 2.75, 8.25, 3.25], "texture": "#1"},
				"south": {"uv": [7.125, 4.625, 7.625, 5.125], "texture": "#1"},
				"west": {"uv": [7, 3.25, 8.25, 3.75], "texture": "#1"},
				"up": {"uv": [8.625, 6.625, 8.125, 5.375], "texture": "#1"},
				"down": {"uv": [8.125, 4.125, 7.625, 5.375], "texture": "#1"}
			}
		},
		{
			"from": [6.25, 0, 4],
			"to": [9.75, 1, 10],
			"faces": {
				"north": {"uv": [0, 7.625, 1.75, 8.125], "texture": "#1"},
				"east": {"uv": [0.375, 8.625, 3.375, 9.125], "texture": "#1"},
				"south": {"uv": [1.5, 6.125, 3.25, 6.625], "texture": "#1"},
				"west": {"uv": [0.125, 6.75, 3.125, 7.25], "texture": "#1"},
				"up": {"uv": [8.875, 5.5, 7.125, 2.5], "texture": "#1"},
				"down": {"uv": [8.75, 2.5, 7, 5.5], "texture": "#1"}
			}
		},
		{
			"from": [6.75, 0, 2.25],
			"to": [9.25, 1, 4],
			"faces": {
				"north": {"uv": [7.125, 5.625, 8.375, 6.125], "texture": "#1"},
				"east": {"uv": [7.5, 4.625, 8.5, 5.125], "texture": "#1"},
				"south": {"uv": [7.75, 5.875, 9, 6.375], "texture": "#1"},
				"west": {"uv": [7.5, 5.125, 8.5, 5.625], "texture": "#1"},
				"up": {"uv": [8.625, 3.75, 7.375, 2.75], "texture": "#1"},
				"down": {"uv": [8.625, 3.75, 7.375, 4.75], "texture": "#1"}
			}
		}
	],
	"display": {
		"thirdperson_righthand": {
			"translation": [0, 4.25, 3.5],
			"scale": [0.5, 0.5, 0.5]
		},
		"thirdperson_lefthand": {
			"translation": [0, 4.25, 3.5],
			"scale": [0.5, 0.5, 0.5]
		},
		"firstperson_righthand": {
			"translation": [0, 6.25, 2.25],
			"scale": [0.67, 0.67, 0.67]
		},
		"firstperson_lefthand": {
			"translation": [0, 6.25, 2.25],
			"scale": [0.67, 0.67, 0.67]
		},
		"ground": {
			"translation": [6.75, 6, 0]
		},
		"gui": {
			"rotation": [-152.62, 45.91, 178.93],
			"translation": [0.75, 4.25, 0],
			"scale": [1.1, 1.1, 1.1]
		},
		"head": {
			"rotation": [0, 38, 0],
			"translation": [0.5, 13.3, 0.75]
		},
		"fixed": {
			"rotation": [-90, 180, 0],
			"translation": [0, 0, -8]
		}
	},
	"groups": [
		{
			"name": "group",
			"origin": [8, 8, 8],
			"color": 0,
			"children": [
				{
					"name": "snail shell",
					"origin": [0, 0, 0],
					"color": 0,
					"children": [0, 1, 2, 3, 4, 5, 6, 7, 8, 9, 10, 11, 12]
				},
				{
					"name": "llama head",
					"origin": [0, 0, 0],
					"color": 0,
					"children": [13, 14, 15, 16, 17]
				},
				{
					"name": "snail base",
					"origin": [0, 0, 0],
					"color": 0,
					"children": [18, 19, 20, 21]
				}
			]
		}
	]
}