{
	"credit": "Made with Blockbench",
	"parent": "carved_pumpkin",
	"ambientocclusion": false,
	"textures": {
		"1": "block/custom/goodgold",
		"5": "block/slime_block",
		"7": "block/custom/gembase",
		"particle": "block/custom/goodgold"
	},
	"elements": [
		{
			"from": [5, 0, 0],
			"to": [11, 3, 1],
			"faces": {
				"north": {"uv": [0, 0, 6, 3], "texture": "#1"},
				"east": {"uv": [0, 0, 1, 3], "texture": "#1"},
				"south": {"uv": [0, 0, 6, 3], "texture": "#1"},
				"west": {"uv": [0, 0, 1, 3], "texture": "#1"},
				"up": {"uv": [0, 0, 6, 1], "texture": "#1"},
				"down": {"uv": [0, 0, 6, 1], "texture": "#1"}
			}
		},
		{
			"from": [5, 0, 15],
			"to": [11, 3, 16],
			"faces": {
				"north": {"uv": [0, 0, 6, 3], "texture": "#1"},
				"east": {"uv": [0, 0, 1, 3], "texture": "#1"},
				"south": {"uv": [3, 0, 9, 3], "texture": "#1"},
				"west": {"uv": [0, 0, 1, 3], "texture": "#1"},
				"up": {"uv": [8, 0, 14, 1], "texture": "#1"},
				"down": {"uv": [0, 0, 6, 1], "texture": "#1"}
			}
		},
		{
			"from": [15, 0, 5],
			"to": [16, 3, 11],
			"faces": {
				"north": {"uv": [0, 0, 1, 3], "texture": "#1"},
				"east": {"uv": [0, 0, 6, 3], "texture": "#1"},
				"south": {"uv": [0, 0, 1, 3], "texture": "#1"},
				"west": {"uv": [0, 0, 6, 3], "texture": "#1"},
				"up": {"uv": [0, 0, 6, 1], "rotation": 270, "texture": "#1"},
				"down": {"uv": [0, 0, 6, 1], "rotation": 90, "texture": "#1"}
			}
		},
		{
			"from": [0, 0, 5],
			"to": [1, 3, 11],
			"faces": {
				"north": {"uv": [6, 0, 7, 3], "texture": "#1"},
				"east": {"uv": [0, 0, 6, 3], "texture": "#1"},
				"south": {"uv": [0, 0, 1, 3], "texture": "#1"},
				"west": {"uv": [0, 0, 6, 3], "texture": "#1"},
				"up": {"uv": [0, 0, 6, 1], "rotation": 270, "texture": "#1"},
				"down": {"uv": [0, 0, 6, 1], "rotation": 90, "texture": "#1"}
			}
		},
		{
			"from": [3, 0, 1],
			"to": [5, 2, 2],
			"faces": {
				"north": {"uv": [2, 3, 4, 5], "texture": "#1"},
				"east": {"uv": [6, 1, 7, 3], "texture": "#1"},
				"south": {"uv": [4, 2, 6, 4], "texture": "#1"},
				"west": {"uv": [0, 0, 1, 2], "texture": "#1"},
				"up": {"uv": [5, 2, 7, 3], "texture": "#1"},
				"down": {"uv": [0, 0, 2, 1], "texture": "#1"}
			}
		},
		{
			"from": [11, 0, 1],
			"to": [13, 2, 2],
			"faces": {
				"north": {"uv": [6, 0, 8, 2], "texture": "#1"},
				"east": {"uv": [0, 0, 1, 2], "texture": "#1"},
				"south": {"uv": [6, 0, 8, 2], "texture": "#1"},
				"west": {"uv": [0, 0, 1, 2], "texture": "#1"},
				"up": {"uv": [6, 1, 8, 2], "texture": "#1"},
				"down": {"uv": [0, 0, 2, 1], "texture": "#1"}
			}
		},
		{
			"from": [14, 0, 3],
			"to": [15, 2, 5],
			"faces": {
				"north": {"uv": [0, 0, 1, 2], "texture": "#1"},
				"east": {"uv": [5, 0, 7, 2], "texture": "#1"},
				"south": {"uv": [0, 0, 1, 2], "texture": "#1"},
				"west": {"uv": [6, 0, 8, 2], "texture": "#1"},
				"up": {"uv": [12, 0, 14, 1], "rotation": 270, "texture": "#1"},
				"down": {"uv": [0, 0, 2, 1], "rotation": 90, "texture": "#1"}
			}
		},
		{
			"from": [14, 0, 11],
			"to": [15, 2, 13],
			"rotation": {"angle": 0, "axis": "y", "origin": [14.5, 0.5, 12]},
			"faces": {
				"north": {"uv": [0, 0, 1, 2], "texture": "#1"},
				"east": {"uv": [5, 0, 7, 2], "texture": "#1"},
				"south": {"uv": [0, 0, 1, 2], "texture": "#1"},
				"west": {"uv": [4, 3, 6, 5], "texture": "#1"},
				"up": {"uv": [5, 1, 7, 2], "rotation": 270, "texture": "#1"},
				"down": {"uv": [0, 0, 2, 1], "rotation": 90, "texture": "#1"}
			}
		},
		{
			"from": [11, 0, 14],
			"to": [13, 2, 15],
			"rotation": {"angle": 0, "axis": "y", "origin": [14.5, 0.5, 12]},
			"faces": {
				"north": {"uv": [6, 1, 8, 3], "texture": "#1"},
				"east": {"uv": [0, 0, 1, 2], "texture": "#1"},
				"south": {"uv": [7, 2, 9, 4], "texture": "#1"},
				"west": {"uv": [6, 1, 7, 3], "texture": "#1"},
				"up": {"uv": [0, 0, 2, 1], "rotation": 180, "texture": "#1"},
				"down": {"uv": [0, 0, 2, 1], "rotation": 180, "texture": "#1"}
			}
		},
		{
			"from": [3, 0, 14],
			"to": [5, 2, 15],
			"rotation": {"angle": 0, "axis": "y", "origin": [14.5, 0.5, 12]},
			"faces": {
				"north": {"uv": [4, 2, 6, 4], "texture": "#1"},
				"east": {"uv": [9, 1, 10, 3], "texture": "#1"},
				"south": {"uv": [5, 2, 7, 4], "texture": "#1"},
				"west": {"uv": [0, 0, 1, 2], "texture": "#1"},
				"up": {"uv": [0, 0, 2, 1], "rotation": 180, "texture": "#1"},
				"down": {"uv": [0, 0, 2, 1], "rotation": 180, "texture": "#1"}
			}
		},
		{
			"from": [1, 0, 3],
			"to": [2, 2, 5],
			"rotation": {"angle": 0, "axis": "y", "origin": [14, 0.5, 12]},
			"faces": {
				"north": {"uv": [9, 3, 10, 5], "texture": "#1"},
				"east": {"uv": [6, 0, 8, 2], "texture": "#1"},
				"south": {"uv": [0, 0, 1, 2], "texture": "#1"},
				"west": {"uv": [5, 8, 7, 10], "texture": "#1"},
				"up": {"uv": [12, 0, 14, 1], "rotation": 270, "texture": "#1"},
				"down": {"uv": [0, 0, 2, 1], "rotation": 90, "texture": "#1"}
			}
		},
		{
			"from": [1, 0, 3],
			"to": [2, 2, 5],
			"rotation": {"angle": 0, "axis": "y", "origin": [14, 0.5, 12]},
			"faces": {
				"north": {"uv": [9, 3, 10, 5], "texture": "#1"},
				"east": {"uv": [6, 0, 8, 2], "texture": "#1"},
				"south": {"uv": [0, 0, 1, 2], "texture": "#1"},
				"west": {"uv": [5, 8, 7, 10], "texture": "#1"},
				"up": {"uv": [12, 0, 14, 1], "rotation": 270, "texture": "#1"},
				"down": {"uv": [0, 0, 2, 1], "rotation": 90, "texture": "#1"}
			}
		},
		{
			"from": [1, 0, 11],
			"to": [2, 2, 13],
			"rotation": {"angle": 0, "axis": "y", "origin": [14, 0.5, 12]},
			"faces": {
				"north": {"uv": [0, 0, 1, 2], "texture": "#1"},
				"east": {"uv": [4, 2, 6, 4], "texture": "#1"},
				"south": {"uv": [0, 0, 1, 2], "texture": "#1"},
				"west": {"uv": [9, 2, 11, 4], "texture": "#1"},
				"up": {"uv": [12, 0, 14, 1], "rotation": 270, "texture": "#1"},
				"down": {"uv": [0, 0, 2, 1], "rotation": 90, "texture": "#1"}
			}
		},
		{
			"from": [2, 0, 2],
			"to": [3, 4, 3],
			"faces": {
				"north": {"uv": [4, 1, 5, 5], "texture": "#1"},
				"east": {"uv": [5, 0, 6, 4], "texture": "#1"},
				"south": {"uv": [4, 1, 5, 5], "texture": "#1"},
				"west": {"uv": [3, 5, 4, 9], "texture": "#1"},
				"up": {"uv": [0, 0, 1, 1], "texture": "#1"},
				"down": {"uv": [0, 0, 1, 1], "texture": "#1"}
			}
		},
		{
			"from": [13, 0, 2],
			"to": [14, 4, 3],
			"faces": {
				"north": {"uv": [0, 5, 1, 9], "texture": "#1"},
				"east": {"uv": [4, 0, 5, 4], "texture": "#1"},
				"south": {"uv": [6, 0, 7, 4], "texture": "#1"},
				"west": {"uv": [5, 0, 6, 4], "texture": "#1"},
				"up": {"uv": [6, 0, 7, 1], "texture": "#1"},
				"down": {"uv": [0, 0, 1, 1], "texture": "#1"}
			}
		},
		{
			"from": [13, 0, 13],
			"to": [14, 4, 14],
			"faces": {
				"north": {"uv": [0, 0, 1, 4], "texture": "#1"},
				"east": {"uv": [4, 2, 5, 6], "texture": "#1"},
				"south": {"uv": [5, 1, 6, 5], "texture": "#1"},
				"west": {"uv": [0, 0, 1, 4], "texture": "#1"},
				"up": {"uv": [0, 0, 1, 1], "texture": "#1"},
				"down": {"uv": [0, 0, 1, 1], "texture": "#1"}
			}
		},
		{
			"from": [2, 0, 13],
			"to": [3, 4, 14],
			"faces": {
				"north": {"uv": [5, 0, 6, 4], "texture": "#1"},
				"east": {"uv": [3, 6, 4, 10], "texture": "#1"},
				"south": {"uv": [5, 0, 6, 4], "texture": "#1"},
				"west": {"uv": [0, 0, 1, 4], "texture": "#1"},
				"up": {"uv": [7, 1, 8, 2], "texture": "#1"},
				"down": {"uv": [0, 0, 1, 1], "texture": "#1"}
			}
		},
		{
			"from": [2.4, 2.4, 13.4],
			"to": [3.4, 3.4, 14.4],
			"faces": {
				"north": {"uv": [0, 0, 1, 1], "texture": "#1"},
				"east": {"uv": [0, 0, 1, 1], "texture": "#1"},
				"south": {"uv": [0, 0, 1, 1], "texture": "#1"},
				"west": {"uv": [0, 0, 1, 1], "texture": "#1"},
				"up": {"uv": [0, 0, 1, 1], "texture": "#1"},
				"down": {"uv": [0, 0, 1, 1], "texture": "#1"}
			}
		},
		{
			"from": [1.5, 2.4, 12.7],
			"to": [2.5, 3.4, 13.7],
			"faces": {
				"north": {"uv": [0, 0, 1, 1], "texture": "#1"},
				"east": {"uv": [0, 0, 1, 1], "texture": "#1"},
				"south": {"uv": [0, 0, 1, 1], "texture": "#1"},
				"west": {"uv": [0, 0, 1, 1], "texture": "#1"},
				"up": {"uv": [0, 0, 1, 1], "texture": "#1"},
				"down": {"uv": [0, 0, 1, 1], "texture": "#1"}
			}
		},
		{
			"from": [1.6, 2.4, 2.5],
			"to": [2.6, 3.4, 3.5],
			"rotation": {"angle": 0, "axis": "y", "origin": [2.45, 2.9, 5.65]},
			"faces": {
				"north": {"uv": [0, 0, 1, 1], "texture": "#1"},
				"east": {"uv": [0, 0, 1, 1], "texture": "#1"},
				"south": {"uv": [0, 0, 1, 1], "texture": "#1"},
				"west": {"uv": [0, 0, 1, 1], "texture": "#1"},
				"up": {"uv": [0, 0, 1, 1], "rotation": 270, "texture": "#1"},
				"down": {"uv": [0, 0, 1, 1], "rotation": 90, "texture": "#1"}
			}
		},
		{
			"from": [2.3, 2.4, 1.6],
			"to": [3.3, 3.4, 2.6],
			"rotation": {"angle": 0, "axis": "y", "origin": [2.45, 2.9, 5.65]},
			"faces": {
				"north": {"uv": [0, 0, 1, 1], "texture": "#1"},
				"east": {"uv": [0, 0, 1, 1], "texture": "#1"},
				"south": {"uv": [0, 0, 1, 1], "texture": "#1"},
				"west": {"uv": [0, 0, 1, 1], "texture": "#1"},
				"up": {"uv": [0, 0, 1, 1], "rotation": 270, "texture": "#1"},
				"down": {"uv": [0, 0, 1, 1], "rotation": 90, "texture": "#1"}
			}
		},
		{
			"from": [13.5, 2.4, 2.4],
			"to": [14.5, 3.4, 3.4],
			"rotation": {"angle": 0, "axis": "y", "origin": [8.35, 2.9, 2.55]},
			"faces": {
				"north": {"uv": [0, 0, 1, 1], "texture": "#1"},
				"east": {"uv": [0, 0, 1, 1], "texture": "#1"},
				"south": {"uv": [0, 0, 1, 1], "texture": "#1"},
				"west": {"uv": [0, 0, 1, 1], "texture": "#1"},
				"up": {"uv": [0, 0, 1, 1], "rotation": 180, "texture": "#1"},
				"down": {"uv": [0, 0, 1, 1], "rotation": 180, "texture": "#1"}
			}
		},
		{
			"from": [12.6, 2.4, 1.7],
			"to": [13.6, 3.4, 2.7],
			"rotation": {"angle": 0, "axis": "y", "origin": [8.35, 2.9, 2.55]},
			"faces": {
				"north": {"uv": [0, 0, 1, 1], "texture": "#1"},
				"east": {"uv": [0, 0, 1, 1], "texture": "#1"},
				"south": {"uv": [0, 0, 1, 1], "texture": "#1"},
				"west": {"uv": [0, 0, 1, 1], "texture": "#1"},
				"up": {"uv": [0, 0, 1, 1], "rotation": 180, "texture": "#1"},
				"down": {"uv": [0, 0, 1, 1], "rotation": 180, "texture": "#1"}
			}
		},
		{
			"from": [12.7, 2.4, 13.4],
			"to": [13.7, 3.4, 14.4],
			"rotation": {"angle": 0, "axis": "y", "origin": [13.55, 2.9, 13.45]},
			"faces": {
				"north": {"uv": [0, 0, 1, 1], "texture": "#1"},
				"east": {"uv": [0, 0, 1, 1], "texture": "#1"},
				"south": {"uv": [0, 0, 1, 1], "texture": "#1"},
				"west": {"uv": [0, 0, 1, 1], "texture": "#1"},
				"up": {"uv": [0, 0, 1, 1], "rotation": 270, "texture": "#1"},
				"down": {"uv": [0, 0, 1, 1], "rotation": 90, "texture": "#1"}
			}
		},
		{
			"from": [13.4, 2.4, 12.5],
			"to": [14.4, 3.4, 13.5],
			"rotation": {"angle": 0, "axis": "y", "origin": [13.55, 2.9, 13.45]},
			"faces": {
				"north": {"uv": [0, 0, 1, 1], "texture": "#1"},
				"east": {"uv": [0, 0, 1, 1], "texture": "#1"},
				"south": {"uv": [0, 0, 1, 1], "texture": "#1"},
				"west": {"uv": [0, 0, 1, 1], "texture": "#1"},
				"up": {"uv": [0, 0, 1, 1], "rotation": 270, "texture": "#1"},
				"down": {"uv": [0, 0, 1, 1], "rotation": 90, "texture": "#1"}
			}
		},
		{
			"from": [15.1, 0.8, 6.2],
			"to": [16.3, 2, 7.4],
			"rotation": {"angle": 45, "axis": "x", "origin": [15.6, 1.4, 6.7]},
			"faces": {
				"north": {"uv": [0, 0, 1.2, 1.2], "texture": "#7"},
				"east": {"uv": [0, 0, 1.2, 1.2], "texture": "#7"},
				"south": {"uv": [0, 0, 1.2, 1.2], "texture": "#7"},
				"west": {"uv": [0, 0, 1.2, 1.2], "texture": "#7"},
				"up": {"uv": [0, 0, 1.2, 1.2], "texture": "#7"},
				"down": {"uv": [0, 0, 1.2, 1.2], "texture": "#7"}
			}
		},
		{
			"from": [14.1, 0.4, 11.3],
			"to": [15.3, 1.6, 12.5],
			"rotation": {"angle": 45, "axis": "x", "origin": [14.9, 1, 11.9]},
			"faces": {
				"north": {"uv": [0, 0, 1.2, 1.2], "rotation": 180, "texture": "#7"},
				"east": {"uv": [0, 0, 1.2, 1.2], "rotation": 180, "texture": "#7"},
				"south": {"uv": [0, 0, 1.2, 1.2], "rotation": 180, "texture": "#7"},
				"west": {"uv": [0, 0, 1.2, 1.2], "rotation": 180, "texture": "#7"},
				"up": {"uv": [0, 0, 1.2, 1.2], "texture": "#7"},
				"down": {"uv": [0, 0, 1.2, 1.2], "texture": "#7"}
			}
		},
		{
			"from": [14.1, 0.4, 3.3],
			"to": [15.3, 1.6, 4.5],
			"rotation": {"angle": 45, "axis": "x", "origin": [14.9, 1, 4]},
			"faces": {
				"north": {"uv": [0, 0, 1.2, 1.2], "rotation": 180, "texture": "#7"},
				"east": {"uv": [0, 0, 1.2, 1.2], "rotation": 180, "texture": "#7"},
				"south": {"uv": [0, 0, 1.2, 1.2], "rotation": 180, "texture": "#7"},
				"west": {"uv": [0, 0, 1.2, 1.2], "rotation": 180, "texture": "#7"},
				"up": {"uv": [0, 0, 1.2, 1.2], "texture": "#7"},
				"down": {"uv": [0, 0, 1.2, 1.2], "texture": "#7"}
			}
		},
		{
			"from": [0.7, 0.4, 11.3],
			"to": [1.9, 1.6, 12.5],
			"rotation": {"angle": 45, "axis": "x", "origin": [14.9, 1, 11.9]},
			"faces": {
				"north": {"uv": [0, 0, 1.2, 1.2], "rotation": 180, "texture": "#7"},
				"east": {"uv": [0, 0, 1.2, 1.2], "rotation": 180, "texture": "#7"},
				"south": {"uv": [0, 0, 1.2, 1.2], "rotation": 180, "texture": "#7"},
				"west": {"uv": [0, 0, 1.2, 1.2], "rotation": 180, "texture": "#7"},
				"up": {"uv": [0, 0, 1.2, 1.2], "texture": "#7"},
				"down": {"uv": [0, 0, 1.2, 1.2], "texture": "#7"}
			}
		},
		{
			"from": [3.6, 0.4, 0.65],
			"to": [4.8, 1.6, 1.85],
			"rotation": {"angle": 45, "axis": "z", "origin": [4.2, 1, 1.05]},
			"faces": {
				"north": {"uv": [0, 0, 1.2, 1.2], "rotation": 180, "texture": "#7"},
				"east": {"uv": [0, 0, 1.2, 1.2], "rotation": 180, "texture": "#7"},
				"south": {"uv": [0, 0, 1.2, 1.2], "rotation": 180, "texture": "#7"},
				"west": {"uv": [0, 0, 1.2, 1.2], "rotation": 180, "texture": "#7"},
				"up": {"uv": [0, 0, 1.2, 1.2], "rotation": 90, "texture": "#7"},
				"down": {"uv": [0, 0, 1.2, 1.2], "rotation": 270, "texture": "#7"}
			}
		},
		{
			"from": [11.3, 0.4, 0.75],
			"to": [12.5, 1.6, 1.95],
			"rotation": {"angle": 45, "axis": "z", "origin": [11.9, 1, 1.05]},
			"faces": {
				"north": {"uv": [0, 0, 1.2, 1.2], "rotation": 180, "texture": "#7"},
				"east": {"uv": [0, 0, 1.2, 1.2], "rotation": 180, "texture": "#7"},
				"south": {"uv": [0, 0, 1.2, 1.2], "rotation": 180, "texture": "#7"},
				"west": {"uv": [0, 0, 1.2, 1.2], "rotation": 180, "texture": "#7"},
				"up": {"uv": [0, 0, 1.2, 1.2], "rotation": 90, "texture": "#7"},
				"down": {"uv": [0, 0, 1.2, 1.2], "rotation": 270, "texture": "#7"}
			}
		},
		{
			"from": [11.275, 0.4, 14.3],
			"to": [12.475, 1.6, 15.5],
			"rotation": {"angle": 45, "axis": "z", "origin": [11.875, 1, 14.9]},
			"faces": {
				"north": {"uv": [0, 0, 1.2, 1.2], "rotation": 180, "texture": "#7"},
				"east": {"uv": [0, 0, 1.2, 1.2], "rotation": 180, "texture": "#7"},
				"south": {"uv": [0, 0, 1.2, 1.2], "rotation": 180, "texture": "#7"},
				"west": {"uv": [0, 0, 1.2, 1.2], "rotation": 180, "texture": "#7"},
				"up": {"uv": [0, 0, 1.2, 1.2], "rotation": 270, "texture": "#7"},
				"down": {"uv": [0, 0, 1.2, 1.2], "rotation": 90, "texture": "#7"}
			}
		},
		{
			"from": [3.575, 0.4, 14.3],
			"to": [4.775, 1.6, 15.5],
			"rotation": {"angle": 45, "axis": "z", "origin": [4.175, 1, 14.9]},
			"faces": {
				"north": {"uv": [0, 0, 1.2, 1.2], "rotation": 180, "texture": "#7"},
				"east": {"uv": [0, 0, 1.2, 1.2], "rotation": 180, "texture": "#7"},
				"south": {"uv": [0, 0, 1.2, 1.2], "rotation": 180, "texture": "#7"},
				"west": {"uv": [0, 0, 1.2, 1.2], "rotation": 180, "texture": "#7"},
				"up": {"uv": [0, 0, 1.2, 1.2], "rotation": 270, "texture": "#7"},
				"down": {"uv": [0, 0, 1.2, 1.2], "rotation": 90, "texture": "#7"}
			}
		},
		{
			"from": [0.7, 0.4, 3.3],
			"to": [1.9, 1.6, 4.5],
			"rotation": {"angle": 45, "axis": "x", "origin": [14.9, 1, 4]},
			"faces": {
				"north": {"uv": [0, 0, 1.2, 1.2], "rotation": 180, "texture": "#7"},
				"east": {"uv": [0, 0, 1.2, 1.2], "rotation": 180, "texture": "#7"},
				"south": {"uv": [0, 0, 1.2, 1.2], "rotation": 180, "texture": "#7"},
				"west": {"uv": [0, 0, 1.2, 1.2], "rotation": 180, "texture": "#7"},
				"up": {"uv": [0, 0, 1.2, 1.2], "texture": "#7"},
				"down": {"uv": [0, 0, 1.2, 1.2], "texture": "#7"}
			}
		},
		{
			"from": [6, 0.8, -0.3],
			"to": [7.2, 2, 0.7],
			"rotation": {"angle": 45, "axis": "z", "origin": [6.5, 1.5, 0.1]},
			"faces": {
				"north": {"uv": [0, 0, 1.2, 1.2], "texture": "#7"},
				"east": {"uv": [0, 0, 1, 1.2], "texture": "#7"},
				"south": {"uv": [0, 0, 1.2, 1.2], "texture": "#7"},
				"west": {"uv": [0, 0, 1, 1.2], "texture": "#7"},
				"up": {"uv": [0, 0, 1.2, 1], "texture": "#7"},
				"down": {"uv": [0, 0, 1.2, 1], "texture": "#7"}
			}
		},
		{
			"from": [8.8, 1, 15.2],
			"to": [10, 2.2, 16.2],
			"rotation": {"angle": 45, "axis": "z", "origin": [9.5, 1.5, -0.8]},
			"faces": {
				"north": {"uv": [0, 0, 1.2, 1.2], "texture": "#7"},
				"east": {"uv": [0, 0, 1, 1.2], "texture": "#7"},
				"south": {"uv": [0, 0, 1.2, 1.2], "texture": "#7"},
				"west": {"uv": [0, 0, 1, 1.2], "texture": "#7"},
				"up": {"uv": [0, 0, 1.2, 1], "texture": "#7"},
				"down": {"uv": [0, 0, 1.2, 1], "texture": "#7"}
			}
		},
		{
			"from": [8.8, 1, -0.3],
			"to": [10, 2.2, 0.7],
			"rotation": {"angle": 45, "axis": "z", "origin": [9.5, 1.5, -0.8]},
			"faces": {
				"north": {"uv": [0, 0, 1.2, 1.2], "texture": "#7"},
				"east": {"uv": [0, 0, 1, 1.2], "texture": "#7"},
				"south": {"uv": [0, 0, 1.2, 1.2], "texture": "#7"},
				"west": {"uv": [0, 0, 1, 1.2], "texture": "#7"},
				"up": {"uv": [0, 0, 1.2, 1], "texture": "#7"},
				"down": {"uv": [0, 0, 1.2, 1], "texture": "#7"}
			}
		},
		{
			"from": [15.1, 0.9, 8.8],
			"to": [16.3, 2.1, 10],
			"rotation": {"angle": 45, "axis": "x", "origin": [15.6, 1.3, 9.3]},
			"faces": {
				"north": {"uv": [0, 0, 1.2, 1.2], "rotation": 180, "texture": "#7"},
				"east": {"uv": [0, 0, 1.2, 1.2], "rotation": 180, "texture": "#7"},
				"south": {"uv": [0, 0, 1.2, 1.2], "rotation": 180, "texture": "#7"},
				"west": {"uv": [0, 0, 1.2, 1.2], "rotation": 180, "texture": "#7"},
				"up": {"uv": [0, 0, 1.2, 1.2], "texture": "#7"},
				"down": {"uv": [0, 0, 1.2, 1.2], "texture": "#7"}
			}
		},
		{
			"from": [-0.3, 0.8, 6.2],
			"to": [0.9, 2, 7.4],
			"rotation": {"angle": 45, "axis": "x", "origin": [15.6, 1.4, 6.7]},
			"faces": {
				"north": {"uv": [0, 0, 1.2, 1.2], "texture": "#7"},
				"east": {"uv": [0, 0, 1.2, 1.2], "texture": "#7"},
				"south": {"uv": [0, 0, 1.2, 1.2], "texture": "#7"},
				"west": {"uv": [0, 0, 1.2, 1.2], "texture": "#7"},
				"up": {"uv": [0, 0, 1.2, 1.2], "texture": "#7"},
				"down": {"uv": [0, 0, 1.2, 1.2], "texture": "#7"}
			}
		},
		{
			"from": [-0.3, 0.9, 8.8],
			"to": [0.9, 2.1, 10],
			"rotation": {"angle": 45, "axis": "x", "origin": [15.6, 1.3, 9.3]},
			"faces": {
				"north": {"uv": [0, 0, 1.2, 1.2], "rotation": 180, "texture": "#7"},
				"east": {"uv": [0, 0, 1.2, 1.2], "rotation": 180, "texture": "#7"},
				"south": {"uv": [0, 0, 1.2, 1.2], "rotation": 180, "texture": "#7"},
				"west": {"uv": [0, 0, 1.2, 1.2], "rotation": 180, "texture": "#7"},
				"up": {"uv": [0, 0, 1.2, 1.2], "texture": "#7"},
				"down": {"uv": [0, 0, 1.2, 1.2], "texture": "#7"}
			}
		},
		{
			"from": [6, 0.8, 15.2],
			"to": [7.2, 2, 16.2],
			"rotation": {"angle": 45, "axis": "z", "origin": [6.5, 1.5, 0.1]},
			"faces": {
				"north": {"uv": [0, 0, 1.2, 1.2], "texture": "#7"},
				"east": {"uv": [0, 0, 1, 1.2], "texture": "#7"},
				"south": {"uv": [0, 0, 1.2, 1.2], "texture": "#7"},
				"west": {"uv": [0, 0, 1, 1.2], "texture": "#7"},
				"up": {"uv": [0, 0, 1.2, 1], "texture": "#7"},
				"down": {"uv": [0, 0, 1.2, 1], "texture": "#7"}
			}
		},
		{
			"from": [6.15, 1, -0.4],
			"to": [7.15, 2, 0.6],
			"faces": {
				"north": {"uv": [0, 0, 16, 16], "texture": "#5"},
				"east": {"uv": [0, 0, 16, 16], "texture": "#5"},
				"south": {"uv": [0, 0, 16, 16], "texture": "#5"},
				"west": {"uv": [0, 0, 16, 16], "texture": "#5"},
				"up": {"uv": [0, 0, 16, 16], "texture": "#5"},
				"down": {"uv": [0, 0, 16, 16], "texture": "#5"}
			}
		},
		{
			"from": [8.85, 1, -0.4],
			"to": [9.85, 2, 0.6],
			"faces": {
				"north": {"uv": [0, 0, 16, 16], "texture": "#5"},
				"east": {"uv": [0, 0, 16, 16], "texture": "#5"},
				"south": {"uv": [0, 0, 16, 16], "texture": "#5"},
				"west": {"uv": [0, 0, 16, 16], "texture": "#5"},
				"up": {"uv": [0, 0, 16, 16], "texture": "#5"},
				"down": {"uv": [0, 0, 16, 16], "texture": "#5"}
			}
		},
		{
			"from": [8.85, 1, 15.3],
			"to": [9.85, 2, 16.3],
			"faces": {
				"north": {"uv": [0, 0, 16, 16], "texture": "#5"},
				"east": {"uv": [0, 0, 16, 16], "texture": "#5"},
				"south": {"uv": [0, 0, 16, 16], "texture": "#5"},
				"west": {"uv": [0, 0, 16, 16], "texture": "#5"},
				"up": {"uv": [0, 0, 16, 16], "texture": "#5"},
				"down": {"uv": [0, 0, 16, 16], "texture": "#5"}
			}
		},
		{
			"from": [6.15, 1, 15.3],
			"to": [7.15, 2, 16.3],
			"faces": {
				"north": {"uv": [0, 0, 16, 16], "texture": "#5"},
				"east": {"uv": [0, 0, 16, 16], "texture": "#5"},
				"south": {"uv": [0, 0, 16, 16], "texture": "#5"},
				"west": {"uv": [0, 0, 16, 16], "texture": "#5"},
				"up": {"uv": [0, 0, 16, 16], "texture": "#5"},
				"down": {"uv": [0, 0, 16, 16], "texture": "#5"}
			}
		},
		{
			"from": [-0.35, 0.85, 9],
			"to": [0.65, 1.85, 10],
			"faces": {
				"north": {"uv": [0, 0, 16, 16], "texture": "#5"},
				"east": {"uv": [0, 0, 16, 16], "texture": "#5"},
				"south": {"uv": [0, 0, 16, 16], "texture": "#5"},
				"west": {"uv": [0, 0, 16, 16], "texture": "#5"},
				"up": {"uv": [0, 0, 16, 16], "texture": "#5"},
				"down": {"uv": [0, 0, 16, 16], "texture": "#5"}
			}
		},
		{
			"from": [0.55, 0.5, 11.4],
			"to": [1.55, 1.5, 12.4],
			"faces": {
				"north": {"uv": [0, 0, 16, 16], "texture": "#5"},
				"east": {"uv": [0, 0, 16, 16], "texture": "#5"},
				"south": {"uv": [0, 0, 16, 16], "texture": "#5"},
				"west": {"uv": [0, 0, 16, 16], "texture": "#5"},
				"up": {"uv": [0, 0, 16, 16], "texture": "#5"},
				"down": {"uv": [0, 0, 16, 16], "texture": "#5"}
			}
		},
		{
			"from": [3.65, 0.5, 0.5],
			"to": [4.65, 1.5, 1.5],
			"rotation": {"angle": 0, "axis": "y", "origin": [5.175, 1.025, 3.925]},
			"faces": {
				"north": {"uv": [0, 0, 16, 16], "texture": "#5"},
				"east": {"uv": [0, 0, 16, 16], "texture": "#5"},
				"south": {"uv": [0, 0, 16, 16], "texture": "#5"},
				"west": {"uv": [0, 0, 16, 16], "texture": "#5"},
				"up": {"uv": [0, 0, 16, 16], "rotation": 90, "texture": "#5"},
				"down": {"uv": [0, 0, 16, 16], "rotation": 270, "texture": "#5"}
			}
		},
		{
			"from": [11.4, 0.5, 0.6],
			"to": [12.4, 1.5, 1.6],
			"rotation": {"angle": 0, "axis": "y", "origin": [12.875, 1.025, 3.925]},
			"faces": {
				"north": {"uv": [0, 0, 16, 16], "texture": "#5"},
				"east": {"uv": [0, 0, 16, 16], "texture": "#5"},
				"south": {"uv": [0, 0, 16, 16], "texture": "#5"},
				"west": {"uv": [0, 0, 16, 16], "texture": "#5"},
				"up": {"uv": [0, 0, 16, 16], "rotation": 90, "texture": "#5"},
				"down": {"uv": [0, 0, 16, 16], "rotation": 270, "texture": "#5"}
			}
		},
		{
			"from": [11.4, 0.5, 14.65],
			"to": [12.4, 1.5, 15.65],
			"rotation": {"angle": 0, "axis": "y", "origin": [8.0375, 1, 16.425]},
			"faces": {
				"north": {"uv": [0, 0, 16, 16], "texture": "#5"},
				"east": {"uv": [0, 0, 16, 16], "texture": "#5"},
				"south": {"uv": [0, 0, 16, 16], "texture": "#5"},
				"west": {"uv": [0, 0, 16, 16], "texture": "#5"},
				"up": {"uv": [0, 0, 16, 16], "rotation": 270, "texture": "#5"},
				"down": {"uv": [0, 0, 16, 16], "rotation": 90, "texture": "#5"}
			}
		},
		{
			"from": [3.7, 0.5, 14.65],
			"to": [4.7, 1.5, 15.65],
			"rotation": {"angle": 0, "axis": "y", "origin": [8.0375, 1, 16.425]},
			"faces": {
				"north": {"uv": [0, 0, 16, 16], "texture": "#5"},
				"east": {"uv": [0, 0, 16, 16], "texture": "#5"},
				"south": {"uv": [0, 0, 16, 16], "texture": "#5"},
				"west": {"uv": [0, 0, 16, 16], "texture": "#5"},
				"up": {"uv": [0, 0, 16, 16], "rotation": 270, "texture": "#5"},
				"down": {"uv": [0, 0, 16, 16], "rotation": 90, "texture": "#5"}
			}
		},
		{
			"from": [0.55, 0.55, 3.45],
			"to": [1.55, 1.55, 4.45],
			"faces": {
				"north": {"uv": [0, 0, 16, 16], "texture": "#5"},
				"east": {"uv": [0, 0, 16, 16], "texture": "#5"},
				"south": {"uv": [0, 0, 16, 16], "texture": "#5"},
				"west": {"uv": [0, 0, 16, 16], "texture": "#5"},
				"up": {"uv": [0, 0, 16, 16], "texture": "#5"},
				"down": {"uv": [0, 0, 16, 16], "texture": "#5"}
			}
		},
		{
			"from": [14.45, 0.5, 11.4],
			"to": [15.45, 1.5, 12.4],
			"faces": {
				"north": {"uv": [0, 0, 16, 16], "texture": "#5"},
				"east": {"uv": [0, 0, 16, 16], "texture": "#5"},
				"south": {"uv": [0, 0, 16, 16], "texture": "#5"},
				"west": {"uv": [0, 0, 16, 16], "texture": "#5"},
				"up": {"uv": [0, 0, 16, 16], "texture": "#5"},
				"down": {"uv": [0, 0, 16, 16], "texture": "#5"}
			}
		},
		{
			"from": [14.45, 0.5, 3.45],
			"to": [15.45, 1.5, 4.45],
			"faces": {
				"north": {"uv": [0, 0, 16, 16], "texture": "#5"},
				"east": {"uv": [0, 0, 16, 16], "texture": "#5"},
				"south": {"uv": [0, 0, 16, 16], "texture": "#5"},
				"west": {"uv": [0, 0, 16, 16], "texture": "#5"},
				"up": {"uv": [0, 0, 16, 16], "texture": "#5"},
				"down": {"uv": [0, 0, 16, 16], "texture": "#5"}
			}
		},
		{
			"from": [-0.35, 0.8, 6.25],
			"to": [0.65, 1.8, 7.25],
			"faces": {
				"north": {"uv": [0, 0, 16, 16], "texture": "#5"},
				"east": {"uv": [0, 0, 16, 16], "texture": "#5"},
				"south": {"uv": [0, 0, 16, 16], "texture": "#5"},
				"west": {"uv": [0, 0, 16, 16], "texture": "#5"},
				"up": {"uv": [0, 0, 16, 16], "texture": "#5"},
				"down": {"uv": [0, 0, 16, 16], "texture": "#5"}
			}
		},
		{
			"from": [15.35, 0.8, 6.25],
			"to": [16.35, 1.8, 7.25],
			"faces": {
				"north": {"uv": [0, 0, 16, 16], "texture": "#5"},
				"east": {"uv": [0, 0, 16, 16], "texture": "#5"},
				"south": {"uv": [0, 0, 16, 16], "texture": "#5"},
				"west": {"uv": [0, 0, 16, 16], "texture": "#5"},
				"up": {"uv": [0, 0, 16, 16], "texture": "#5"},
				"down": {"uv": [0, 0, 16, 16], "texture": "#5"}
			}
		},
		{
			"from": [15.35, 0.85, 9],
			"to": [16.35, 1.85, 10],
			"faces": {
				"north": {"uv": [0, 0, 16, 16], "texture": "#5"},
				"east": {"uv": [0, 0, 16, 16], "texture": "#5"},
				"south": {"uv": [0, 0, 16, 16], "texture": "#5"},
				"west": {"uv": [0, 0, 16, 16], "texture": "#5"},
				"up": {"uv": [0, 0, 16, 16], "texture": "#5"},
				"down": {"uv": [0, 0, 16, 16], "texture": "#5"}
			}
		}
	],
	"display": {
		"thirdperson_righthand": {
			"translation": [0, 2.75, 0],
			"scale": [0.36, 0.34, 0.34]
		},
		"thirdperson_lefthand": {
			"translation": [0, 2.75, 0],
			"scale": [0.35, 0.35, 0.35]
		},
		"firstperson_righthand": {
			"rotation": [-10, 12, 15],
			"translation": [1.25, 3.75, 0],
			"scale": [0.35, 0.35, 0.35]
		},
		"firstperson_lefthand": {
			"rotation": [15, 20, 12],
			"translation": [1.75, 3, 0],
			"scale": [0.35, 0.35, 0.35]
		},
		"ground": {
			"translation": [0, 4.25, 0],
			"scale": [0.6, 0.6, 0.6]
		},
		"gui": {
			"rotation": [31, 51, -1],
			"translation": [0, 5.5, 0]
		},
		"head": {
			"translation": [0, 13.4, 0],
			"scale": [1.1, 1.1, 1.1]
		},
		"fixed": {
			"rotation": [-90, 0, 0],
			"translation": [0, 0, -8]
		}
	},
	"groups": [
		{
			"name": "Crown Base",
			"origin": [0, 0, 0],
			"color": 0,
			"children": [0, 1, 2, 3, 4, 5, 6, 7, 8, 9, 10, 11, 12, 13, 14, 15, 16, 17, 18, 19, 20, 21, 22, 23, 24]
		},
		{
			"name": "Gem Base",
			"origin": [6.5, 1.5, 0.1],
			"color": 0,
			"children": [25, 26, 27, 28, 29, 30, 31, 32, 33, 34, 35, 36, 37, 38, 39, 40]
		},
		{
			"name": "Gems",
			"origin": [6.5, 1.5, 0.1],
			"color": 0,
			"children": [41, 42, 43, 44, 45, 46, 47, 48, 49, 50, 51, 52, 53, 54, 55, 56]
		}
	]
}