{
	"credit": "Made with Blockbench",
	"parent": "carved_pumpkin",
	"textures": {
		"0": "block/custom/hat_texture",
		"particle": "block/custom/hat_texture"
	},
	"elements": [
		{
			"from": [6, 0, 12],
			"to": [11, 1, 13],
			"rotation": {"angle": 0, "axis": "y", "origin": [8.5, 0.5, 8.5]},
			"faces": {
				"north": {"uv": [0, 0, 5, 1], "texture": "#0"},
				"east": {"uv": [0, 0, 1, 1], "texture": "#0"},
				"south": {"uv": [0, 0, 5, 1], "texture": "#0"},
				"west": {"uv": [0, 0, 1, 1], "texture": "#0"},
				"up": {"uv": [0, 0, 1, 5], "rotation": 270, "texture": "#0"},
				"down": {"uv": [0, 0, 1, 5], "rotation": 90, "texture": "#0"}
			}
		},
		{
			"from": [6, 0, 4],
			"to": [11, 1, 5],
			"rotation": {"angle": 0, "axis": "y", "origin": [8.5, 0.5, 8.5]},
			"faces": {
				"north": {"uv": [0, 0, 5, 1], "texture": "#0"},
				"east": {"uv": [0, 0, 1, 1], "texture": "#0"},
				"south": {"uv": [0, 0, 5, 1], "texture": "#0"},
				"west": {"uv": [0, 0, 1, 1], "texture": "#0"},
				"up": {"uv": [0, 0, 1, 5], "rotation": 270, "texture": "#0"},
				"down": {"uv": [0, 0, 1, 5], "rotation": 90, "texture": "#0"}
			}
		},
		{
			"from": [12, 0, 6],
			"to": [13, 1, 11],
			"faces": {
				"north": {"uv": [0, 0, 1, 1], "texture": "#0"},
				"east": {"uv": [0, 0, 5, 1], "texture": "#0"},
				"south": {"uv": [0, 0, 1, 1], "texture": "#0"},
				"west": {"uv": [0, 0, 5, 1], "texture": "#0"},
				"up": {"uv": [0, 0, 1, 5], "texture": "#0"},
				"down": {"uv": [0, 0, 1, 5], "texture": "#0"}
			}
		},
		{
			"from": [4, 0, 6],
			"to": [5, 1, 11],
			"faces": {
				"north": {"uv": [0, 0, 1, 1], "texture": "#0"},
				"east": {"uv": [0, 0, 5, 1], "texture": "#0"},
				"south": {"uv": [0, 0, 1, 1], "texture": "#0"},
				"west": {"uv": [0, 0, 5, 1], "texture": "#0"},
				"up": {"uv": [0, 0, 1, 5], "texture": "#0"},
				"down": {"uv": [0, 0, 1, 5], "texture": "#0"}
			}
		},
		{
			"from": [5, 0, 5],
			"to": [12, 1, 12],
			"faces": {
				"north": {"uv": [0, 0, 7, 1], "texture": "#0"},
				"east": {"uv": [0, 0, 7, 1], "texture": "#0"},
				"south": {"uv": [0, 0, 7, 1], "texture": "#0"},
				"west": {"uv": [0, 0, 7, 1], "texture": "#0"},
				"up": {"uv": [0, 0, 7, 7], "texture": "#0"},
				"down": {"uv": [0, 0, 7, 7], "texture": "#0"}
			}
		},
		{
			"from": [7, 1, 7],
			"to": [10, 9, 10],
			"faces": {
				"north": {"uv": [0, 0, 3, 8], "texture": "#0"},
				"east": {"uv": [0, 0, 3, 8], "texture": "#0"},
				"south": {"uv": [0, 0, 3, 8], "texture": "#0"},
				"west": {"uv": [0, 0, 3, 8], "texture": "#0"},
				"up": {"uv": [0, 0, 3, 3], "texture": "#0"},
				"down": {"uv": [0, 0, 3, 3], "texture": "#0"}
			}
		},
		{
			"from": [7, 1, 6],
			"to": [10, 8, 7],
			"faces": {
				"north": {"uv": [0, 9, 3, 16], "texture": "#0"},
				"east": {"uv": [4, 9, 5, 16], "texture": "#0"},
				"south": {"uv": [1, 0, 4, 7], "texture": "#0"},
				"west": {"uv": [3, 9, 4, 16], "texture": "#0"},
				"up": {"uv": [0, 0, 3, 1], "texture": "#0"},
				"down": {"uv": [0, 0, 3, 1], "texture": "#0"}
			}
		},
		{
			"from": [7, 1, 10],
			"to": [10, 8, 11],
			"faces": {
				"north": {"uv": [5, 9, 8, 16], "texture": "#0"},
				"east": {"uv": [3, 9, 4, 16], "texture": "#0"},
				"south": {"uv": [0, 9, 3, 16], "texture": "#0"},
				"west": {"uv": [4, 9, 5, 16], "texture": "#0"},
				"up": {"uv": [0, 0, 3, 1], "texture": "#0"},
				"down": {"uv": [0, 0, 3, 1], "texture": "#0"}
			}
		},
		{
			"from": [10, 1, 7],
			"to": [11, 8, 10],
			"rotation": {"angle": 0, "axis": "y", "origin": [8.5, 4.5, 8.5]},
			"faces": {
				"north": {"uv": [3, 9, 4, 16], "texture": "#0"},
				"east": {"uv": [0, 9, 3, 16], "texture": "#0"},
				"south": {"uv": [4, 9, 5, 16], "texture": "#0"},
				"west": {"uv": [0, 0, 3, 7], "texture": "#0"},
				"up": {"uv": [0, 0, 3, 1], "rotation": 270, "texture": "#0"},
				"down": {"uv": [0, 0, 3, 1], "rotation": 90, "texture": "#0"}
			}
		},
		{
			"from": [6, 1, 7],
			"to": [7, 8, 10],
			"rotation": {"angle": 0, "axis": "y", "origin": [8.5, 4.5, 8.5]},
			"faces": {
				"north": {"uv": [7, 9, 8, 16], "texture": "#0"},
				"east": {"uv": [3, 9, 6, 16], "texture": "#0"},
				"south": {"uv": [6, 9, 7, 16], "texture": "#0"},
				"west": {"uv": [0, 9, 3, 16], "texture": "#0"},
				"up": {"uv": [0, 0, 3, 1], "rotation": 270, "texture": "#0"},
				"down": {"uv": [0, 0, 3, 1], "rotation": 90, "texture": "#0"}
			}
		}
	],
	"display": {
		"thirdperson_righthand": {
			"translation": [0, 8.25, 0]
		},
		"thirdperson_lefthand": {
			"translation": [0, 7.25, 0]
		},
		"firstperson_righthand": {
			"translation": [0, 6.5, 0]
		},
		"firstperson_lefthand": {
			"translation": [0, 7.75, 0]
		},
		"ground": {
			"translation": [0, 5.25, 0]
		},
		"gui": {
			"rotation": [-160.21, 46.49, -178.13]
		},
		"head": {
			"translation": [-1.25, 27.5, -1.25],
			"scale": [3, 3, 3]
		},
		"fixed": {
			"rotation": [-171.46, 35.23, -165.43],
			"translation": [0, 2, 0]
		}
	},
	"groups": [
		{
			"name": "base",
			"origin": [0, 0, 0],
			"color": 0,
			"children": [0, 1, 2, 3, 4]
		},
		{
			"name": "group",
			"origin": [0, 0, 0],
			"color": 0,
			"children": [5, 6, 7, 8, 9]
		}
	]
}