{
	"credit": "Made with Blockbench",
	"textures": {
		"0": "block/green_concrete",
		"1": "block/lime_concrete",
		"particle": "block/green_concrete"
	},
	"elements": [
		{
			"from": [0, 0, 0],
			"to": [3, 8, 3],
			"faces": {
				"north": {"uv": [0, 0, 3, 8], "texture": "#0"},
				"east": {"uv": [0, 0, 3, 8], "texture": "#0"},
				"south": {"uv": [0, 0, 3, 8], "texture": "#0"},
				"west": {"uv": [0, 0, 3, 8], "texture": "#0"},
				"up": {"uv": [0, 0, 3, 3], "texture": "#0"},
				"down": {"uv": [0, 0, 3, 3], "texture": "#0"}
			}
		},
		{
			"from": [5, 0, 0],
			"to": [8, 8, 3],
			"faces": {
				"north": {"uv": [0, 0, 3, 8], "texture": "#0"},
				"east": {"uv": [0, 0, 3, 8], "texture": "#0"},
				"south": {"uv": [0, 0, 3, 8], "texture": "#0"},
				"west": {"uv": [0, 0, 3, 8], "texture": "#0"},
				"up": {"uv": [0, 0, 3, 3], "texture": "#0"},
				"down": {"uv": [0, 0, 3, 3], "texture": "#0"}
			}
		},
		{
			"from": [5, 0, 5],
			"to": [8, 8, 8],
			"faces": {
				"north": {"uv": [0, 0, 3, 8], "texture": "#0"},
				"east": {"uv": [0, 0, 3, 8], "texture": "#0"},
				"south": {"uv": [0, 0, 3, 8], "texture": "#0"},
				"west": {"uv": [0, 0, 3, 8], "texture": "#0"},
				"up": {"uv": [0, 0, 3, 3], "texture": "#0"},
				"down": {"uv": [0, 0, 3, 3], "texture": "#0"}
			}
		},
		{
			"from": [0, 0, 5],
			"to": [3, 8, 8],
			"faces": {
				"north": {"uv": [0, 0, 3, 8], "texture": "#0"},
				"east": {"uv": [0, 0, 3, 8], "texture": "#0"},
				"south": {"uv": [0, 0, 3, 8], "texture": "#0"},
				"west": {"uv": [0, 0, 3, 8], "texture": "#0"},
				"up": {"uv": [0, 0, 3, 3], "texture": "#0"},
				"down": {"uv": [0, 0, 3, 3], "texture": "#0"}
			}
		},
		{
			"from": [3, 0, 0],
			"to": [5, 8, 8],
			"faces": {
				"north": {"uv": [0, 0, 2, 8], "texture": "#1"},
				"east": {"uv": [0, 0, 8, 8], "texture": "#1"},
				"south": {"uv": [0, 0, 2, 8], "texture": "#1"},
				"west": {"uv": [0, 0, 8, 8], "texture": "#1"},
				"up": {"uv": [0, 0, 2, 8], "texture": "#1"},
				"down": {"uv": [0, 0, 2, 8], "texture": "#1"}
			}
		},
		{
			"from": [0, 0, 3],
			"to": [3, 8, 5],
			"faces": {
				"north": {"uv": [0, 0, 3, 8], "texture": "#1"},
				"east": {"uv": [0, 0, 2, 8], "texture": "#1"},
				"south": {"uv": [0, 0, 3, 8], "texture": "#1"},
				"west": {"uv": [0, 0, 2, 8], "texture": "#1"},
				"up": {"uv": [0, 0, 3, 2], "texture": "#1"},
				"down": {"uv": [0, 0, 3, 2], "texture": "#1"}
			}
		},
		{
			"from": [5, 0, 3],
			"to": [8, 8, 5],
			"faces": {
				"north": {"uv": [0, 0, 3, 8], "texture": "#1"},
				"east": {"uv": [0, 0, 2, 8], "texture": "#1"},
				"south": {"uv": [0, 0, 3, 8], "texture": "#1"},
				"west": {"uv": [0, 0, 2, 8], "texture": "#1"},
				"up": {"uv": [0, 0, 3, 2], "texture": "#1"},
				"down": {"uv": [0, 0, 3, 2], "texture": "#1"}
			}
		},
		{
			"from": [4, 8, 2.5],
			"to": [4, 9, 5.5],
			"faces": {
				"north": {"uv": [0, 0, 0, 1], "texture": "#1"},
				"east": {"uv": [0, 0, 3, 1], "texture": "#1"},
				"south": {"uv": [0, 0, 0, 1], "texture": "#1"},
				"west": {"uv": [0, 0, 3, 1], "texture": "#1"},
				"up": {"uv": [0, 0, 0, 3], "texture": "#1"},
				"down": {"uv": [0, 0, 0, 3], "texture": "#1"}
			}
		},
		{
			"from": [4, 9, 1.5],
			"to": [4, 10, 2.5],
			"faces": {
				"north": {"uv": [0, 0, 0, 1], "texture": "#1"},
				"east": {"uv": [0, 0, 1, 1], "texture": "#1"},
				"south": {"uv": [0, 0, 0, 1], "texture": "#1"},
				"west": {"uv": [0, 0, 1, 1], "texture": "#1"},
				"up": {"uv": [0, 0, 0, 1], "texture": "#1"},
				"down": {"uv": [0, 0, 0, 1], "texture": "#1"}
			}
		},
		{
			"from": [4, 10, 2.5],
			"to": [4, 11, 3.5],
			"faces": {
				"north": {"uv": [0, 0, 0, 1], "texture": "#1"},
				"east": {"uv": [0, 0, 1, 1], "texture": "#1"},
				"south": {"uv": [0, 0, 0, 1], "texture": "#1"},
				"west": {"uv": [0, 0, 1, 1], "texture": "#1"},
				"up": {"uv": [0, 0, 0, 1], "texture": "#1"},
				"down": {"uv": [0, 0, 0, 1], "texture": "#1"}
			}
		},
		{
			"from": [4, 10, 4.5],
			"to": [4, 11, 5.5],
			"faces": {
				"north": {"uv": [0, 0, 0, 1], "texture": "#1"},
				"east": {"uv": [0, 0, 1, 1], "texture": "#1"},
				"south": {"uv": [0, 0, 0, 1], "texture": "#1"},
				"west": {"uv": [0, 0, 1, 1], "texture": "#1"},
				"up": {"uv": [0, 0, 0, 1], "texture": "#1"},
				"down": {"uv": [0, 0, 0, 1], "texture": "#1"}
			}
		},
		{
			"from": [4, 9, 3.5],
			"to": [4, 10, 4.5],
			"faces": {
				"north": {"uv": [0, 0, 0, 1], "texture": "#1"},
				"east": {"uv": [0, 0, 1, 1], "texture": "#1"},
				"south": {"uv": [0, 0, 0, 1], "texture": "#1"},
				"west": {"uv": [0, 0, 1, 1], "texture": "#1"},
				"up": {"uv": [0, 0, 0, 1], "texture": "#1"},
				"down": {"uv": [0, 0, 0, 1], "texture": "#1"}
			}
		},
		{
			"from": [4, 9, 5.5],
			"to": [4, 10, 6.5],
			"faces": {
				"north": {"uv": [0, 0, 0, 1], "texture": "#1"},
				"east": {"uv": [0, 0, 1, 1], "texture": "#1"},
				"south": {"uv": [0, 0, 0, 1], "texture": "#1"},
				"west": {"uv": [0, 0, 1, 1], "texture": "#1"},
				"up": {"uv": [0, 0, 0, 1], "texture": "#1"},
				"down": {"uv": [0, 0, 0, 1], "texture": "#1"}
			}
		},
		{
			"from": [5.5, 9, 4],
			"to": [6.5, 10, 4],
			"rotation": {"angle": 0, "axis": "y", "origin": [4, 9.5, 4]},
			"faces": {
				"north": {"uv": [0, 0, 1, 1], "texture": "#1"},
				"east": {"uv": [0, 0, 0, 1], "texture": "#1"},
				"south": {"uv": [0, 0, 1, 1], "texture": "#1"},
				"west": {"uv": [0, 0, 0, 1], "texture": "#1"},
				"up": {"uv": [0, 0, 0, 1], "rotation": 270, "texture": "#1"},
				"down": {"uv": [0, 0, 0, 1], "rotation": 90, "texture": "#1"}
			}
		},
		{
			"from": [3.5, 9, 4],
			"to": [4.5, 10, 4],
			"rotation": {"angle": 0, "axis": "y", "origin": [4, 9.5, 4]},
			"faces": {
				"north": {"uv": [0, 0, 1, 1], "texture": "#1"},
				"east": {"uv": [0, 0, 0, 1], "texture": "#1"},
				"south": {"uv": [0, 0, 1, 1], "texture": "#1"},
				"west": {"uv": [0, 0, 0, 1], "texture": "#1"},
				"up": {"uv": [0, 0, 0, 1], "rotation": 270, "texture": "#1"},
				"down": {"uv": [0, 0, 0, 1], "rotation": 90, "texture": "#1"}
			}
		},
		{
			"from": [4.5, 10, 4],
			"to": [5.5, 11, 4],
			"rotation": {"angle": 0, "axis": "y", "origin": [4, 9.5, 4]},
			"faces": {
				"north": {"uv": [0, 0, 1, 1], "texture": "#1"},
				"east": {"uv": [0, 0, 0, 1], "texture": "#1"},
				"south": {"uv": [0, 0, 1, 1], "texture": "#1"},
				"west": {"uv": [0, 0, 0, 1], "texture": "#1"},
				"up": {"uv": [0, 0, 0, 1], "rotation": 270, "texture": "#1"},
				"down": {"uv": [0, 0, 0, 1], "rotation": 90, "texture": "#1"}
			}
		},
		{
			"from": [2.5, 10, 4],
			"to": [3.5, 11, 4],
			"rotation": {"angle": 0, "axis": "y", "origin": [4, 9.5, 4]},
			"faces": {
				"north": {"uv": [0, 0, 1, 1], "texture": "#1"},
				"east": {"uv": [0, 0, 0, 1], "texture": "#1"},
				"south": {"uv": [0, 0, 1, 1], "texture": "#1"},
				"west": {"uv": [0, 0, 0, 1], "texture": "#1"},
				"up": {"uv": [0, 0, 0, 1], "rotation": 270, "texture": "#1"},
				"down": {"uv": [0, 0, 0, 1], "rotation": 90, "texture": "#1"}
			}
		},
		{
			"from": [1.5, 9, 4],
			"to": [2.5, 10, 4],
			"rotation": {"angle": 0, "axis": "y", "origin": [4, 9.5, 4]},
			"faces": {
				"north": {"uv": [0, 0, 1, 1], "texture": "#1"},
				"east": {"uv": [0, 0, 0, 1], "texture": "#1"},
				"south": {"uv": [0, 0, 1, 1], "texture": "#1"},
				"west": {"uv": [0, 0, 0, 1], "texture": "#1"},
				"up": {"uv": [0, 0, 0, 1], "rotation": 270, "texture": "#1"},
				"down": {"uv": [0, 0, 0, 1], "rotation": 90, "texture": "#1"}
			}
		},
		{
			"from": [2.5, 8, 4],
			"to": [5.5, 9, 4],
			"rotation": {"angle": 0, "axis": "y", "origin": [4, 9.5, 4]},
			"faces": {
				"north": {"uv": [0, 0, 3, 1], "texture": "#1"},
				"east": {"uv": [0, 0, 0, 1], "texture": "#1"},
				"south": {"uv": [0, 0, 3, 1], "texture": "#1"},
				"west": {"uv": [0, 0, 0, 1], "texture": "#1"},
				"up": {"uv": [0, 0, 0, 3], "rotation": 270, "texture": "#1"},
				"down": {"uv": [0, 0, 0, 3], "rotation": 90, "texture": "#1"}
			}
		}
	],
	"display": {
		"thirdperson_righthand": {
			"rotation": [0.24, -8.5, 3.57],
			"translation": [1.5, 4, 4.5],
			"scale": [0.5, 0.5, 0.5]
		},
		"thirdperson_lefthand": {
			"rotation": [1.26, -18.17, 7.83],
			"translation": [-3.5, 3.75, 3],
			"scale": [0.5, 0.5, 0.5]
		},
		"firstperson_righthand": {
			"translation": [4.75, 2, 0],
			"scale": [0.6, 0.6, 0.6]
		},
		"firstperson_lefthand": {
			"translation": [0, 1.25, 0],
			"scale": [0.6, 0.6, 0.6]
		},
		"ground": {
			"translation": [4.25, 3.75, 3.5]
		},
		"gui": {
			"rotation": [23.25, -25.5, 0],
			"translation": [2, 1, 0]
		},
		"head": {
			"rotation": [0, 45, 0],
			"translation": [5.75, 14.5, 0.25]
		},
		"fixed": {
			"rotation": [-90, 0, 0],
			"translation": [3.75, 1.5, -6.75]
		}
	}
}