{
	"credit": "Made with Blockbench",
	"textures": {
		"0": "block/pumpkin_side",
		"1": "block/pumpkin_top",
		"3": "block/stripped_spruce_log",
		"particle": "block/pumpkin_side"
	},
	"elements": [
		{
			"from": [3, 0, 3],
			"to": [13, 10, 13],
			"faces": {
				"north": {"uv": [5, 1, 15, 11], "texture": "#0"},
				"east": {"uv": [5, 1, 15, 11], "texture": "#0"},
				"south": {"uv": [0, 1, 10, 11], "texture": "#0"},
				"west": {"uv": [3, 1, 13, 11], "texture": "#0"},
				"up": {"uv": [13, 3, 3, 13], "texture": "#1"},
				"down": {"uv": [4, 3, 14, 13], "texture": "#0"}
			}
		},
		{
			"from": [8, 10, 6],
			"to": [10, 12, 8],
			"faces": {
				"north": {"uv": [14, 7, 16, 9], "texture": "#3"},
				"east": {"uv": [14, 7, 16, 9], "texture": "#3"},
				"south": {"uv": [14, 7, 16, 9], "texture": "#3"},
				"west": {"uv": [14, 7, 16, 9], "texture": "#3"},
				"up": {"uv": [14, 7, 16, 9], "texture": "#3"},
				"down": {"uv": [14, 7, 16, 9], "texture": "#3"}
			}
		},
		{
			"from": [9, 11, 5],
			"to": [11, 13, 7],
			"faces": {
				"north": {"uv": [14, 2, 16, 4], "texture": "#3"},
				"east": {"uv": [14, 2, 16, 4], "texture": "#3"},
				"south": {"uv": [14, 2, 16, 4], "texture": "#3"},
				"west": {"uv": [14, 2, 16, 4], "texture": "#3"},
				"up": {"uv": [14, 2, 16, 4], "texture": "#3"},
				"down": {"uv": [14, 2, 16, 4], "texture": "#3"}
			}
		}
	],
	"display": {
		"thirdperson_righthand": {
			"rotation": [164.78, -87.59, 165.95],
			"translation": [0, 3, 1.5],
			"scale": [0.4, 0.4, 0.4]
		},
		"thirdperson_lefthand": {
			"translation": [0, 3, 0.5],
			"scale": [0.4, 0.4, 0.4]
		},
		"firstperson_righthand": {
			"rotation": [-180, -43.25, -180],
			"translation": [0, 3, 0],
			"scale": [0.5, 0.5, 0.5]
		},
		"firstperson_lefthand": {
			"rotation": [180, 52.5, -180],
			"translation": [0, 3.25, 0],
			"scale": [0.5, 0.5, 0.5]
		},
		"ground": {
			"scale": [0.4, 0.4, 0.4]
		},
		"gui": {
			"rotation": [13.9, 40.35, -0.06],
			"translation": [0, -1.25, 0],
			"scale": [0.7, 0.7, 0.7]
		},
		"head": {
			"rotation": [0, 46.5, 0],
			"translation": [0, 7.25, 0],
			"scale": [0.09, 0.09, 0.09]
		},
		"fixed": {
			"rotation": [-89.25, 0, 0],
			"translation": [0, 0, -6.75]
		}
	}
}