{
	"credit": "",
	"textures": {
		"0": "block/barrel_top",
		"1": "block/barrel_bottom",
		"2": "block/barrel_side",
		"particle": "block/custom/barrel_top"
	},
	"elements": [
		{
			"from": [0.5, 0, 0.5],
			"to": [15.5, 8, 2],
			"faces": {
				"north": {"uv": [0, 0, 16, 8], "texture": "#2"},
				"east": {"uv": [0, 0, 2, 8], "texture": "#2"},
				"south": {"uv": [1, 1, 15, 8], "texture": "#1"},
				"west": {"uv": [0, 0, 2, 8], "texture": "#2"},
				"up": {"uv": [0, 0, 15, 1.5], "texture": "#1"},
				"down": {"uv": [0, 0, 16, 2], "rotation": 180, "texture": "#1"}
			}
		},
		{
			"from": [0.5, 0, 14],
			"to": [15.5, 8, 15.5],
			"faces": {
				"north": {"uv": [1, 1, 15, 8], "texture": "#1"},
				"east": {"uv": [0, 0, 2, 8], "texture": "#2"},
				"south": {"uv": [0, 0, 16, 8], "texture": "#2"},
				"west": {"uv": [0, 0, 2, 8], "texture": "#2"},
				"up": {"uv": [0, 0, 15, 1.5], "texture": "#1"},
				"down": {"uv": [0, 0, 2, 16], "rotation": 90, "texture": "#1"}
			}
		},
		{
			"from": [0.5, 0, 2],
			"to": [2, 8, 14],
			"faces": {
				"north": {"uv": [0, 0, 1.5, 8], "texture": "#1"},
				"east": {"uv": [1, 1, 15, 8], "texture": "#1"},
				"south": {"uv": [0, 0, 1.5, 8], "texture": "#1"},
				"west": {"uv": [1, 0, 15, 8], "texture": "#2"},
				"up": {"uv": [0, 0, 1.5, 12], "texture": "#1"},
				"down": {"uv": [0, 2, 2, 14], "texture": "#1"}
			}
		},
		{
			"from": [14, 0, 2],
			"to": [15.5, 8, 14],
			"faces": {
				"north": {"uv": [0, 0, 1.5, 8], "texture": "#missing"},
				"east": {"uv": [1, 0, 15, 8], "texture": "#2"},
				"south": {"uv": [0, 0, 1.5, 8], "texture": "#missing"},
				"west": {"uv": [1, 1, 15, 8], "texture": "#1"},
				"up": {"uv": [0, 0, 1.5, 12], "texture": "#missing"},
				"down": {"uv": [14, 2, 16, 14], "texture": "#1"}
			}
		},
		{
			"from": [2, 0, 2],
			"to": [14, 2, 14],
			"faces": {
				"north": {"uv": [0, 0, 12, 2], "texture": "#1"},
				"east": {"uv": [0, 0, 12, 2], "texture": "#1"},
				"south": {"uv": [0, 0, 12, 2], "texture": "#1"},
				"west": {"uv": [0, 0, 12, 2], "texture": "#1"},
				"up": {"uv": [2, 2, 14, 14], "texture": "#1"},
				"down": {"uv": [2, 2, 14, 14], "texture": "#1"}
			}
		},
		{
			"from": [0, 7, 0],
			"to": [16, 8.25, 2.25],
			"faces": {
				"north": {"uv": [16, 0, 0, 1], "texture": "#0"},
				"east": {"uv": [2.25, 0, 0, 1], "texture": "#0"},
				"south": {"uv": [16, 0, 0, 1], "texture": "#0"},
				"west": {"uv": [2.25, 0, 0, 1], "texture": "#0"},
				"up": {"uv": [0, 2.25, 16, 0.25], "rotation": 180, "texture": "#0"},
				"down": {"uv": [0, 2.25, 16, 0], "texture": "#0"}
			}
		},
		{
			"from": [0, 7, 13.75],
			"to": [16, 8.25, 16],
			"rotation": {"angle": 0, "axis": "y", "origin": [0, 0, 16]},
			"faces": {
				"north": {"uv": [16, 0, 0, 1], "texture": "#0"},
				"east": {"uv": [2.25, 0, 0, 1], "texture": "#0"},
				"south": {"uv": [16, 0, 0, 1], "texture": "#0"},
				"west": {"uv": [2.25, 0, 0, 1], "texture": "#0"},
				"up": {"uv": [0, 2.25, 16, 0.25], "texture": "#0"},
				"down": {"uv": [0, 2.25, 16, 0], "rotation": 180, "texture": "#0"}
			}
		},
		{
			"from": [0, 7, 2.25],
			"to": [2.25, 8.25, 13.75],
			"rotation": {"angle": 0, "axis": "y", "origin": [8, 7.625, 8]},
			"faces": {
				"north": {"uv": [2.25, 0, 4.5, 1.25], "texture": "#0"},
				"east": {"uv": [0, 0, 11.5, 1], "texture": "#0"},
				"south": {"uv": [2.25, 0, 4.5, 1.25], "texture": "#0"},
				"west": {"uv": [0, 0, 11.5, 1], "texture": "#0"},
				"up": {"uv": [2, 0, 13.5, 2], "rotation": 90, "texture": "#0"},
				"down": {"uv": [2, 0.25, 13.5, 2.5], "rotation": 270, "texture": "#0"}
			}
		},
		{
			"from": [13.75, 7, 2.25],
			"to": [16, 8.25, 13.75],
			"rotation": {"angle": 0, "axis": "y", "origin": [8, 7.625, 8]},
			"faces": {
				"north": {"uv": [0, 0, 2.25, 1.25], "texture": "#missing"},
				"east": {"uv": [0, 0, 11.5, 1], "texture": "#0"},
				"south": {"uv": [0, 0, 2.25, 1.25], "texture": "#missing"},
				"west": {"uv": [0, 0, 11.5, 1], "texture": "#0"},
				"up": {"uv": [2, 0, 13.5, 2], "rotation": 90, "texture": "#0"},
				"down": {"uv": [2, 0.25, 13.5, 2.5], "rotation": 270, "texture": "#0"}
			}
		},
		{
			"from": [14.25, 6.75, 7],
			"to": [16.25, 9, 9],
			"faces": {
				"north": {"uv": [4, 3, 6, 5], "texture": "#2"},
				"east": {"uv": [4, 3, 6, 5], "texture": "#2"},
				"south": {"uv": [4, 3, 6, 5], "texture": "#2"},
				"west": {"uv": [4, 3, 6, 5], "texture": "#2"},
				"up": {"uv": [4, 3, 6, 5], "texture": "#2"},
				"down": {"uv": [4, 3, 6, 5], "texture": "#2"}
			}
		},
		{
			"from": [-0.25, 6.75, 7],
			"to": [1.75, 9, 9],
			"rotation": {"angle": 0, "axis": "y", "origin": [16, 0, 0]},
			"faces": {
				"north": {"uv": [4, 3, 6, 5], "texture": "#2"},
				"east": {"uv": [4, 3, 6, 5], "texture": "#2"},
				"south": {"uv": [4, 3, 6, 5], "texture": "#2"},
				"west": {"uv": [4, 3, 6, 5], "texture": "#2"},
				"up": {"uv": [4, 3, 6, 5], "texture": "#2"},
				"down": {"uv": [4, 3, 6, 5], "texture": "#2"}
			}
		},
		{
			"from": [0.25, 9, 7],
			"to": [1.25, 19, 9],
			"faces": {
				"north": {"uv": [0, 0, 1, 10], "texture": "#0"},
				"east": {"uv": [0, 0, 2, 10], "texture": "#0"},
				"south": {"uv": [0, 0, 1, 10], "texture": "#0"},
				"west": {"uv": [13, 1, 15, 11], "texture": "#0"},
				"up": {"uv": [0, 0, 1, 2], "texture": "#0"},
				"down": {"uv": [0, 0, 1, 2], "texture": "#0"}
			}
		},
		{
			"from": [14.75, 9, 7],
			"to": [15.75, 19, 9],
			"rotation": {"angle": 0, "axis": "y", "origin": [16, 0, 0]},
			"faces": {
				"north": {"uv": [1, 0, 0, 10], "texture": "#0"},
				"east": {"uv": [15, 1, 13, 11], "texture": "#0"},
				"south": {"uv": [1, 0, 0, 10], "texture": "#0"},
				"west": {"uv": [2, 0, 0, 10], "texture": "#0"},
				"up": {"uv": [1, 0, 0, 2], "texture": "#0"},
				"down": {"uv": [1, 0, 0, 2], "texture": "#0"}
			}
		},
		{
			"from": [1.25, 18, 7],
			"to": [14.75, 19, 9],
			"rotation": {"angle": 0, "axis": "z", "origin": [15.25, 25, 8]},
			"faces": {
				"north": {"uv": [1, 1, 2, 14], "rotation": 90, "texture": "#0"},
				"east": {"uv": [1, 0, 2, 2], "rotation": 270, "texture": "#0"},
				"south": {"uv": [1, 0, 2, 13], "rotation": 270, "texture": "#0"},
				"west": {"uv": [1, 0, 2, 2], "rotation": 270, "texture": "#0"},
				"up": {"uv": [1, 0, 3, 13], "rotation": 270, "texture": "#0"},
				"down": {"uv": [1, 0, 3, 13], "rotation": 270, "texture": "#0"}
			}
		}
	],
	"display": {
		"thirdperson_righthand": {
			"rotation": [89.75, 0, 0],
			"translation": [0, -1.5, -5.25],
			"scale": [0.5, 0.5, 0.5]
		},
		"thirdperson_lefthand": {
			"rotation": [89.75, 0, 0],
			"translation": [0, -1.5, -5.25],
			"scale": [0.5, 0.5, 0.5]
		},
		"firstperson_righthand": {
			"scale": [0.5, 0.5, 0.5]
		},
		"firstperson_lefthand": {
			"scale": [0.5, 0.5, 0.5]
		},
		"ground": {
			"translation": [0, 2.25, 0],
			"scale": [0.5, 0.5, 0.5]
		},
		"gui": {
			"rotation": [35, -35, 0],
			"scale": [0.5, 0.5, 0.5]
		},
		"head": {
			"translation": [0, 13.25, 0]
		},
		"fixed": {
			"rotation": [-90, 0, 0],
			"translation": [0, 0, -6.75]
		}
	}
}